open_time,open,high,low,close,volume
2026-02-27 19:16:00,65261.33,65310.0,65261.33,65301.78,1.27793
2026-02-27 19:17:00,65301.79,65347.15,65301.79,65309.17,5.89478
2026-02-27 19:18:00,65309.18,65320.6,65232.62,65232.62,5.29998
2026-02-27 19:19:00,65232.63,65232.63,65214.0,65218.5,2.20261
2026-02-27 19:20:00,65218.51,65251.31,65214.0,65245.01,45.02264
2026-02-27 19:21:00,65245.0,65265.44,65240.0,65265.43,62.66585
2026-02-27 19:22:00,65265.43,65280.85,65236.0,65242.29,11.81681
2026-02-27 19:23:00,65242.28,65270.48,65230.14,65264.23,1.88862
2026-02-27 19:24:00,65264.23,65350.0,65264.23,65334.75,7.72125
2026-02-27 19:25:00,65334.76,65334.76,65282.0,65282.0,2.84335
2026-02-27 19:26:00,65282.0,65320.33,65270.49,65314.65,2.71288
2026-02-27 19:27:00,65314.65,65414.78,65314.64,65414.78,17.0363
2026-02-27 19:28:00,65414.77,65420.35,65372.87,65378.79,5.76433
2026-02-27 19:29:00,65378.79,65378.79,65339.58,65339.58,3.86877
2026-02-27 19:30:00,65339.59,65342.33,65336.21,65337.58,1.44523
2026-02-27 19:31:00,65337.59,65390.76,65337.58,65390.54,5.06109
2026-02-27 19:32:00,65390.54,65390.54,65353.0,65382.38,30.69766
2026-02-27 19:33:00,65382.38,65398.81,65382.37,65394.0,49.73432
2026-02-27 19:34:00,65393.99,65394.0,65359.0,65359.01,86.49262
2026-02-27 19:35:00,65359.0,65394.0,65359.0,65394.0,27.69394
2026-02-27 19:36:00,65393.99,65393.99,65354.52,65384.55,4.36532
2026-02-27 19:37:00,65384.54,65414.08,65384.54,65400.0,35.34374
2026-02-27 19:38:00,65400.01,65400.01,65348.84,65348.84,5.19119
2026-02-27 19:39:00,65348.85,65360.8,65348.0,65356.05,16.24783
2026-02-27 19:40:00,65356.04,65365.24,65348.0,65357.58,36.62658
2026-02-27 19:41:00,65357.59,65420.81,65357.59,65390.82,43.66028
2026-02-27 19:42:00,65390.82,65390.82,65354.48,65356.17,1.94238
2026-02-27 19:43:00,65356.17,65361.24,65356.16,65356.16,1.20285
2026-02-27 19:44:00,65356.17,65356.17,65250.0,65293.63,11.29296
2026-02-27 19:45:00,65293.64,65347.28,65293.64,65324.04,3.92121
2026-02-27 19:46:00,65324.03,65324.04,65295.75,65319.92,6.01885
2026-02-27 19:47:00,65319.92,65332.46,65300.0,65300.01,1.48012
2026-02-27 19:48:00,65300.0,65307.8,65295.26,65303.19,4.63934
2026-02-27 19:49:00,65303.18,65303.19,65264.9,65275.86,2.83978
2026-02-27 19:50:00,65275.86,65321.25,65258.41,65318.84,5.3442
2026-02-27 19:51:00,65318.83,65412.33,65318.83,65399.25,19.91956
2026-02-27 19:52:00,65399.25,65407.55,65377.29,65407.54,3.36306
2026-02-27 19:53:00,65407.55,65425.0,65386.42,65423.5,67.52812
2026-02-27 19:54:00,65423.5,65447.92,65389.35,65436.5,42.84571
2026-02-27 19:55:00,65436.49,65443.26,65402.0,65433.87,6.6189
2026-02-27 19:56:00,65433.86,65433.87,65403.8,65407.36,3.26833
2026-02-27 19:57:00,65407.37,65457.35,65407.36,65454.5,4.60152
2026-02-27 19:58:00,65454.5,65457.35,65410.93,65410.94,5.2071
2026-02-27 19:59:00,65410.94,65416.66,65388.89,65392.18,2.89403
2026-02-27 20:00:00,65392.18,65435.0,65392.18,65428.33,4.46429
2026-02-27 20:01:00,65428.33,65457.35,65409.76,65450.61,13.44639
2026-02-27 20:02:00,65450.61,65568.01,65444.29,65528.87,14.321
2026-02-27 20:03:00,65528.88,65554.07,65501.33,65512.49,3.95179
2026-02-27 20:04:00,65512.48,65550.5,65491.32,65491.33,4.38324
2026-02-27 20:05:00,65491.32,65503.31,65462.49,65502.0,6.72685
2026-02-27 20:06:00,65502.0,65502.0,65430.0,65437.93,15.08568
2026-02-27 20:07:00,65437.93,65576.91,65437.93,65573.25,6.05546
2026-02-27 20:08:00,65573.26,65576.92,65561.96,65561.96,1.86793
2026-02-27 20:09:00,65561.96,65572.9,65499.97,65499.97,3.6389
2026-02-27 20:10:00,65499.97,65563.68,65487.67,65563.68,9.77806
2026-02-27 20:11:00,65563.68,65565.5,65533.4,65533.41,2.07088
2026-02-27 20:12:00,65533.4,65578.7,65533.4,65568.99,30.21189
2026-02-27 20:13:00,65568.99,65600.0,65568.99,65579.77,3.95951
2026-02-27 20:14:00,65579.78,65579.78,65565.99,65566.41,1.99246
2026-02-27 20:15:00,65566.41,65600.0,65553.73,65559.06,2.90504
2026-02-27 20:16:00,65559.06,65610.0,65556.47,65562.36,23.6576
2026-02-27 20:17:00,65562.37,65578.73,65562.36,65576.06,4.41774
2026-02-27 20:18:00,65576.06,65578.93,65561.72,65578.93,5.42361
2026-02-27 20:19:00,65578.93,65597.66,65573.89,65593.66,15.19081
2026-02-27 20:20:00,65593.65,65595.18,65560.64,65560.92,3.18595
2026-02-27 20:21:00,65560.92,65644.81,65560.91,65617.39,11.11166
2026-02-27 20:22:00,65617.39,65617.39,65577.1,65597.92,4.57039
2026-02-27 20:23:00,65597.93,65640.29,65597.92,65620.96,4.32484
2026-02-27 20:24:00,65620.97,65639.14,65617.56,65617.56,3.15622
2026-02-27 20:25:00,65617.56,65617.56,65584.33,65613.98,6.70495
2026-02-27 20:26:00,65613.99,65619.73,65599.0,65619.72,3.05853
2026-02-27 20:27:00,65619.72,65627.02,65604.23,65612.31,5.06552
2026-02-27 20:28:00,65612.31,65612.32,65598.66,65598.66,3.20442
2026-02-27 20:29:00,65598.67,65598.67,65558.84,65577.54,5.83932
2026-02-27 20:30:00,65577.55,65594.0,65566.0,65566.05,1.68346
2026-02-27 20:31:00,65566.04,65600.52,65555.02,65555.03,6.68026
2026-02-27 20:32:00,65555.03,65555.03,65464.0,65479.91,12.95289
2026-02-27 20:33:00,65479.92,65576.14,65479.92,65561.55,5.12737
2026-02-27 20:34:00,65561.56,65577.6,65561.56,65577.59,5.07457
2026-02-27 20:35:00,65577.6,65577.6,65549.36,65550.79,2.11506
2026-02-27 20:36:00,65550.8,65576.17,65550.79,65567.14,1.43715
2026-02-27 20:37:00,65567.13,65587.4,65567.13,65587.31,4.87705
2026-02-27 20:38:00,65587.32,65587.32,65568.32,65568.32,2.60136
2026-02-27 20:39:00,65568.32,65584.86,65561.74,65584.86,1.3182
2026-02-27 20:40:00,65584.86,65653.17,65584.86,65646.0,6.83179
2026-02-27 20:41:00,65646.0,65646.01,65600.97,65607.87,2.37874
2026-02-27 20:42:00,65607.87,65608.9,65568.25,65597.04,24.98414
2026-02-27 20:43:00,65597.05,65652.29,65597.05,65652.29,4.25892
2026-02-27 20:44:00,65652.28,65657.22,65603.0,65631.29,3.38871
2026-02-27 20:45:00,65631.29,65658.0,65624.04,65628.33,2.62847
2026-02-27 20:46:00,65628.32,65638.02,65619.0,65629.47,9.29403
2026-02-27 20:47:00,65629.46,65657.61,65619.0,65619.01,3.75289
2026-02-27 20:48:00,65619.0,65631.71,65612.0,65631.71,6.82853
2026-02-27 20:49:00,65631.7,65650.76,65612.0,65633.56,5.75287
2026-02-27 20:50:00,65633.56,65666.66,65603.0,65615.55,9.06078
2026-02-27 20:51:00,65615.55,65646.47,65577.36,65630.04,25.3176
2026-02-27 20:52:00,65630.05,65635.67,65593.47,65626.22,3.68377
2026-02-27 20:53:00,65626.23,65642.81,65604.76,65620.79,8.54819
2026-02-27 20:54:00,65620.79,65626.15,65608.19,65622.72,2.88947
2026-02-27 20:55:00,65622.72,65647.01,65608.6,65608.61,2.76068
2026-02-27 20:56:00,65608.6,65612.02,65595.83,65597.7,2.73578
2026-02-27 20:57:00,65597.71,65600.93,65569.45,65571.12,4.28863
2026-02-27 20:58:00,65571.11,65596.0,65556.0,65566.6,5.82514
2026-02-27 20:59:00,65566.61,65621.76,65565.98,65594.67,42.01725
2026-02-27 21:00:00,65594.67,65623.23,65550.0,65551.08,21.42586
2026-02-27 21:01:00,65551.07,65551.07,65496.05,65521.98,13.1203
2026-02-27 21:02:00,65521.97,65659.79,65521.97,65590.55,13.90156
2026-02-27 21:03:00,65590.56,65601.42,65568.06,65568.07,8.21475
2026-02-27 21:04:00,65568.07,65667.6,65568.06,65667.6,8.72605
2026-02-27 21:05:00,65667.6,65713.7,65642.41,65682.18,17.6186
2026-02-27 21:06:00,65682.18,65682.18,65633.51,65643.68,5.68113
2026-02-27 21:07:00,65643.67,65655.32,65637.21,65637.22,2.99614
2026-02-27 21:08:00,65637.21,65654.86,65633.72,65648.27,2.84276
2026-02-27 21:09:00,65648.28,65648.28,65634.49,65647.41,1.26759
2026-02-27 21:10:00,65647.42,65647.42,65632.5,65632.52,1.42402
2026-02-27 21:11:00,65632.51,65632.52,65619.01,65621.95,1.48721
2026-02-27 21:12:00,65621.94,65621.95,65574.45,65574.46,1.19278
2026-02-27 21:13:00,65574.46,65579.66,65574.45,65579.65,2.71175
2026-02-27 21:14:00,65579.66,65579.66,65572.61,65577.21,1.09141
2026-02-27 21:15:00,65577.22,65606.57,65577.21,65590.33,3.48907
2026-02-27 21:16:00,65590.33,65620.91,65590.32,65620.9,1.68334
2026-02-27 21:17:00,65620.9,65627.48,65611.2,65625.0,2.49563
2026-02-27 21:18:00,65624.99,65655.16,65616.75,65655.15,3.01349
2026-02-27 21:19:00,65655.16,65680.46,65655.15,65678.67,4.17436
2026-02-27 21:20:00,65678.67,65700.0,65678.66,65700.0,2.21475
2026-02-27 21:21:00,65700.0,65713.66,65684.62,65713.65,3.9492
2026-02-27 21:22:00,65713.65,65713.66,65686.04,65696.99,5.81151
2026-02-27 21:23:00,65696.99,65724.85,65688.52,65715.43,3.54933
2026-02-27 21:24:00,65715.43,65740.98,65711.03,65736.01,4.47325
2026-02-27 21:25:00,65736.01,65749.94,65721.49,65725.7,9.67471
2026-02-27 21:26:00,65725.71,65725.71,65699.86,65704.75,3.51853
2026-02-27 21:27:00,65704.74,65719.81,65704.74,65714.15,2.41078
2026-02-27 21:28:00,65714.14,65723.86,65714.0,65715.88,3.0634
2026-02-27 21:29:00,65715.88,65718.82,65700.71,65704.54,2.66954
2026-02-27 21:30:00,65704.54,65718.62,65684.63,65684.63,3.61838
2026-02-27 21:31:00,65684.63,65684.64,65600.0,65611.94,5.77209
2026-02-27 21:32:00,65611.93,65623.95,65601.71,65623.95,3.12237
2026-02-27 21:33:00,65623.96,65635.33,65608.0,65635.33,3.12664
2026-02-27 21:34:00,65635.33,65648.0,65628.61,65628.62,2.92292
2026-02-27 21:35:00,65628.61,65628.62,65597.04,65621.41,2.36189
2026-02-27 21:36:00,65621.4,65644.15,65586.71,65644.14,3.84504
2026-02-27 21:37:00,65644.15,65644.15,65602.01,65602.01,1.42132
2026-02-27 21:38:00,65602.02,65639.61,65602.02,65618.25,8.17186
2026-02-27 21:39:00,65618.25,65634.79,65607.8,65607.81,6.42721
2026-02-27 21:40:00,65607.81,65641.14,65607.81,65627.27,7.3862
2026-02-27 21:41:00,65627.26,65629.44,65617.88,65617.88,3.55763
2026-02-27 21:42:00,65617.88,65617.89,65577.21,65593.8,4.99383
2026-02-27 21:43:00,65593.8,65625.21,65593.8,65625.2,2.54655
2026-02-27 21:44:00,65625.21,65625.21,65621.36,65621.37,2.33131
2026-02-27 21:45:00,65621.36,65621.37,65615.0,65616.48,1.77298
2026-02-27 21:46:00,65616.48,65616.49,65595.22,65595.23,4.50711
2026-02-27 21:47:00,65595.24,65605.28,65595.23,65600.22,3.64556
2026-02-27 21:48:00,65600.21,65600.22,65584.21,65588.09,1.54291
2026-02-27 21:49:00,65588.1,65588.1,65544.02,65565.21,6.04991
2026-02-27 21:50:00,65565.2,65580.84,65565.2,65580.84,2.78968
2026-02-27 21:51:00,65580.84,65580.84,65576.23,65576.23,1.20212
2026-02-27 21:52:00,65576.23,65576.24,65538.44,65538.45,2.14094
2026-02-27 21:53:00,65538.44,65552.05,65533.77,65533.77,4.23119
2026-02-27 21:54:00,65533.77,65533.78,65449.97,65449.97,5.88855
2026-02-27 21:55:00,65449.98,65449.98,65400.0,65422.79,11.52943
2026-02-27 21:56:00,65422.78,65450.0,65422.77,65449.99,1.45424
2026-02-27 21:57:00,65450.0,65496.59,65449.99,65487.57,6.16841
2026-02-27 21:58:00,65487.56,65535.04,65487.56,65525.79,7.74112
2026-02-27 21:59:00,65525.79,65527.59,65525.79,65527.59,0.49421
2026-02-27 22:00:00,65527.59,65590.78,65527.58,65560.44,5.08102
2026-02-27 22:01:00,65560.44,65560.44,65536.0,65536.01,1.32656
2026-02-27 22:02:00,65536.0,65557.41,65536.0,65544.03,2.04011
2026-02-27 22:03:00,65544.02,65554.64,65544.02,65554.64,1.52028
2026-02-27 22:04:00,65554.63,65554.64,65524.0,65524.0,2.18142
2026-02-27 22:05:00,65524.0,65524.0,65500.5,65519.29,1.42876
2026-02-27 22:06:00,65519.29,65519.29,65500.0,65503.67,1.97259
2026-02-27 22:07:00,65503.68,65503.68,65467.37,65467.37,7.63109
2026-02-27 22:08:00,65467.37,65470.0,65450.0,65463.96,3.78246
2026-02-27 22:09:00,65463.96,65480.78,65458.39,65480.77,11.27393
2026-02-27 22:10:00,65480.78,65498.27,65480.77,65480.78,2.75203
2026-02-27 22:11:00,65480.77,65486.05,65480.77,65486.04,1.38149
2026-02-27 22:12:00,65486.05,65528.0,65486.04,65528.0,1.59153
2026-02-27 22:13:00,65528.0,65528.0,65514.69,65514.69,1.68833
2026-02-27 22:14:00,65514.69,65549.17,65514.69,65546.28,1.77554
2026-02-27 22:15:00,65546.28,65610.0,65546.28,65609.99,2.9633
2026-02-27 22:16:00,65609.99,65615.3,65567.27,65567.28,2.23941
2026-02-27 22:17:00,65567.28,65592.55,65552.82,65592.54,3.70663
2026-02-27 22:18:00,65592.54,65598.98,65576.15,65576.88,3.77253
2026-02-27 22:19:00,65576.88,65583.41,65563.38,65583.41,1.56054
2026-02-27 22:20:00,65583.41,65598.96,65583.41,65598.95,0.76641
2026-02-27 22:21:00,65598.96,65598.96,65514.7,65514.7,4.06373
2026-02-27 22:22:00,65514.7,65514.7,65451.17,65460.31,7.028
2026-02-27 22:23:00,65460.3,65466.66,65450.69,65466.65,0.63003
2026-02-27 22:24:00,65466.65,65487.84,65466.65,65483.34,1.20913
2026-02-27 22:25:00,65483.34,65503.43,65483.33,65495.54,3.11705
2026-02-27 22:26:00,65495.54,65515.97,65491.58,65491.59,4.40424
2026-02-27 22:27:00,65491.58,65501.43,65484.25,65484.26,3.79182
2026-02-27 22:28:00,65484.26,65484.26,65446.98,65446.99,7.2584
2026-02-27 22:29:00,65446.99,65466.67,65446.98,65466.66,1.51561
2026-02-27 22:30:00,65466.66,65466.66,65418.0,65418.01,5.51663
2026-02-27 22:31:00,65418.0,65450.56,65418.0,65449.88,5.28976
2026-02-27 22:32:00,65449.89,65455.56,65433.21,65437.8,2.11828
2026-02-27 22:33:00,65437.79,65437.8,65410.0,65420.73,5.34576
2026-02-27 22:34:00,65420.73,65420.73,64914.46,64986.0,316.45678
2026-02-27 22:35:00,64986.04,65215.87,64984.0,65215.87,39.21919
2026-02-27 22:36:00,65216.0,65324.88,65159.87,65256.4,31.9429
2026-02-27 22:37:00,65256.4,65286.0,65220.77,65243.17,3.57307
2026-02-27 22:38:00,65243.16,65334.8,65243.16,65312.12,8.97672
2026-02-27 22:39:00,65312.11,65334.9,65274.48,65274.48,5.3514
2026-02-27 22:40:00,65274.48,65396.16,65265.19,65341.08,8.72531
2026-02-27 22:41:00,65341.08,65449.06,65330.75,65441.51,10.75753
2026-02-27 22:42:00,65441.52,65503.27,65423.06,65490.43,16.1483
2026-02-27 22:43:00,65490.43,65577.19,65482.26,65555.31,48.33994
2026-02-27 22:44:00,65555.32,65597.06,65500.01,65597.05,18.53519
2026-02-27 22:45:00,65597.06,65625.21,65597.05,65625.21,4.11081
2026-02-27 22:46:00,65625.2,65673.33,65625.2,65627.73,17.54307
2026-02-27 22:47:00,65627.73,65669.45,65627.72,65665.09,5.18167
2026-02-27 22:48:00,65665.09,65665.1,65633.77,65633.78,2.75525
2026-02-27 22:49:00,65633.77,65633.78,65537.3,65543.36,3.99606
2026-02-27 22:50:00,65543.37,65587.51,65543.37,65564.69,2.05676
2026-02-27 22:51:00,65564.68,65610.72,65552.33,65610.72,1.60093
2026-02-27 22:52:00,65610.73,65627.91,65555.0,65562.04,3.01199
2026-02-27 22:53:00,65562.04,65593.44,65550.51,65583.13,5.8618
2026-02-27 22:54:00,65583.13,65622.34,65583.12,65618.43,2.35804
2026-02-27 22:55:00,65618.43,65618.43,65572.0,65572.0,15.41149
2026-02-27 22:56:00,65572.0,65572.0,65516.26,65541.15,4.47156
2026-02-27 22:57:00,65541.16,65568.82,65541.16,65568.82,2.67268
2026-02-27 22:58:00,65568.82,65608.0,65568.82,65608.0,5.5172
2026-02-27 22:59:00,65607.99,65651.42,65599.04,65637.99,15.23486
2026-02-27 23:00:00,65638.0,65651.42,65551.67,65551.68,18.36193
2026-02-27 23:01:00,65551.68,65567.54,65551.67,65567.54,2.80369
2026-02-27 23:02:00,65567.53,65692.05,65567.53,65678.36,16.59537
2026-02-27 23:03:00,65678.36,65699.54,65644.31,65687.99,6.08662
2026-02-27 23:04:00,65687.99,65720.0,65676.78,65705.45,6.64499
2026-02-27 23:05:00,65705.44,65788.12,65695.74,65779.99,14.16428
2026-02-27 23:06:00,65779.99,65780.5,65733.62,65740.1,10.56405
2026-02-27 23:07:00,65740.1,65774.84,65740.09,65774.84,2.10098
2026-02-27 23:08:00,65774.83,65781.13,65755.28,65767.85,1.9645
2026-02-27 23:09:00,65767.86,65869.63,65767.85,65822.99,15.073
2026-02-27 23:10:00,65823.0,65836.53,65805.73,65806.53,5.06806
2026-02-27 23:11:00,65806.54,65820.91,65770.5,65777.26,8.2305
2026-02-27 23:12:00,65777.26,65789.32,65746.0,65746.01,2.97899
2026-02-27 23:13:00,65746.01,65763.65,65700.0,65707.15,7.20834
2026-02-27 23:14:00,65707.16,65744.09,65707.16,65736.63,3.47451
2026-02-27 23:15:00,65736.62,65752.8,65731.44,65740.74,3.20386
2026-02-27 23:16:00,65740.74,65762.4,65736.41,65762.4,0.81798
2026-02-27 23:17:00,65762.39,65778.28,65752.8,65778.28,0.80243
2026-02-27 23:18:00,65778.28,65868.0,65778.28,65843.76,5.81718
2026-02-27 23:19:00,65843.77,65871.4,65814.65,65844.53,4.30805
2026-02-27 23:20:00,65844.52,65900.0,65839.15,65894.29,8.53304
2026-02-27 23:21:00,65894.29,65899.06,65860.89,65879.22,6.06443
2026-02-27 23:22:00,65879.22,65879.22,65864.16,65866.78,1.95237
2026-02-27 23:23:00,65866.78,65900.0,65866.76,65878.08,6.53537
2026-02-27 23:24:00,65878.07,65900.0,65875.79,65898.35,2.50024
2026-02-27 23:25:00,65898.36,65898.36,65835.47,65849.55,8.31401
2026-02-27 23:26:00,65849.55,65850.42,65832.0,65840.03,3.31014
2026-02-27 23:27:00,65840.03,65865.85,65838.46,65838.46,4.01888
2026-02-27 23:28:00,65838.47,65841.38,65821.16,65836.28,2.56498
2026-02-27 23:29:00,65836.28,65886.42,65832.42,65886.41,8.26504
2026-02-27 23:30:00,65886.42,65886.42,65870.13,65870.13,1.73722
2026-02-27 23:31:00,65870.13,65882.33,65863.47,65879.59,6.52152
2026-02-27 23:32:00,65879.58,65891.56,65875.0,65891.56,2.35953
2026-02-27 23:33:00,65891.56,65891.56,65874.03,65874.04,1.47973
2026-02-27 23:34:00,65874.03,65922.99,65857.08,65910.51,6.31473
2026-02-27 23:35:00,65910.52,65940.15,65892.0,65940.14,4.7052
2026-02-27 23:36:00,65940.15,65949.39,65940.14,65944.1,5.73164
2026-02-27 23:37:00,65944.11,65947.32,65916.77,65916.78,2.43691
2026-02-27 23:38:00,65916.78,65935.9,65885.9,65906.48,14.57826
2026-02-27 23:39:00,65906.47,65953.2,65888.01,65953.19,9.60199
2026-02-27 23:40:00,65953.2,65953.2,65906.29,65906.29,4.04593
2026-02-27 23:41:00,65906.29,65906.29,65871.32,65871.33,2.59231
2026-02-27 23:42:00,65871.33,65871.33,65842.65,65842.65,4.30964
2026-02-27 23:43:00,65842.66,65842.66,65828.32,65828.4,4.37334
2026-02-27 23:44:00,65828.39,65834.37,65828.39,65833.15,2.393
2026-02-27 23:45:00,65833.14,65894.59,65832.0,65884.85,5.86117
2026-02-27 23:46:00,65884.85,65898.0,65884.84,65896.77,1.01117
2026-02-27 23:47:00,65896.76,65896.76,65869.65,65869.66,2.77453
2026-02-27 23:48:00,65869.65,65869.66,65869.65,65869.65,1.30898
2026-02-27 23:49:00,65869.65,65889.2,65869.65,65869.66,1.63784
2026-02-27 23:50:00,65869.67,65890.99,65869.67,65889.13,1.79316
2026-02-27 23:51:00,65889.13,65911.21,65889.12,65911.2,4.41396
2026-02-27 23:52:00,65911.21,65911.21,65898.22,65898.23,1.34411
2026-02-27 23:53:00,65898.23,65898.23,65883.62,65883.63,0.60214
2026-02-27 23:54:00,65883.63,65883.63,65869.65,65879.02,3.61409
2026-02-27 23:55:00,65879.03,65911.88,65871.87,65871.87,9.65613
2026-02-27 23:56:00,65871.88,65885.14,65847.85,65879.81,12.89558
2026-02-27 23:57:00,65879.81,65917.8,65866.12,65878.49,7.06987
2026-02-27 23:58:00,65878.5,65903.48,65874.28,65884.18,3.01846
2026-02-27 23:59:00,65884.17,65894.46,65859.16,65872.1,8.35125
2026-02-28 00:00:00,65872.09,65872.1,65830.0,65846.06,16.46505
2026-02-28 00:01:00,65846.06,65891.03,65839.46,65839.47,3.53653
2026-02-28 00:02:00,65839.47,65886.71,65839.46,65863.4,4.36769
2026-02-28 00:03:00,65863.4,65872.64,65858.17,65858.25,5.31767
2026-02-28 00:04:00,65858.25,65916.26,65858.25,65909.05,6.10007
2026-02-28 00:05:00,65909.05,65909.05,65884.74,65884.81,14.84247
2026-02-28 00:06:00,65884.8,65902.15,65884.8,65902.14,5.92939
2026-02-28 00:07:00,65902.15,65962.79,65902.14,65912.02,9.37712
2026-02-28 00:08:00,65912.03,65932.91,65891.15,65925.72,6.61823
2026-02-28 00:09:00,65925.72,65925.73,65881.42,65906.78,5.78957
2026-02-28 00:10:00,65906.79,65915.85,65885.4,65915.85,4.70472
2026-02-28 00:11:00,65915.85,65959.64,65915.84,65959.64,5.40386
2026-02-28 00:12:00,65959.63,65977.99,65953.71,65977.99,4.62073
2026-02-28 00:13:00,65978.0,66025.52,65973.86,66014.68,12.08178
2026-02-28 00:14:00,66014.68,66014.69,65967.92,65998.04,9.79231
2026-02-28 00:15:00,65998.04,66012.87,65955.17,65957.32,16.96417
2026-02-28 00:16:00,65957.33,65957.33,65918.64,65918.99,14.4405
2026-02-28 00:17:00,65918.99,65943.46,65890.01,65890.02,7.71468
2026-02-28 00:18:00,65890.01,65897.49,65874.61,65887.18,4.21547
2026-02-28 00:19:00,65887.17,65887.18,65862.77,65884.17,6.13522
2026-02-28 00:20:00,65884.17,65901.6,65883.3,65897.88,2.38861
2026-02-28 00:21:00,65897.87,65897.87,65889.74,65889.75,1.50331
2026-02-28 00:22:00,65889.75,65891.01,65870.0,65870.01,2.25695
2026-02-28 00:23:00,65870.01,65895.14,65870.0,65895.13,2.58235
2026-02-28 00:24:00,65895.13,65909.18,65872.24,65872.25,6.00178
2026-02-28 00:25:00,65872.25,65884.86,65870.01,65874.64,5.90528
2026-02-28 00:26:00,65874.64,65874.64,65844.46,65844.46,1.34305
2026-02-28 00:27:00,65844.46,65844.47,65721.13,65767.14,43.68834
2026-02-28 00:28:00,65767.14,65797.45,65739.01,65766.95,6.88696
2026-02-28 00:29:00,65766.95,65789.62,65760.82,65775.8,4.04808
2026-02-28 00:30:00,65775.8,65775.8,65766.92,65766.93,1.94053
2026-02-28 00:31:00,65766.93,65766.93,65735.74,65764.61,4.8764
2026-02-28 00:32:00,65764.61,65825.62,65764.61,65825.62,5.13322
2026-02-28 00:33:00,65825.73,65826.61,65810.97,65810.98,1.65806
2026-02-28 00:34:00,65810.97,65823.22,65798.86,65815.81,1.96827
2026-02-28 00:35:00,65815.81,65849.44,65815.81,65844.83,1.52014
2026-02-28 00:36:00,65844.83,65844.83,65816.85,65817.25,1.23861
2026-02-28 00:37:00,65817.24,65826.25,65817.24,65817.25,1.48869
2026-02-28 00:38:00,65817.26,65831.43,65817.25,65822.09,2.47274
2026-02-28 00:39:00,65822.09,65835.62,65820.6,65835.62,2.01317
2026-02-28 00:40:00,65835.62,65839.44,65833.51,65839.43,2.44735
2026-02-28 00:41:00,65839.43,65888.75,65839.43,65864.27,5.22068
2026-02-28 00:42:00,65864.27,65918.88,65864.27,65918.87,6.22071
2026-02-28 00:43:00,65918.88,65959.23,65918.87,65952.68,5.03844
2026-02-28 00:44:00,65952.67,65966.85,65950.2,65950.21,1.39678
2026-02-28 00:45:00,65950.21,65950.21,65938.71,65943.46,1.83586
2026-02-28 00:46:00,65943.45,65943.46,65937.48,65937.48,0.37418
2026-02-28 00:47:00,65937.48,65952.43,65936.18,65949.62,3.03549
2026-02-28 00:48:00,65949.62,65964.37,65949.61,65964.37,2.9428
2026-02-28 00:49:00,65964.36,65964.37,65951.28,65952.81,1.75975
2026-02-28 00:50:00,65952.82,65967.76,65952.57,65963.51,2.81842
2026-02-28 00:51:00,65963.52,65969.69,65957.97,65957.98,0.98057
2026-02-28 00:52:00,65957.97,65957.98,65931.0,65931.0,1.51216
2026-02-28 00:53:00,65931.01,65931.01,65903.3,65903.31,1.11603
2026-02-28 00:54:00,65903.31,65965.35,65903.31,65937.81,16.31718
2026-02-28 00:55:00,65937.81,65947.23,65936.0,65936.0,3.31378
2026-02-28 00:56:00,65936.01,65974.0,65936.0,65973.99,4.50896
2026-02-28 00:57:00,65974.0,65985.18,65966.19,65966.2,1.78039
2026-02-28 00:58:00,65966.2,65966.2,65939.53,65939.54,3.99403
2026-02-28 00:59:00,65939.54,65949.32,65939.53,65942.0,2.47916
2026-02-28 01:00:00,65942.01,65953.04,65939.54,65939.98,1.84572
2026-02-28 01:01:00,65939.99,65939.99,65889.99,65908.06,10.04029
2026-02-28 01:02:00,65908.05,65923.61,65895.71,65923.6,1.47108
2026-02-28 01:03:00,65923.61,65952.61,65914.89,65952.6,3.27764
2026-02-28 01:04:00,65952.6,65971.93,65948.44,65968.54,2.72663
2026-02-28 01:05:00,65968.54,65968.54,65937.45,65937.45,1.59091
2026-02-28 01:06:00,65937.46,65937.46,65909.88,65930.29,2.77168
2026-02-28 01:07:00,65930.3,65930.3,65822.43,65853.58,6.61864
2026-02-28 01:08:00,65853.59,65862.0,65853.58,65857.43,2.12492
2026-02-28 01:09:00,65857.42,65861.41,65842.06,65853.6,3.93563
2026-02-28 01:10:00,65853.6,65860.19,65842.41,65842.42,1.6353
2026-02-28 01:11:00,65842.41,65844.89,65838.01,65838.75,2.34389
2026-02-28 01:12:00,65838.76,65838.76,65838.75,65838.76,0.43775
2026-02-28 01:13:00,65838.75,65856.85,65838.75,65856.85,1.20695
2026-02-28 01:14:00,65856.84,65859.39,65856.84,65859.38,0.8986
2026-02-28 01:15:00,65859.39,65865.94,65814.01,65839.36,6.70995
2026-02-28 01:16:00,65839.35,65849.36,65839.35,65849.35,1.52997
2026-02-28 01:17:00,65849.36,65887.25,65849.36,65880.93,5.32269
2026-02-28 01:18:00,65880.94,65955.45,65880.93,65950.17,47.54693
2026-02-28 01:19:00,65950.17,65950.17,65906.47,65928.18,6.87782
2026-02-28 01:20:00,65928.18,65960.76,65913.33,65913.34,7.01426
2026-02-28 01:21:00,65913.34,65913.34,65880.93,65909.99,2.46282
2026-02-28 01:22:00,65910.0,65941.42,65909.99,65941.41,5.07652
2026-02-28 01:23:00,65941.42,65953.94,65918.22,65934.13,4.66778
2026-02-28 01:24:00,65934.13,65953.94,65931.99,65950.18,3.4362
2026-02-28 01:25:00,65950.19,65970.0,65946.61,65947.46,8.24227
2026-02-28 01:26:00,65947.47,65947.47,65930.72,65942.0,2.75387
2026-02-28 01:27:00,65942.0,65950.38,65918.25,65918.25,1.41701
2026-02-28 01:28:00,65918.26,65924.56,65849.35,65849.5,9.16635
2026-02-28 01:29:00,65849.49,65849.5,65833.45,65838.0,6.57419
2026-02-28 01:30:00,65838.01,65856.36,65835.15,65835.74,2.71695
2026-02-28 01:31:00,65835.75,65835.75,65743.71,65766.54,5.97961
2026-02-28 01:32:00,65766.55,65799.68,65766.54,65793.85,3.74804
2026-02-28 01:33:00,65793.86,65797.19,65778.48,65778.49,2.14907
2026-02-28 01:34:00,65778.49,65779.84,65766.17,65779.83,1.95866
2026-02-28 01:35:00,65779.84,65833.32,65779.83,65824.39,7.18464
2026-02-28 01:36:00,65824.39,65855.52,65806.04,65821.79,7.57801
2026-02-28 01:37:00,65821.8,65833.31,65804.3,65833.3,2.55003
2026-02-28 01:38:00,65833.31,65847.79,65815.96,65816.05,3.45293
2026-02-28 01:39:00,65816.05,65832.16,65816.05,65832.16,1.03249
2026-02-28 01:40:00,65832.16,65840.0,65821.03,65821.03,0.86724
2026-02-28 01:41:00,65821.02,65821.03,65805.66,65805.67,0.43646
2026-02-28 01:42:00,65805.67,65805.67,65762.0,65766.99,3.71932
2026-02-28 01:43:00,65766.99,65790.48,65744.59,65785.85,14.32125
2026-02-28 01:44:00,65785.86,65791.58,65785.48,65791.58,2.42048
2026-02-28 01:45:00,65791.57,65791.58,65756.15,65778.77,1.78618
2026-02-28 01:46:00,65778.78,65815.81,65778.77,65815.81,1.29283
2026-02-28 01:47:00,65815.8,65832.14,65815.8,65832.14,1.24425
2026-02-28 01:48:00,65832.13,65852.61,65832.13,65833.17,1.18266
2026-02-28 01:49:00,65833.18,65845.85,65832.13,65837.65,0.49833
2026-02-28 01:50:00,65837.66,65857.25,65835.51,65837.65,11.01039
2026-02-28 01:51:00,65837.65,65867.45,65837.64,65860.7,13.17014
2026-02-28 01:52:00,65860.7,65860.7,65832.13,65832.13,1.26464
2026-02-28 01:53:00,65832.13,65832.14,65814.12,65814.12,1.71801
2026-02-28 01:54:00,65814.12,65814.13,65813.32,65813.33,0.52794
2026-02-28 01:55:00,65813.33,65819.94,65810.57,65819.93,1.39818
2026-02-28 01:56:00,65819.94,65819.94,65811.41,65819.94,1.56031
2026-02-28 01:57:00,65819.93,65819.94,65819.93,65819.94,0.44626
2026-02-28 01:58:00,65819.94,65819.94,65806.11,65816.45,1.42285
2026-02-28 01:59:00,65816.45,65819.93,65770.35,65770.36,7.45033
2026-02-28 02:00:00,65770.36,65818.06,65770.36,65811.46,2.63493
2026-02-28 02:01:00,65811.46,65811.46,65774.17,65791.81,3.46335
2026-02-28 02:02:00,65791.81,65802.19,65787.61,65796.7,1.2589
2026-02-28 02:03:00,65796.69,65796.99,65761.94,65778.16,6.8765
2026-02-28 02:04:00,65778.16,65812.95,65778.15,65812.95,1.44609
2026-02-28 02:05:00,65812.94,65859.42,65812.94,65831.81,3.58037
2026-02-28 02:06:00,65831.81,65862.45,65831.8,65857.07,0.47337
2026-02-28 02:07:00,65857.08,65876.73,65857.07,65875.86,2.74055
2026-02-28 02:08:00,65875.87,65921.06,65875.87,65901.51,3.16209
2026-02-28 02:09:00,65901.5,65901.51,65893.68,65893.69,0.72058
2026-02-28 02:10:00,65893.68,65914.68,65882.45,65914.68,6.76725
2026-02-28 02:11:00,65914.68,65915.0,65900.82,65900.83,1.49608
2026-02-28 02:12:00,65900.82,65930.51,65900.82,65930.5,2.42181
2026-02-28 02:13:00,65930.51,65930.51,65897.06,65897.06,1.38803
2026-02-28 02:14:00,65897.05,65903.59,65868.56,65870.61,2.54842
2026-02-28 02:15:00,65870.61,65895.22,65870.61,65891.19,2.11456
2026-02-28 02:16:00,65891.18,65900.0,65891.18,65900.0,1.26119
2026-02-28 02:17:00,65899.99,65936.93,65899.99,65927.85,6.94128
2026-02-28 02:18:00,65927.85,65931.53,65922.48,65931.52,2.67445
2026-02-28 02:19:00,65931.52,65931.53,65924.42,65924.43,1.10769
2026-02-28 02:20:00,65924.42,65937.7,65924.42,65937.7,1.25564
2026-02-28 02:21:00,65937.69,65975.68,65937.69,65948.0,3.97099
2026-02-28 02:22:00,65948.0,65952.11,65930.0,65952.11,3.40965
2026-02-28 02:23:00,65952.11,65952.11,65944.94,65951.48,0.78067
2026-02-28 02:24:00,65951.47,65951.48,65904.26,65905.28,1.45786
2026-02-28 02:25:00,65905.29,65928.94,65905.28,65928.94,1.1099
2026-02-28 02:26:00,65928.94,65952.6,65928.39,65928.4,4.01798
2026-02-28 02:27:00,65928.39,65928.4,65921.29,65921.3,0.53751
2026-02-28 02:28:00,65921.3,65921.3,65913.08,65913.08,1.26137
2026-02-28 02:29:00,65913.09,65920.01,65913.08,65918.71,2.08696
2026-02-28 02:30:00,65918.7,65947.56,65918.7,65936.28,2.28156
2026-02-28 02:31:00,65936.29,65950.0,65929.35,65949.99,1.58875
2026-02-28 02:32:00,65950.0,65950.0,65918.71,65929.36,1.10953
2026-02-28 02:33:00,65929.36,65934.98,65913.33,65921.43,2.79326
2026-02-28 02:34:00,65921.43,65951.83,65921.42,65951.83,16.04495
2026-02-28 02:35:00,65951.83,65977.11,65951.82,65977.11,18.23296
2026-02-28 02:36:00,65977.11,65992.01,65967.39,65967.4,2.36994
2026-02-28 02:37:00,65967.39,65986.32,65967.39,65968.08,1.52212
2026-02-28 02:38:00,65968.08,65968.09,65945.68,65945.75,0.57634
2026-02-28 02:39:00,65945.76,65976.94,65937.01,65976.94,4.47768
2026-02-28 02:40:00,65976.95,65980.24,65960.8,65969.79,1.43181
2026-02-28 02:41:00,65969.8,65982.55,65960.8,65960.8,6.73672
2026-02-28 02:42:00,65960.81,65960.81,65948.01,65948.01,0.81508
2026-02-28 02:43:00,65948.0,65954.23,65948.0,65954.22,0.67344
2026-02-28 02:44:00,65954.23,65964.51,65954.22,65964.51,0.97822
2026-02-28 02:45:00,65964.5,65973.89,65964.5,65973.88,2.21544
2026-02-28 02:46:00,65973.89,65987.14,65973.88,65973.9,6.86138
2026-02-28 02:47:00,65973.89,65993.77,65973.89,65993.76,3.2997
2026-02-28 02:48:00,65993.76,66000.0,65988.41,65988.41,1.25201
2026-02-28 02:49:00,65988.41,66000.0,65980.75,66000.0,5.10516
2026-02-28 02:50:00,66000.0,66000.0,65977.45,65987.16,1.81542
2026-02-28 02:51:00,65987.16,66000.66,65949.74,65978.5,37.05164
2026-02-28 02:52:00,65978.5,65992.36,65978.49,65991.98,0.98243
2026-02-28 02:53:00,65991.98,65991.98,65979.36,65979.37,0.73276
2026-02-28 02:54:00,65979.37,66018.85,65979.36,66018.84,2.69588
2026-02-28 02:55:00,66018.84,66018.85,65976.7,65976.7,2.10756
2026-02-28 02:56:00,65976.71,65976.71,65969.47,65969.47,0.47393
2026-02-28 02:57:00,65969.48,65980.31,65969.47,65980.31,1.08725
2026-02-28 02:58:00,65980.3,65980.31,65969.48,65976.62,0.83745
2026-02-28 02:59:00,65976.62,65976.63,65961.12,65961.13,0.97649
2026-02-28 03:00:00,65961.13,65966.4,65961.13,65963.53,1.13004
2026-02-28 03:01:00,65963.53,65963.53,65941.04,65941.04,4.33983
2026-02-28 03:02:00,65941.05,65941.05,65900.9,65900.91,6.614
2026-02-28 03:03:00,65900.91,65900.91,65880.0,65895.85,4.66513
2026-02-28 03:04:00,65895.84,65895.85,65857.42,65857.42,7.49736
2026-02-28 03:05:00,65857.43,65895.35,65850.48,65890.26,5.29238
2026-02-28 03:06:00,65890.26,65890.27,65887.68,65887.69,1.14175
2026-02-28 03:07:00,65887.69,65887.69,65875.21,65875.21,1.85088
2026-02-28 03:08:00,65875.21,65881.7,65875.21,65875.29,2.98729
2026-02-28 03:09:00,65875.3,65882.82,65875.28,65882.81,4.41944
2026-02-28 03:10:00,65882.81,65907.58,65882.81,65888.31,4.08627
2026-02-28 03:11:00,65888.31,65894.92,65885.39,65894.91,2.71505
2026-02-28 03:12:00,65894.92,65908.68,65891.95,65908.67,4.30172
2026-02-28 03:13:00,65908.68,65908.68,65907.81,65907.81,2.86779
2026-02-28 03:14:00,65907.81,65907.81,65859.14,65859.14,7.1514
2026-02-28 03:15:00,65859.14,65897.0,65859.14,65897.0,6.96613
2026-02-28 03:16:00,65897.0,65916.28,65896.99,65916.28,4.22197
2026-02-28 03:17:00,65916.28,65924.16,65914.32,65922.59,11.10104
2026-02-28 03:18:00,65922.59,65922.6,65902.23,65908.69,3.06013
2026-02-28 03:19:00,65908.69,65924.81,65908.69,65924.81,0.94524
2026-02-28 03:20:00,65924.81,65939.14,65924.8,65939.13,3.3173
2026-02-28 03:21:00,65939.14,65939.14,65914.99,65915.0,1.25722
2026-02-28 03:22:00,65915.0,65915.0,65883.29,65908.62,2.04558
2026-02-28 03:23:00,65908.62,65930.25,65908.62,65930.24,1.09995
2026-02-28 03:24:00,65930.25,65943.85,65899.54,65899.54,5.54632
2026-02-28 03:25:00,65899.54,65935.83,65899.54,65935.83,1.00015
2026-02-28 03:26:00,65935.83,65982.34,65935.82,65965.99,1.70308
2026-02-28 03:27:00,65965.99,65966.0,65942.02,65942.02,2.80256
2026-02-28 03:28:00,65942.01,65942.01,65934.0,65934.0,0.52215
2026-02-28 03:29:00,65934.01,65934.01,65876.7,65889.86,10.60086
2026-02-28 03:30:00,65889.86,65896.71,65885.53,65896.71,2.28419
2026-02-28 03:31:00,65896.72,65924.36,65836.93,65836.98,20.83854
2026-02-28 03:32:00,65836.98,65863.64,65818.49,65840.45,15.35026
2026-02-28 03:33:00,65840.45,65844.96,65840.44,65844.95,0.76089
2026-02-28 03:34:00,65844.96,65855.52,65831.38,65831.38,2.6704
2026-02-28 03:35:00,65831.39,65831.78,65809.18,65809.19,1.79893
2026-02-28 03:36:00,65809.18,65809.19,65745.39,65755.89,21.84744
2026-02-28 03:37:00,65755.89,65792.67,65755.89,65779.99,5.31946
2026-02-28 03:38:00,65780.0,65791.73,65777.25,65791.73,2.65713
2026-02-28 03:39:00,65791.73,65791.73,65790.0,65790.0,1.40199
2026-02-28 03:40:00,65790.0,65803.65,65790.0,65796.02,4.38157
2026-02-28 03:41:00,65796.02,65810.4,65796.02,65796.52,2.11519
2026-02-28 03:42:00,65796.51,65804.5,65791.71,65804.49,3.0155
2026-02-28 03:43:00,65804.49,65804.5,65787.48,65787.66,2.82588
2026-02-28 03:44:00,65787.67,65791.0,65768.82,65768.82,4.73695
2026-02-28 03:45:00,65768.81,65796.75,65768.81,65795.53,1.01571
2026-02-28 03:46:00,65795.52,65811.0,65789.39,65810.99,2.72878
2026-02-28 03:47:00,65810.99,65828.7,65802.79,65802.8,2.35949
2026-02-28 03:48:00,65802.8,65824.62,65802.79,65808.76,3.28898
2026-02-28 03:49:00,65808.76,65808.76,65790.19,65800.36,2.75952
2026-02-28 03:50:00,65800.36,65806.61,65800.35,65806.6,0.7881
2026-02-28 03:51:00,65806.6,65821.12,65806.6,65811.0,1.32031
2026-02-28 03:52:00,65811.0,65824.63,65811.0,65824.61,0.78167
2026-02-28 03:53:00,65824.61,65849.15,65824.6,65845.93,1.45938
2026-02-28 03:54:00,65845.94,65845.94,65825.13,65825.13,1.26763
2026-02-28 03:55:00,65825.14,65825.14,65811.75,65811.76,0.95628
2026-02-28 03:56:00,65811.75,65814.82,65811.75,65814.81,1.53787
2026-02-28 03:57:00,65814.82,65814.82,65783.25,65783.25,6.32146
2026-02-28 03:58:00,65783.25,65787.17,65783.25,65787.16,1.77834
2026-02-28 03:59:00,65787.16,65797.42,65787.16,65797.42,1.79612
2026-02-28 04:00:00,65797.42,65797.42,65797.35,65797.35,2.41975
2026-02-28 04:01:00,65797.35,65811.44,65796.0,65796.0,1.54608
2026-02-28 04:02:00,65796.0,65808.25,65790.23,65805.89,2.61883
2026-02-28 04:03:00,65805.89,65818.44,65805.88,65818.43,3.57781
2026-02-28 04:04:00,65818.43,65818.44,65802.21,65804.88,1.60617
2026-02-28 04:05:00,65804.87,65804.88,65776.33,65776.33,1.41769
2026-02-28 04:06:00,65776.33,65776.34,65771.52,65771.53,1.44579
2026-02-28 04:07:00,65771.52,65789.23,65771.52,65781.75,4.68977
2026-02-28 04:08:00,65781.76,65801.29,65781.75,65785.13,4.173
2026-02-28 04:09:00,65785.13,65785.13,65741.84,65751.96,3.00502
2026-02-28 04:10:00,65751.96,65751.96,65707.62,65721.78,6.37885
2026-02-28 04:11:00,65721.78,65760.8,65721.78,65741.8,3.90222
2026-02-28 04:12:00,65741.8,65750.93,65735.8,65750.92,1.89804
2026-02-28 04:13:00,65750.93,65750.93,65736.32,65743.29,3.33184
2026-02-28 04:14:00,65743.29,65750.93,65743.28,65750.93,0.88489
2026-02-28 04:15:00,65750.92,65750.93,65708.59,65716.88,1.29449
2026-02-28 04:16:00,65716.87,65720.82,65698.34,65698.34,4.21584
2026-02-28 04:17:00,65698.35,65700.72,65691.0,65691.01,4.78998
2026-02-28 04:18:00,65691.01,65722.43,65691.01,65722.43,5.04408
2026-02-28 04:19:00,65722.43,65739.92,65722.43,65739.9,2.21714
2026-02-28 04:20:00,65739.91,65757.54,65739.9,65739.91,5.29844
2026-02-28 04:21:00,65739.91,65769.89,65738.93,65766.98,3.7194
2026-02-28 04:22:00,65766.98,65774.25,65766.98,65774.24,0.7256
2026-02-28 04:23:00,65774.24,65774.25,65774.24,65774.24,0.48943
2026-02-28 04:24:00,65774.25,65774.25,65774.24,65774.24,0.50015
2026-02-28 04:25:00,65774.24,65788.2,65774.24,65788.19,1.72858
2026-02-28 04:26:00,65788.2,65788.2,65770.0,65770.0,1.55729
2026-02-28 04:27:00,65770.0,65770.0,65729.42,65729.43,0.8505
2026-02-28 04:28:00,65729.43,65747.09,65729.42,65747.08,3.22751
2026-02-28 04:29:00,65747.09,65815.31,65641.62,65673.05,38.31184
2026-02-28 04:30:00,65673.05,65680.25,65503.76,65549.99,69.55659
2026-02-28 04:31:00,65550.0,65563.59,65488.0,65533.61,9.93944
2026-02-28 04:32:00,65533.61,65552.0,65530.23,65552.0,5.45744
2026-02-28 04:33:00,65552.0,65602.76,65552.0,65602.76,4.91813
2026-02-28 04:34:00,65602.75,65621.25,65588.95,65603.17,3.84925
2026-02-28 04:35:00,65603.16,65681.48,65603.16,65649.3,6.82431
2026-02-28 04:36:00,65649.3,65677.99,65647.68,65668.98,1.53708
2026-02-28 04:37:00,65668.98,65677.58,65643.61,65645.2,2.97292
2026-02-28 04:38:00,65645.2,65666.34,65643.93,65643.93,1.06151
2026-02-28 04:39:00,65643.94,65653.21,65634.0,65653.21,3.62706
2026-02-28 04:40:00,65653.21,65665.71,65653.2,65665.7,0.957
2026-02-28 04:41:00,65665.71,65671.03,65615.91,65634.69,4.91837
2026-02-28 04:42:00,65634.69,65644.0,65624.25,65634.18,4.71877
2026-02-28 04:43:00,65634.18,65644.0,65634.18,65639.53,1.14288
2026-02-28 04:44:00,65639.53,65657.72,65639.52,65650.44,2.12742
2026-02-28 04:45:00,65650.44,65661.17,65646.71,65646.72,1.70519
2026-02-28 04:46:00,65646.71,65646.72,65630.0,65630.01,1.6995
2026-02-28 04:47:00,65630.0,65640.73,65630.0,65640.25,3.35723
2026-02-28 04:48:00,65640.24,65645.08,65638.63,65638.64,2.36467
2026-02-28 04:49:00,65638.64,65667.66,65638.63,65667.66,2.0945
2026-02-28 04:50:00,65667.66,65667.66,65645.19,65645.2,1.42319
2026-02-28 04:51:00,65645.19,65645.2,65604.05,65610.64,17.62414
2026-02-28 04:52:00,65610.64,65648.88,65610.64,65643.18,12.34778
2026-02-28 04:53:00,65643.19,65663.45,65643.19,65661.76,2.30774
2026-02-28 04:54:00,65661.76,65697.06,65661.75,65696.64,7.78275
2026-02-28 04:55:00,65696.63,65705.17,65681.84,65703.18,2.13523
2026-02-28 04:56:00,65703.18,65703.19,65703.18,65703.18,0.65175
2026-02-28 04:57:00,65703.18,65703.19,65668.83,65680.46,6.56802
2026-02-28 04:58:00,65680.47,65683.32,65666.08,65666.08,2.33801
2026-02-28 04:59:00,65666.09,65666.09,65659.6,65663.2,6.66293
2026-02-28 05:00:00,65663.21,65676.91,65656.22,65656.22,8.24032
2026-02-28 05:01:00,65656.23,65665.67,65654.51,65662.19,4.80376
2026-02-28 05:02:00,65662.18,65662.19,65640.0,65640.01,1.26651
2026-02-28 05:03:00,65640.01,65640.01,65623.44,65625.67,9.36996
2026-02-28 05:04:00,65625.67,65674.26,65625.64,65674.25,7.76181
2026-02-28 05:05:00,65674.25,65674.26,65664.44,65667.35,5.35596
2026-02-28 05:06:00,65667.35,65709.31,65667.34,65690.0,5.89785
2026-02-28 05:07:00,65690.0,65703.22,65688.66,65703.22,3.14261
2026-02-28 05:08:00,65703.21,65704.87,65693.85,65693.85,1.97851
2026-02-28 05:09:00,65693.85,65701.63,65687.13,65687.13,2.01128
2026-02-28 05:10:00,65687.12,65695.03,65680.38,65695.03,0.79934
2026-02-28 05:11:00,65695.02,65704.87,65695.02,65700.01,3.44543
2026-02-28 05:12:00,65700.01,65711.99,65700.0,65711.99,2.23056
2026-02-28 05:13:00,65711.98,65724.83,65711.98,65724.82,1.51121
2026-02-28 05:14:00,65724.82,65724.83,65718.4,65722.52,0.63215
2026-02-28 05:15:00,65722.51,65729.65,65705.14,65705.15,0.90486
2026-02-28 05:16:00,65705.14,65721.39,65705.14,65715.25,2.19536
2026-02-28 05:17:00,65715.25,65715.25,65700.0,65704.8,1.80336
2026-02-28 05:18:00,65704.8,65704.81,65704.79,65704.8,0.88847
2026-02-28 05:19:00,65704.81,65704.81,65704.8,65704.8,0.44212
2026-02-28 05:20:00,65704.8,65704.81,65692.41,65692.41,4.80166
2026-02-28 05:21:00,65692.41,65692.41,65659.21,65659.21,10.10074
2026-02-28 05:22:00,65659.22,65685.48,65659.21,65685.47,7.50657
2026-02-28 05:23:00,65685.48,65685.48,65682.69,65684.52,3.75437
2026-02-28 05:24:00,65684.52,65684.52,65682.61,65682.61,0.45282
2026-02-28 05:25:00,65682.62,65691.39,65682.61,65684.36,4.14951
2026-02-28 05:26:00,65684.36,65693.72,65684.35,65693.71,1.14466
2026-02-28 05:27:00,65693.71,65695.34,65684.7,65695.34,4.91442
2026-02-28 05:28:00,65695.33,65695.33,65654.11,65654.11,2.29512
2026-02-28 05:29:00,65654.11,65654.12,65646.07,65646.08,1.68047
2026-02-28 05:30:00,65646.08,65646.08,65594.0,65594.23,3.37194
2026-02-28 05:31:00,65594.22,65601.88,65541.35,65548.42,40.0064
2026-02-28 05:32:00,65548.42,65591.5,65548.42,65591.5,1.00803
2026-02-28 05:33:00,65591.49,65591.49,65574.95,65583.99,3.89874
2026-02-28 05:34:00,65583.99,65597.27,65574.95,65574.96,1.59865
2026-02-28 05:35:00,65574.96,65574.96,65500.0,65522.01,14.09878
2026-02-28 05:36:00,65522.0,65547.17,65507.12,65531.34,30.61087
2026-02-28 05:37:00,65531.33,65550.31,65523.75,65550.3,1.52898
2026-02-28 05:38:00,65550.31,65590.78,65550.3,65590.77,3.98014
2026-02-28 05:39:00,65590.78,65606.0,65590.77,65590.79,3.21353
2026-02-28 05:40:00,65590.78,65611.52,65590.78,65597.04,3.09659
2026-02-28 05:41:00,65596.86,65612.49,65596.86,65607.45,3.63663
2026-02-28 05:42:00,65607.44,65607.45,65532.81,65564.64,7.63024
2026-02-28 05:43:00,65564.63,65575.01,65564.63,65564.64,2.43079
2026-02-28 05:44:00,65564.64,65578.66,65557.5,65557.51,1.794
2026-02-28 05:45:00,65557.5,65563.85,65532.73,65532.74,4.89988
2026-02-28 05:46:00,65532.74,65537.71,65511.45,65519.24,15.19658
2026-02-28 05:47:00,65519.23,65526.02,65501.24,65526.02,1.38801
2026-02-28 05:48:00,65526.01,65538.4,65519.63,65530.05,6.07367
2026-02-28 05:49:00,65530.04,65559.4,65528.42,65559.4,1.41208
2026-02-28 05:50:00,65559.41,65567.17,65502.66,65509.57,3.06061
2026-02-28 05:51:00,65509.57,65519.66,65503.25,65503.25,2.38335
2026-02-28 05:52:00,65503.26,65520.33,65503.25,65520.33,7.29476
2026-02-28 05:53:00,65520.32,65544.54,65520.32,65544.53,1.30258
2026-02-28 05:54:00,65544.53,65544.54,65516.94,65518.86,4.90512
2026-02-28 05:55:00,65518.87,65520.35,65503.17,65503.17,6.46264
2026-02-28 05:56:00,65503.17,65512.28,65501.8,65510.54,2.21081
2026-02-28 05:57:00,65510.54,65530.95,65510.54,65530.95,6.49914
2026-02-28 05:58:00,65530.95,65530.95,65526.19,65530.95,1.72655
2026-02-28 05:59:00,65530.94,65591.04,65526.37,65591.03,8.00209
2026-02-28 06:00:00,65591.03,65591.04,65581.13,65585.56,4.27274
2026-02-28 06:01:00,65585.57,65585.57,65578.32,65583.94,1.55811
2026-02-28 06:02:00,65583.95,65583.95,65564.36,65564.37,1.28255
2026-02-28 06:03:00,65564.36,65565.77,65561.4,65565.77,1.53376
2026-02-28 06:04:00,65565.76,65577.22,65565.76,65571.03,1.72343
2026-02-28 06:05:00,65571.03,65571.03,65555.22,65558.28,1.18285
2026-02-28 06:06:00,65558.29,65558.29,65504.97,65509.56,2.91222
2026-02-28 06:07:00,65509.57,65538.35,65509.57,65538.35,2.29924
2026-02-28 06:08:00,65538.35,65539.06,65528.68,65539.06,0.91237
2026-02-28 06:09:00,65539.05,65557.79,65539.05,65552.93,1.69052
2026-02-28 06:10:00,65552.93,65564.25,65552.93,65556.67,1.56835
2026-02-28 06:11:00,65556.67,65563.18,65556.67,65559.9,0.62565
2026-02-28 06:12:00,65559.91,65590.51,65559.9,65590.5,2.15827
2026-02-28 06:13:00,65590.51,65590.51,65577.72,65580.62,1.78111
2026-02-28 06:14:00,65580.62,65580.62,65466.63,65492.96,18.33353
2026-02-28 06:15:00,65492.96,65504.55,65389.53,65393.88,21.23112
2026-02-28 06:16:00,65393.87,65393.88,65243.68,65249.32,54.92251
2026-02-28 06:17:00,65249.32,65270.86,64983.87,65006.5,73.25744
2026-02-28 06:18:00,65006.5,65030.86,64501.11,64815.44,385.38339
2026-02-28 06:19:00,64809.24,64981.42,64802.41,64944.0,70.83169
2026-02-28 06:20:00,64943.99,65011.74,64860.63,65011.74,26.28834
2026-02-28 06:21:00,65011.73,65256.64,64973.38,65256.64,73.57927
2026-02-28 06:22:00,65256.63,65279.32,65077.37,65097.49,61.38908
2026-02-28 06:23:00,65097.5,65140.0,64961.26,64990.63,33.33134
2026-02-28 06:24:00,64990.63,65109.38,64960.42,64960.42,27.59167
2026-02-28 06:25:00,64960.43,65000.0,64900.55,64926.51,18.57108
2026-02-28 06:26:00,64926.51,64985.06,64710.0,64710.01,25.18545
2026-02-28 06:27:00,64710.0,64806.96,64588.04,64588.05,65.38624
2026-02-28 06:28:00,64588.05,64635.07,64400.0,64471.68,126.9131
2026-02-28 06:29:00,64471.68,64633.9,64471.68,64570.21,45.00414
2026-02-28 06:30:00,64570.21,64580.05,64383.66,64580.05,42.40369
2026-02-28 06:31:00,64580.04,64580.05,64320.0,64334.87,52.54956
2026-02-28 06:32:00,64334.87,64349.65,64179.7,64179.71,80.6223
2026-02-28 06:33:00,64179.72,64284.12,64078.11,64103.14,73.6416
2026-02-28 06:34:00,64103.15,64184.41,64074.14,64092.8,28.55859
2026-02-28 06:35:00,64093.25,64245.58,64059.14,64078.39,52.33646
2026-02-28 06:36:00,64078.39,64115.56,63607.5,63802.49,251.84385
2026-02-28 06:37:00,63802.49,63871.21,63574.51,63649.82,89.27362
2026-02-28 06:38:00,63649.82,63820.68,63574.61,63736.41,75.09257
2026-02-28 06:39:00,63736.41,63910.99,63711.41,63786.95,59.92074
2026-02-28 06:40:00,63786.94,63953.38,63778.57,63952.93,30.927
2026-02-28 06:41:00,63952.94,64120.91,63736.7,63818.64,171.65435
2026-02-28 06:42:00,63818.63,64017.22,63716.66,64000.37,122.114
2026-02-28 06:43:00,64000.37,64015.92,63916.78,63940.73,52.17116
2026-02-28 06:44:00,63940.73,64052.07,63940.06,64052.07,25.21009
2026-02-28 06:45:00,64052.07,64073.2,63873.59,63873.59,37.28272
2026-02-28 06:46:00,63873.59,63878.01,63792.7,63813.78,21.75382
2026-02-28 06:47:00,63813.77,63903.0,63813.77,63876.63,21.4741
2026-02-28 06:48:00,63876.63,63904.62,63851.76,63904.61,10.62285
2026-02-28 06:49:00,63904.61,63904.61,63750.17,63768.24,23.58314
2026-02-28 06:50:00,63768.24,63777.21,63465.95,63564.51,175.83137
2026-02-28 06:51:00,63564.51,63641.33,63500.02,63627.02,24.06116
2026-02-28 06:52:00,63627.03,63697.15,63600.0,63628.21,22.06119
2026-02-28 06:53:00,63628.21,63658.0,63549.55,63599.11,27.30934
2026-02-28 06:54:00,63599.11,63599.11,63393.15,63400.59,67.04655
2026-02-28 06:55:00,63400.59,63430.56,63263.5,63263.5,61.47918
2026-02-28 06:56:00,63263.51,63391.78,63215.66,63354.01,79.89511
2026-02-28 06:57:00,63354.0,63354.78,63111.17,63120.41,70.06943
2026-02-28 06:58:00,63120.41,63160.56,63030.0,63160.56,118.56565
2026-02-28 06:59:00,63161.67,63281.09,63090.05,63216.01,53.1387
2026-02-28 07:00:00,63216.01,63390.6,63038.0,63300.0,96.32065
2026-02-28 07:01:00,63300.01,63509.76,63210.72,63424.59,69.69845
2026-02-28 07:02:00,63424.59,63611.61,63420.0,63476.0,61.55155
2026-02-28 07:03:00,63476.0,63545.38,63381.14,63427.98,36.6961
2026-02-28 07:04:00,63427.0,63591.85,63401.0,63549.36,39.61171
2026-02-28 07:05:00,63549.36,63642.65,63549.35,63550.01,43.17828
2026-02-28 07:06:00,63550.01,63617.54,63500.0,63613.24,25.927
2026-02-28 07:07:00,63613.24,63753.65,63613.24,63720.27,44.14748
2026-02-28 07:08:00,63720.28,63780.86,63598.43,63650.13,44.287
2026-02-28 07:09:00,63650.13,63693.03,63636.1,63655.46,27.35961
2026-02-28 07:10:00,63655.47,63680.0,63623.57,63646.73,19.2304
2026-02-28 07:11:00,63646.74,63646.74,63501.24,63601.56,41.58674
2026-02-28 07:12:00,63601.55,63648.88,63593.03,63628.53,19.39552
2026-02-28 07:13:00,63628.53,63824.55,63628.53,63820.96,26.94926
2026-02-28 07:14:00,63820.95,63824.16,63748.67,63769.71,20.33422
2026-02-28 07:15:00,63769.72,63850.01,63736.06,63850.01,32.00378
2026-02-28 07:16:00,63850.46,63890.88,63745.73,63776.07,39.42905
2026-02-28 07:17:00,63776.06,63818.71,63761.75,63791.36,13.5328
2026-02-28 07:18:00,63791.36,63835.79,63791.35,63804.01,11.93736
2026-02-28 07:19:00,63804.02,63807.84,63765.56,63765.57,11.47502
2026-02-28 07:20:00,63765.57,63772.92,63606.96,63617.58,34.69588
2026-02-28 07:21:00,63617.58,63654.1,63583.59,63648.47,10.97204
2026-02-28 07:22:00,63648.48,63648.48,63466.28,63466.28,48.94831
2026-02-28 07:23:00,63466.29,63471.5,63354.18,63358.2,54.80275
2026-02-28 07:24:00,63358.19,63432.58,63351.18,63432.52,40.67541
2026-02-28 07:25:00,63432.52,63435.96,63380.28,63390.61,20.01125
2026-02-28 07:26:00,63390.62,63451.76,63390.61,63448.93,20.9674
2026-02-28 07:27:00,63448.93,63554.67,63404.67,63505.53,28.31158
2026-02-28 07:28:00,63505.54,63600.0,63495.89,63547.32,29.97022
2026-02-28 07:29:00,63547.32,63556.0,63491.11,63512.86,16.33373
2026-02-28 07:30:00,63512.85,63521.54,63467.11,63511.52,37.69495
2026-02-28 07:31:00,63511.52,63592.0,63511.52,63567.51,13.17923
2026-02-28 07:32:00,63567.51,63668.07,63567.51,63627.64,28.17928
2026-02-28 07:33:00,63627.64,63700.0,63603.31,63699.99,26.29501
2026-02-28 07:34:00,63700.0,63850.0,63699.99,63839.46,32.69172
2026-02-28 07:35:00,63839.46,63918.5,63810.83,63890.43,37.43913
2026-02-28 07:36:00,63890.43,63929.02,63876.62,63882.12,24.44657
2026-02-28 07:37:00,63882.12,63936.0,63776.51,63936.0,66.67947
2026-02-28 07:38:00,63936.0,64189.58,63933.83,64173.26,68.4169
2026-02-28 07:39:00,64173.25,64327.22,64115.1,64201.7,69.80897
2026-02-28 07:40:00,64201.71,64298.69,64142.55,64278.0,63.56743
2026-02-28 07:41:00,64278.0,64296.22,64192.46,64192.47,18.36688
2026-02-28 07:42:00,64192.47,64230.36,64088.32,64105.44,69.94104
2026-02-28 07:43:00,64105.44,64144.0,64040.0,64060.43,94.19186
2026-02-28 07:44:00,64060.43,64127.72,64035.39,64056.29,49.18381
2026-02-28 07:45:00,64058.04,64068.74,63959.72,63970.28,58.69693
2026-02-28 07:46:00,63970.28,64010.68,63936.81,63969.37,35.86765
2026-02-28 07:47:00,63969.38,64039.54,63962.06,64039.54,21.79322
2026-02-28 07:48:00,64040.0,64046.0,63917.25,63917.26,45.49458
2026-02-28 07:49:00,63917.26,63963.39,63816.05,63816.62,28.38456
2026-02-28 07:50:00,63816.62,63900.0,63807.99,63900.0,22.41406
2026-02-28 07:51:00,63900.0,63933.19,63877.99,63933.19,21.30883
2026-02-28 07:52:00,63933.18,63986.23,63912.01,63912.01,26.64774
2026-02-28 07:53:00,63912.01,63928.36,63876.9,63878.9,12.19805
2026-02-28 07:54:00,63878.9,63926.81,63878.9,63925.09,21.58265
2026-02-28 07:55:00,63925.08,63943.41,63914.5,63922.94,11.93768
2026-02-28 07:56:00,63922.94,63953.94,63903.54,63903.54,15.27284
2026-02-28 07:57:00,63903.55,63905.22,63834.48,63874.64,21.64004
2026-02-28 07:58:00,63874.64,63880.37,63831.86,63837.31,13.02413
2026-02-28 07:59:00,63837.31,63863.51,63820.0,63826.0,41.29351
2026-02-28 08:00:00,63825.99,63825.99,63718.97,63746.03,48.22932
2026-02-28 08:01:00,63746.02,63746.02,63607.6,63624.46,40.28634
2026-02-28 08:02:00,63624.45,63692.75,63624.45,63675.0,14.15987
2026-02-28 08:03:00,63675.0,63715.69,63668.1,63675.04,18.44141
2026-02-28 08:04:00,63675.03,63854.04,63675.03,63815.98,20.99811
2026-02-28 08:05:00,63815.98,63877.09,63733.78,63733.78,15.73008
2026-02-28 08:06:00,63732.51,63759.26,63711.91,63739.1,21.35316
2026-02-28 08:07:00,63739.1,63739.1,63588.0,63592.47,31.52753
2026-02-28 08:08:00,63592.47,63676.01,63591.07,63597.96,29.98706
2026-02-28 08:09:00,63597.96,63613.93,63540.03,63595.04,58.37262
2026-02-28 08:10:00,63595.04,63694.4,63580.13,63686.84,21.80049
2026-02-28 08:11:00,63686.83,63700.66,63653.03,63700.65,22.35094
2026-02-28 08:12:00,63700.65,63727.43,63688.21,63706.9,15.75398
2026-02-28 08:13:00,63706.9,63739.27,63685.82,63688.21,14.3265
2026-02-28 08:14:00,63688.21,63702.67,63610.97,63623.2,21.41316
2026-02-28 08:15:00,63623.2,63704.22,63606.2,63699.73,17.58029
2026-02-28 08:16:00,63699.73,63783.27,63696.68,63738.96,20.62246
2026-02-28 08:17:00,63738.96,63800.0,63733.66,63785.41,13.06986
2026-02-28 08:18:00,63785.4,63800.0,63732.51,63781.26,25.02961
2026-02-28 08:19:00,63781.26,63781.26,63625.37,63625.37,17.96864
2026-02-28 08:20:00,63625.37,63625.37,63420.0,63458.01,72.63633
2026-02-28 08:21:00,63458.02,63563.0,63458.0,63522.04,26.07758
2026-02-28 08:22:00,63522.05,63576.41,63494.19,63559.89,22.80099
2026-02-28 08:23:00,63559.9,63564.07,63492.35,63519.31,12.88857
2026-02-28 08:24:00,63519.32,63603.97,63492.36,63566.04,14.13276
2026-02-28 08:25:00,63566.04,63683.71,63566.04,63633.12,11.19918
2026-02-28 08:26:00,63633.13,63644.73,63614.41,63642.96,18.30227
2026-02-28 08:27:00,63642.96,63666.3,63640.09,63653.74,18.26651
2026-02-28 08:28:00,63653.74,63686.0,63653.74,63666.53,7.63257
2026-02-28 08:29:00,63666.52,63693.47,63628.1,63628.1,6.65072
2026-02-28 08:30:00,63628.11,63655.29,63618.0,63649.8,8.89114
2026-02-28 08:31:00,63649.81,63721.6,63649.8,63677.81,21.1494
2026-02-28 08:32:00,63677.81,63677.81,63532.61,63560.23,22.51702
2026-02-28 08:33:00,63560.24,63599.25,63544.28,63555.43,7.5146
2026-02-28 08:34:00,63555.42,63565.23,63544.83,63558.89,12.14492
2026-02-28 08:35:00,63558.89,63632.93,63540.56,63630.9,13.43319
2026-02-28 08:36:00,63630.9,63641.04,63618.75,63618.75,7.72813
2026-02-28 08:37:00,63618.75,63650.32,63573.03,63645.8,24.77996
2026-02-28 08:38:00,63645.8,63706.68,63645.8,63665.13,12.41604
2026-02-28 08:39:00,63665.13,63665.14,63635.75,63660.46,4.12739
2026-02-28 08:40:00,63660.45,63718.38,63645.88,63718.37,16.9131
2026-02-28 08:41:00,63718.38,63763.85,63711.64,63716.09,10.39547
2026-02-28 08:42:00,63716.1,63733.79,63705.19,63733.79,5.80491
2026-02-28 08:43:00,63733.78,63733.79,63639.52,63653.06,11.94279
2026-02-28 08:44:00,63653.06,63699.2,63599.99,63611.87,33.48583
2026-02-28 08:45:00,63611.88,63658.18,63592.91,63658.18,25.65577
2026-02-28 08:46:00,63658.18,63672.0,63649.8,63651.08,8.27145
2026-02-28 08:47:00,63651.07,63662.76,63651.07,63652.0,10.17459
2026-02-28 08:48:00,63652.01,63691.02,63652.0,63669.96,14.88677
2026-02-28 08:49:00,63669.95,63669.96,63649.82,63649.83,4.13013
2026-02-28 08:50:00,63649.82,63649.83,63558.93,63574.45,16.10721
2026-02-28 08:51:00,63574.46,63601.68,63500.0,63510.97,38.37967
2026-02-28 08:52:00,63510.97,63527.55,63475.0,63497.89,15.68859
2026-02-28 08:53:00,63497.88,63539.64,63476.63,63539.64,6.02844
2026-02-28 08:54:00,63539.64,63571.81,63539.63,63565.55,14.98216
2026-02-28 08:55:00,63565.55,63590.0,63548.89,63551.58,7.2375
2026-02-28 08:56:00,63551.58,63566.07,63514.14,63532.33,15.62335
2026-02-28 08:57:00,63532.34,63532.34,63487.51,63487.51,5.41582
2026-02-28 08:58:00,63487.52,63487.52,63411.39,63420.5,17.8513
2026-02-28 08:59:00,63420.51,63473.28,63420.51,63473.28,4.87283
2026-02-28 09:00:00,63473.27,63555.0,63450.94,63502.88,12.79918
2026-02-28 09:01:00,63502.87,63502.88,63460.6,63497.14,4.01093
2026-02-28 09:02:00,63497.13,63573.1,63494.64,63530.81,6.96587
2026-02-28 09:03:00,63530.81,63573.56,63530.81,63554.99,8.79849
2026-02-28 09:04:00,63554.99,63580.64,63521.79,63558.26,25.70121
2026-02-28 09:05:00,63558.25,63599.0,63541.42,63594.36,6.50961
2026-02-28 09:06:00,63594.36,63594.36,63540.0,63556.73,8.93392
2026-02-28 09:07:00,63556.73,63580.01,63527.65,63527.66,6.64182
2026-02-28 09:08:00,63527.66,63527.66,63486.0,63502.1,6.82952
2026-02-28 09:09:00,63502.09,63502.1,63372.1,63390.67,24.49306
2026-02-28 09:10:00,63390.68,63436.65,63376.55,63436.65,21.0688
2026-02-28 09:11:00,63436.65,63512.94,63401.09,63416.01,16.03566
2026-02-28 09:12:00,63416.0,63480.38,63401.09,63473.99,27.51622
2026-02-28 09:13:00,63474.0,63700.0,63473.99,63685.58,17.2266
2026-02-28 09:14:00,63685.59,63715.52,63665.64,63708.79,13.80484
2026-02-28 09:15:00,63708.8,63708.8,63630.88,63660.01,17.81032
2026-02-28 09:16:00,63660.01,63694.2,63618.42,63626.01,5.67606
2026-02-28 09:17:00,63626.0,63638.71,63592.11,63638.71,5.02315
2026-02-28 09:18:00,63638.7,63639.71,63619.37,63629.22,4.65965
2026-02-28 09:19:00,63629.21,63629.21,63595.11,63595.12,3.08566
2026-02-28 09:20:00,63595.12,63630.73,63595.11,63615.0,6.93072
2026-02-28 09:21:00,63614.99,63645.08,63608.9,63608.92,6.79183
2026-02-28 09:22:00,63608.92,63718.6,63600.0,63704.88,10.3936
2026-02-28 09:23:00,63704.89,63828.55,63692.48,63797.51,14.1522
2026-02-28 09:24:00,63797.5,64005.35,63797.5,63913.15,126.30753
2026-02-28 09:25:00,63913.16,63944.0,63851.71,63937.1,10.47248
2026-02-28 09:26:00,63937.1,63937.1,63800.0,63821.53,14.31516
2026-02-28 09:27:00,63821.53,63821.53,63793.14,63817.26,11.98359
2026-02-28 09:28:00,63817.25,63842.21,63817.25,63835.55,7.54177
2026-02-28 09:29:00,63835.55,63926.64,63835.54,63842.21,21.0898
2026-02-28 09:30:00,63842.2,63842.21,63758.8,63764.12,15.29821
2026-02-28 09:31:00,63764.11,63810.6,63764.11,63810.6,11.11301
2026-02-28 09:32:00,63810.59,63810.63,63780.0,63796.1,6.72783
2026-02-28 09:33:00,63796.1,63796.1,63736.55,63742.03,11.00106
2026-02-28 09:34:00,63742.02,63771.56,63728.57,63728.65,12.09308
2026-02-28 09:35:00,63728.65,63736.35,63700.0,63700.0,10.99979
2026-02-28 09:36:00,63700.0,63700.0,63601.62,63632.75,25.95997
2026-02-28 09:37:00,63632.76,63651.16,63557.89,63600.17,7.66944
2026-02-28 09:38:00,63600.17,63651.56,63600.17,63644.02,9.15962
2026-02-28 09:39:00,63644.03,63660.5,63636.19,63647.63,5.4693
2026-02-28 09:40:00,63647.62,63651.26,63612.0,63612.01,4.11493
2026-02-28 09:41:00,63612.01,63648.0,63587.05,63638.05,5.30973
2026-02-28 09:42:00,63638.06,63660.51,63634.29,63634.3,6.79253
2026-02-28 09:43:00,63634.3,63636.13,63608.01,63625.25,4.82197
2026-02-28 09:44:00,63625.26,63627.05,63612.28,63623.58,5.02049
2026-02-28 09:45:00,63623.58,63630.58,63612.29,63622.24,4.94664
2026-02-28 09:46:00,63622.24,63665.87,63622.23,63639.81,7.58463
2026-02-28 09:47:00,63639.81,63639.82,63556.85,63575.19,7.68143
2026-02-28 09:48:00,63575.19,63650.0,63548.2,63633.92,23.27327
2026-02-28 09:49:00,63633.92,63633.92,63543.98,63580.94,5.73823
2026-02-28 09:50:00,63580.93,63638.68,63574.94,63629.61,8.59251
2026-02-28 09:51:00,63629.6,63721.44,63627.02,63668.32,14.07598
2026-02-28 09:52:00,63668.32,63701.87,63662.0,63670.75,8.92489
2026-02-28 09:53:00,63670.74,63700.0,63658.4,63699.99,4.90806
2026-02-28 09:54:00,63700.0,63726.23,63695.61,63706.69,6.22593
2026-02-28 09:55:00,63706.69,63706.69,63638.68,63646.71,5.78015
2026-02-28 09:56:00,63646.7,63697.42,63646.7,63697.42,5.89423
2026-02-28 09:57:00,63697.41,63708.02,63673.06,63673.07,3.8687
2026-02-28 09:58:00,63673.07,63692.41,63655.15,63692.4,9.84039
2026-02-28 09:59:00,63692.4,63692.41,63658.54,63658.54,4.66214
2026-02-28 10:00:00,63658.55,63658.55,63610.9,63624.24,7.49622
2026-02-28 10:01:00,63624.24,63657.38,63601.74,63615.68,5.54214
2026-02-28 10:02:00,63615.67,63630.0,63600.0,63604.3,10.16334
2026-02-28 10:03:00,63604.3,63604.3,63452.64,63510.73,66.77947
2026-02-28 10:04:00,63510.72,63526.96,63473.66,63473.66,10.15457
2026-02-28 10:05:00,63473.67,63574.62,63473.66,63564.0,30.56785
2026-02-28 10:06:00,63564.01,63582.95,63525.27,63526.49,13.75091
2026-02-28 10:07:00,63526.49,63572.84,63525.55,63536.35,9.4977
2026-02-28 10:08:00,63536.35,63565.56,63536.34,63565.54,6.56475
2026-02-28 10:09:00,63565.55,63579.5,63536.16,63555.08,22.10511
2026-02-28 10:10:00,63555.08,63560.01,63540.57,63549.4,6.11211
2026-02-28 10:11:00,63549.41,63549.8,63504.96,63549.8,9.8047
2026-02-28 10:12:00,63549.79,63573.35,63541.25,63572.01,7.62355
2026-02-28 10:13:00,63572.01,63574.25,63533.71,63552.25,7.64811
2026-02-28 10:14:00,63552.25,63571.14,63547.11,63565.53,9.54048
2026-02-28 10:15:00,63565.53,63581.58,63528.8,63581.58,6.94317
2026-02-28 10:16:00,63581.58,63588.86,63553.14,63588.86,6.43458
2026-02-28 10:17:00,63588.85,63715.0,63588.49,63697.99,132.40685
2026-02-28 10:18:00,63697.99,63736.55,63684.61,63727.13,12.09392
2026-02-28 10:19:00,63727.13,63752.76,63717.26,63751.37,17.26793
2026-02-28 10:20:00,63751.38,63788.81,63732.93,63788.8,12.91802
2026-02-28 10:21:00,63788.81,63836.73,63761.6,63805.64,62.42711
2026-02-28 10:22:00,63805.65,63943.54,63805.64,63894.6,220.82058
2026-02-28 10:23:00,63894.6,63959.78,63830.13,63927.7,112.94307
2026-02-28 10:24:00,63927.7,64050.61,63865.6,63923.49,240.95112
2026-02-28 10:25:00,63923.49,64053.93,63886.32,63928.11,136.34041
2026-02-28 10:26:00,63928.1,64015.41,63886.32,63886.32,47.33383
2026-02-28 10:27:00,63886.32,63892.47,63879.84,63879.84,9.20875
2026-02-28 10:28:00,63879.85,63879.85,63843.85,63854.19,11.81847
2026-02-28 10:29:00,63854.18,63854.19,63808.0,63844.2,13.25345
2026-02-28 10:30:00,63846.23,63892.31,63842.77,63890.16,10.90838
2026-02-28 10:31:00,63890.15,64013.75,63873.36,63967.56,38.81226
2026-02-28 10:32:00,63967.56,64053.62,63937.6,63946.12,43.98272
2026-02-28 10:33:00,63946.12,64029.22,63946.12,63976.39,12.87206
2026-02-28 10:34:00,63976.39,64039.52,63969.62,64013.74,19.90793
2026-02-28 10:35:00,64013.75,64028.88,63983.99,64000.0,24.91188
2026-02-28 10:36:00,64000.01,64010.77,63967.57,64008.0,23.85473
2026-02-28 10:37:00,64008.0,64017.39,63997.47,64007.84,7.40067
2026-02-28 10:38:00,64007.84,64031.11,64007.83,64020.38,12.47509
2026-02-28 10:39:00,64020.39,64020.39,63999.19,64002.36,6.27566
2026-02-28 10:40:00,64002.36,64020.27,63996.59,63996.59,7.96675
2026-02-28 10:41:00,63996.6,64003.01,63950.6,63951.39,6.85444
2026-02-28 10:42:00,63951.39,63974.72,63951.38,63952.33,3.10151
2026-02-28 10:43:00,63952.33,63985.43,63945.64,63981.18,8.26034
2026-02-28 10:44:00,63981.18,63981.18,63952.0,63952.01,2.55899
2026-02-28 10:45:00,63952.01,63952.01,63919.24,63933.99,5.5017
2026-02-28 10:46:00,63934.0,63948.51,63900.0,63902.1,3.71736
2026-02-28 10:47:00,63902.11,63916.19,63889.46,63889.46,7.21455
2026-02-28 10:48:00,63889.47,63955.68,63889.46,63951.09,6.494
2026-02-28 10:49:00,63951.09,63960.84,63919.02,63953.81,6.25993
2026-02-28 10:50:00,63953.82,64019.75,63953.82,63990.43,11.21295
2026-02-28 10:51:00,63990.43,63990.43,63880.0,63891.95,8.60874
2026-02-28 10:52:00,63891.94,63926.96,63891.94,63920.55,4.74771
2026-02-28 10:53:00,63920.55,63932.45,63920.55,63925.45,4.34449
2026-02-28 10:54:00,63925.45,63948.5,63908.0,63948.5,11.81661
2026-02-28 10:55:00,63948.5,63948.5,63915.17,63947.41,8.8927
2026-02-28 10:56:00,63947.42,63979.5,63941.02,63964.47,11.42598
2026-02-28 10:57:00,63964.47,63965.1,63951.03,63962.93,7.21038
2026-02-28 10:58:00,63962.93,64029.21,63962.92,64002.77,32.79191
2026-02-28 10:59:00,64002.78,64021.28,63996.23,64010.39,6.53243
2026-02-28 11:00:00,64010.38,64013.17,63980.67,63986.77,4.8951
2026-02-28 11:01:00,63986.77,64081.99,63966.0,64025.06,26.4194
2026-02-28 11:02:00,64025.06,64166.13,64009.6,64151.49,34.93391
2026-02-28 11:03:00,64151.49,64221.0,64146.55,64221.0,67.9623
2026-02-28 11:04:00,64221.0,64221.0,64137.35,64156.89,9.10132
2026-02-28 11:05:00,64156.89,64164.26,64046.53,64077.38,26.21339
2026-02-28 11:06:00,64077.37,64115.47,64077.37,64115.44,14.26707
2026-02-28 11:07:00,64115.45,64115.45,64098.59,64098.71,14.12305
2026-02-28 11:08:00,64098.71,64114.97,64098.7,64108.56,2.66744
2026-02-28 11:09:00,64108.57,64108.57,64046.58,64054.85,12.85828
2026-02-28 11:10:00,64054.86,64092.02,64047.78,64087.68,8.56926
2026-02-28 11:11:00,64087.68,64092.02,64079.8,64087.85,6.65448
2026-02-28 11:12:00,64087.85,64138.0,64087.85,64093.36,10.84378
2026-02-28 11:13:00,64093.37,64093.37,64056.74,64056.75,9.26376
2026-02-28 11:14:00,64056.75,64089.46,64056.74,64089.45,6.0763
2026-02-28 11:15:00,64089.45,64102.24,64081.58,64098.36,7.06996
2026-02-28 11:16:00,64098.35,64098.36,64056.75,64056.76,8.1918
2026-02-28 11:17:00,64056.76,64056.76,64043.56,64049.04,5.48622
2026-02-28 11:18:00,64049.04,64072.96,64040.0,64055.06,24.08604
2026-02-28 11:19:00,64055.07,64081.53,64045.35,64061.53,7.77026
2026-02-28 11:20:00,64061.53,64164.16,64061.52,64161.13,7.13755
2026-02-28 11:21:00,64161.12,64184.0,64153.88,64182.71,6.57508
2026-02-28 11:22:00,64182.7,64182.71,64118.8,64129.35,16.84771
2026-02-28 11:23:00,64129.35,64129.35,64115.26,64122.92,12.45794
2026-02-28 11:24:00,64122.92,64123.08,64106.7,64123.07,10.98463
2026-02-28 11:25:00,64123.08,64172.73,64123.07,64128.82,15.01253
2026-02-28 11:26:00,64128.82,64137.57,64092.2,64120.58,22.72716
2026-02-28 11:27:00,64120.57,64260.0,64111.91,64228.73,38.61671
2026-02-28 11:28:00,64228.73,64307.26,64205.89,64293.48,23.54846
2026-02-28 11:29:00,64293.48,64293.48,64228.39,64250.89,30.58983
2026-02-28 11:30:00,64250.9,64307.44,64238.49,64301.38,21.74903
2026-02-28 11:31:00,64301.39,64301.39,64219.02,64236.8,31.26608
2026-02-28 11:32:00,64236.81,64269.91,64222.07,64222.07,38.15301
2026-02-28 11:33:00,64222.07,64222.07,64200.0,64206.17,38.04535
2026-02-28 11:34:00,64206.16,64206.17,64179.0,64184.01,25.42878
2026-02-28 11:35:00,64184.02,64184.02,64139.23,64180.16,35.94223
2026-02-28 11:36:00,64180.16,64180.17,64139.24,64139.24,10.45735
2026-02-28 11:37:00,64139.25,64160.92,64119.57,64127.77,14.63242
2026-02-28 11:38:00,64127.77,64127.77,64087.66,64087.66,12.37297
2026-02-28 11:39:00,64087.67,64099.75,64048.45,64048.46,13.40279
2026-02-28 11:40:00,64048.45,64048.46,64000.0,64011.99,61.61516
2026-02-28 11:41:00,64011.98,64059.47,64000.0,64016.7,18.09663
2026-02-28 11:42:00,64016.7,64016.7,63992.75,64002.96,35.41055
2026-02-28 11:43:00,64002.95,64023.46,64002.95,64007.52,17.00852
2026-02-28 11:44:00,64007.52,64032.69,64007.51,64015.97,6.81783
2026-02-28 11:45:00,64015.97,64034.75,64006.17,64034.74,11.94887
2026-02-28 11:46:00,64034.75,64064.0,64006.73,64052.24,40.01949
2026-02-28 11:47:00,64052.25,64076.92,64047.23,64062.81,37.12053
2026-02-28 11:48:00,64062.81,64062.81,64024.9,64024.91,14.63547
2026-02-28 11:49:00,64024.91,64042.53,64018.6,64042.53,9.96559
2026-02-28 11:50:00,64042.53,64048.95,64026.36,64026.37,15.83394
2026-02-28 11:51:00,64026.37,64026.37,64018.53,64018.54,2.13662
2026-02-28 11:52:00,64018.54,64034.04,64010.3,64010.3,5.20066
2026-02-28 11:53:00,64010.3,64021.66,63993.0,64006.23,9.09031
2026-02-28 11:54:00,64006.23,64013.53,63944.36,63944.36,14.08508
2026-02-28 11:55:00,63944.36,63970.88,63917.76,63917.77,8.34682
