recv_ns,block_number,block_timestamp_s,updated_at_s,price_usd,round_id,symbol
1772524912917054700,83702442,1772524915,1772524915,68161.30,3343922,BTC
1772524946690508100,83702459,1772524949,1772524949,68163.88,3343923,BTC
1772525310712139000,83702641,1772525313,1772525313,68083.71,3343934,BTC
1772525342984006700,83702657,1772525345,1772525345,68093.09,3343935,BTC
1772525380912111600,83702676,1772525383,1772525383,68159.74,3343936,BTC
1772525444953241400,83702708,1772525447,1772525447,68196.25,3343937,BTC
1772525475048911400,83702723,1772525477,1772525477,68229.42,3343938,BTC
1772525508781122800,83702740,1772525511,1772525511,68263.80,3343939,BTC
1772525540819504000,83702756,1772525543,1772525543,68182.10,3343940,BTC
1772525574938957700,83702773,1772525577,1772525577,68190.51,3343941,BTC
1772525606966313700,83702789,1772525609,1772525609,68206.36,3343942,BTC
1772525640737826400,83702806,1772525643,1772525643,68184.23,3343943,BTC
1772525673105547300,83702822,1772525675,1772525675,68085.00,3343944,BTC
1772525685043006500,83702828,1772525687,1772525687,67992.10,3343945,BTC
1772525718978207600,83702845,1772525721,1772525721,67969.29,3343946,BTC
1772525750703266700,83702861,1772525753,1772525753,67997.46,3343947,BTC
1772525782852472300,83702877,1772525785,1772525785,68005.88,3343948,BTC
1772525817070371600,83702894,1772525819,1772525819,67968.17,3343949,BTC
1772525850842328500,83702911,1772525853,1772525853,68002.16,3343950,BTC
1772525883174858700,83702927,1772525885,1772525885,68035.67,3343951,BTC
1772525914768161300,83702943,1772525917,1772525917,68085.49,3343952,BTC
1772525948867867300,83702960,1772525951,1772525951,68028.71,3343953,BTC
1772525961118165800,83702966,1772525963,1772525963,67948.73,3343954,BTC
1772526002922301900,83702987,1772526005,1772526005,67984.11,3343955,BTC
1772526036954793600,83703004,1772526039,1772526039,67967.14,3343956,BTC
1772526059024290600,83703015,1772526061,1772526061,67883.15,3343957,BTC
1772526092788440900,83703032,1772526095,1772526095,67863.61,3343958,BTC
1772526124759613800,83703048,1772526127,1772526127,67907.85,3343959,BTC
1772526158763016800,83703065,1772526161,1772526161,67926.98,3343960,BTC
1772526190682092100,83703081,1772526193,1772526193,67914.37,3343961,BTC
1772526224740180000,83703098,1772526227,1772526227,67938.86,3343962,BTC
1772526256751779200,83703114,1772526259,1772526259,67935.02,3343963,BTC
1772526290950581600,83703131,1772526293,1772526293,67932.84,3343964,BTC
1772526322999934500,83703147,1772526325,1772526325,67904.14,3343965,BTC
1772526367064521400,83703169,1772526369,1772526369,67798.91,3343966,BTC
1772526400765372700,83703186,1772526403,1772526403,67774.34,3343967,BTC
1772526422878210600,83703197,1772526425,1772526425,67842.71,3343968,BTC
1772526454657331300,83703213,1772526457,1772526457,67814.58,3343969,BTC
1772526488824762500,83703230,1772526491,1772526491,67812.36,3343970,BTC
1772526520594715400,83703246,1772526523,1772526523,67818.11,3343971,BTC
1772526554870968700,83703263,1772526557,1772526557,67770.32,3343972,BTC
1772526586654438500,83703279,1772526589,1772526589,67768.65,3343973,BTC
1772526643065842000,83703307,1772526645,1772526645,67734.88,3343974,BTC
1772526650833445100,83703311,1772526653,1772526653,67657.98,3343975,BTC
1772526686998230000,83703329,1772526689,1772526689,67680.00,3343976,BTC
1772526718695396000,83703345,1772526721,1772526721,67655.81,3343977,BTC
1772526752830682100,83703362,1772526755,1772526755,67600.06,3343978,BTC
1772526784886715800,83703378,1772526787,1772526787,67598.76,3343979,BTC
1772526818660565300,83703395,1772526821,1772526821,67622.51,3343980,BTC
1772526850646534600,83703411,1772526853,1772526853,67639.77,3343981,BTC
1772526884581084800,83703428,1772526887,1772526887,67629.42,3343982,BTC
1772526916834977100,83703444,1772526919,1772526919,67597.63,3343983,BTC
1772526950682091600,83703461,1772526953,1772526953,67645.49,3343984,BTC
1772526984767725400,83703478,1772526987,1772526987,67691.70,3343985,BTC
1772527016701762300,83703494,1772527019,1772527019,67704.27,3343986,BTC
1772527048683933000,83703510,1772527051,1772527051,67686.18,3343987,BTC
1772527082997811100,83703527,1772527085,1772527085,67595.48,3343988,BTC
1772527116771457900,83703544,1772527119,1772527119,67608.95,3343989,BTC
1772527148886051700,83703560,1772527151,1772527151,67549.18,3343990,BTC
1772527182718611900,83703577,1772527185,1772527185,67535.54,3343991,BTC
1772527235064099500,83703603,1772527237,1772527237,67455.88,3343992,BTC
1772527270915667700,83703621,1772527273,1772527273,67434.95,3343993,BTC
1772527302724368800,83703637,1772527305,1772527305,67439.74,3343994,BTC
1772527336798363400,83703654,1772527339,1772527339,67397.36,3343995,BTC
1772527368651050300,83703670,1772527371,1772527371,67375.67,3343996,BTC
1772527402712078200,83703687,1772527405,1772527405,67386.63,3343997,BTC
1772527434674867000,83703703,1772527437,1772527437,67356.84,3343998,BTC
1772527468701253200,83703720,1772527471,1772527471,67316.12,3343999,BTC
1772527500685942100,83703736,1772527503,1772527503,67337.84,3344000,BTC
1772527544987589200,83703758,1772527547,1772527547,67286.36,3344001,BTC
1772527578917617600,83703775,1772527581,1772527581,67325.53,3344002,BTC
1772527611079242300,83703791,1772527613,1772527613,67212.00,3344003,BTC
1772527644742148200,83703808,1772527647,1772527647,67208.99,3344004,BTC
1772527676827787700,83703824,1772527679,1772527679,67225.00,3344005,BTC
1772527710867720700,83703841,1772527713,1772527713,67182.38,3344006,BTC
1772527742742944300,83703857,1772527745,1772527745,67158.39,3344007,BTC
1772527776927333100,83703874,1772527779,1772527779,67125.82,3344008,BTC
1772527810993363900,83703891,1772527813,1772527813,67121.47,3344009,BTC
1772527842763831200,83703907,1772527845,1772527845,67090.95,3344010,BTC
1772527876617819600,83703924,1772527879,1772527879,67147.88,3344011,BTC
1772527908816877000,83703940,1772527911,1772527911,67091.02,3344012,BTC
1772527942585318600,83703957,1772527945,1772527945,67108.02,3344013,BTC
1772527974700252000,83703973,1772527977,1772527977,67108.33,3344014,BTC
1772528008670982100,83703990,1772528011,1772528011,67098.52,3344015,BTC
1772528040760648800,83704006,1772528043,1772528043,67117.73,3344016,BTC
1772528074804844800,83704023,1772528077,1772528077,67096.10,3344017,BTC
1772528107027604500,83704039,1772528109,1772528109,67075.00,3344018,BTC
1772528126857759300,83704049,1772528129,1772528129,66975.81,3344019,BTC
1772528162829254200,83704067,1772528165,1772528165,66992.64,3344020,BTC
1772528194812459600,83704083,1772528197,1772528197,66922.01,3344021,BTC
1772528228719028300,83704100,1772528231,1772528231,66935.00,3344022,BTC
1772528260588009200,83704116,1772528263,1772528263,66905.40,3344023,BTC
1772528294610546100,83704133,1772528297,1772528297,67009.63,3344024,BTC
1772528326628744500,83704149,1772528329,1772528329,67006.82,3344025,BTC
1772528350729559600,83704161,1772528353,1772528353,66939.56,3344026,BTC
1772528382605948800,83704177,1772528385,1772528385,66984.51,3344027,BTC
1772528414895336100,83704193,1772528417,1772528417,66956.20,3344028,BTC
1772528462980686700,83704217,1772528465,1772528465,67058.67,3344029,BTC
1772528504747913800,83704238,1772528507,1772528507,67024.74,3344030,BTC
1772528537932762400,83704254,1772528539,1772528539,67023.43,3344031,BTC
1772528570691292300,83704271,1772528573,1772528573,67014.40,3344032,BTC
1772528602614674000,83704287,1772528605,1772528605,67002.07,3344033,BTC
1772528634722969600,83704303,1772528637,1772528637,67012.75,3344034,BTC
1772528668778832800,83704320,1772528671,1772528671,66986.93,3344035,BTC
1772528702941333700,83704337,1772528705,1772528705,66952.82,3344036,BTC
1772528722853765000,83704347,1772528725,1772528725,66881.44,3344037,BTC
1772528744632481500,83704358,1772528747,1772528747,66971.90,3344038,BTC
1772528778957963400,83704375,1772528781,1772528781,67060.00,3344039,BTC
1772528812718562800,83704392,1772528815,1772528815,67065.24,3344040,BTC
1772528844654166500,83704408,1772528847,1772528847,67062.51,3344041,BTC
1772528878619670800,83704425,1772528881,1772528881,67058.94,3344042,BTC
1772528910887343300,83704441,1772528913,1772528913,67129.93,3344043,BTC
1772528944724752500,83704458,1772528947,1772528947,67146.59,3344044,BTC
1772528976586845600,83704474,1772528979,1772528979,67157.98,3344045,BTC
1772529010899819000,83704491,1772529013,1772529013,67100.00,3344046,BTC
1772529042737420200,83704507,1772529045,1772529045,67071.29,3344047,BTC
1772529076650189600,83704524,1772529079,1772529079,67138.76,3344048,BTC
1772529108564333600,83704540,1772529111,1772529111,67116.50,3344049,BTC
1772529142901785800,83704557,1772529145,1772529145,67073.92,3344050,BTC
1772529174713580700,83704573,1772529177,1772529177,67039.94,3344051,BTC
1772529208663039800,83704590,1772529211,1772529211,67064.28,3344052,BTC
1772529240634998500,83704606,1772529243,1772529243,67072.45,3344053,BTC
1772529274644751000,83704623,1772529277,1772529277,67103.52,3344054,BTC
1772529306987941900,83704639,1772529309,1772529309,67062.65,3344055,BTC
1772529340780670900,83704656,1772529343,1772529343,67079.53,3344056,BTC
1772529372788101000,83704672,1772529375,1772529375,67088.77,3344057,BTC
1772529416788208200,83704694,1772529419,1772529419,67052.60,3344058,BTC
1772529450740488000,83704711,1772529453,1772529453,67031.98,3344059,BTC
1772529472804951000,83704722,1772529475,1772529475,67117.26,3344060,BTC
1772529506662188000,83704739,1772529509,1772529509,67102.56,3344061,BTC
1772529538714545300,83704755,1772529541,1772529541,67093.00,3344062,BTC
1772529570724533400,83704771,1772529573,1772529573,67085.68,3344063,BTC
1772529604876980900,83704788,1772529607,1772529607,67113.50,3344064,BTC
1772529638687080500,83704805,1772529641,1772529641,67084.78,3344065,BTC
1772529670791950400,83704821,1772529673,1772529673,67060.90,3344066,BTC
1772529704491041900,83704838,1772529707,1772529707,67054.77,3344067,BTC
1772529736617176500,83704854,1772529739,1772529739,67029.72,3344068,BTC
1772529770619397100,83704871,1772529773,1772529773,67050.18,3344069,BTC
1772529803019502800,83704887,1772529805,1772529805,67046.10,3344070,BTC
1772529836567371400,83704904,1772529839,1772529839,67013.88,3344071,BTC
1772529858698086300,83704915,1772529861,1772529861,66937.94,3344072,BTC
1772529890595386200,83704931,1772529893,1772529893,66977.75,3344073,BTC
1772529924593563500,83704948,1772529927,1772529927,66983.69,3344074,BTC
1772529956825495200,83704964,1772529959,1772529959,66946.31,3344075,BTC
1772529990858026900,83704981,1772529993,1772529993,66880.29,3344076,BTC
1772530012746895400,83704992,1772530015,1772530015,66768.17,3344077,BTC
1772530044524774200,83705008,1772530047,1772530047,66745.47,3344078,BTC
1772530078568470200,83705025,1772530081,1772530081,66670.03,3344079,BTC
1772530110507731500,83705041,1772530113,1772530113,66591.01,3344080,BTC
1772530144540081800,83705058,1772530147,1772530147,66616.82,3344081,BTC
1772530176508565300,83705074,1772530179,1772530179,66628.68,3344082,BTC
1772530210838154100,83705091,1772530213,1772530213,66607.36,3344083,BTC
1772530254812061400,83705113,1772530257,1772530257,66571.12,3344084,BTC
1772530298839461700,83705135,1772530301,1772530301,66486.64,3344085,BTC
1772530338816728700,83705155,1772530341,1772530341,66371.34,3344086,BTC
1772530346895282800,83705159,1772530349,1772530349,66446.37,3344087,BTC
1772530386656940600,83705179,1772530389,1772530389,66513.91,3344088,BTC
1772530420775649400,83705196,1772530423,1772530423,66601.03,3344089,BTC
1772530464815431900,83705218,1772530467,1772530467,66595.95,3344090,BTC
1772530520859400800,83705246,1772530523,1772530523,66621.10,3344091,BTC
1772530552804791700,83705262,1772530555,1772530555,66598.22,3344092,BTC
1772530584664600300,83705278,1772530587,1772530587,66586.97,3344093,BTC
1772530618611815700,83705295,1772530621,1772530621,66589.55,3344094,BTC
1772530640867507500,83705306,1772530643,1772530643,66506.99,3344095,BTC
1772530672667569700,83705322,1772530675,1772530675,66527.86,3344096,BTC
1772530706799174400,83705339,1772530709,1772530709,66643.33,3344097,BTC
1772530738800463800,83705355,1772530741,1772530741,66662.71,3344098,BTC
1772530772709544600,83705372,1772530775,1772530775,66619.59,3344099,BTC
1772530804805035800,83705388,1772530807,1772530807,66615.07,3344100,BTC
1772530838607989300,83705405,1772530841,1772530841,66587.85,3344101,BTC
1772530870706693100,83705421,1772530873,1772530873,66564.42,3344102,BTC
1772530904948772500,83705438,1772530907,1772530907,66532.15,3344103,BTC
1772530936482966700,83705454,1772530939,1772530939,66536.32,3344104,BTC
1772530970626777000,83705471,1772530973,1772530973,66524.28,3344105,BTC
1772531002819622600,83705487,1772531005,1772531005,66542.09,3344106,BTC
1772531036754718700,83705504,1772531039,1772531039,66537.82,3344107,BTC
1772531069625753300,83705520,1772531071,1772531071,66504.56,3344108,BTC
1772531102779254700,83705537,1772531105,1772531105,66532.36,3344109,BTC
1772531134601498100,83705553,1772531137,1772531137,66501.47,3344110,BTC
1772531168612704900,83705570,1772531171,1772531171,66492.48,3344111,BTC
1772531200619757700,83705586,1772531203,1772531203,66471.60,3344112,BTC
1772531234537159800,83705603,1772531237,1772531237,66465.67,3344113,BTC
1772531266531923300,83705619,1772531269,1772531269,66473.66,3344114,BTC
1772531300505953800,83705636,1772531303,1772531303,66469.63,3344115,BTC
1772531334678800900,83705653,1772531337,1772531337,66447.85,3344116,BTC
1772531366688452800,83705669,1772531369,1772531369,66429.05,3344117,BTC
1772531398675885100,83705685,1772531401,1772531401,66448.31,3344118,BTC
1772531432630949500,83705702,1772531435,1772531435,66457.18,3344119,BTC
1772531466754637900,83705719,1772531469,1772531469,66409.82,3344120,BTC
1772531498716413200,83705735,1772531501,1772531501,66464.85,3344121,BTC
1772531532749067800,83705752,1772531535,1772531535,66433.89,3344122,BTC
1772531564886358200,83705768,1772531567,1772531567,66506.97,3344123,BTC
1772531598688837400,83705785,1772531601,1772531601,66528.98,3344124,BTC
1772531630539411300,83705801,1772531633,1772531633,66521.19,3344125,BTC
1772531664924357700,83705818,1772531667,1772531667,66541.66,3344126,BTC
1772531698793989700,83705835,1772531701,1772531701,66496.36,3344127,BTC
1772531718915615500,83705845,1772531721,1772531721,66567.44,3344128,BTC
1772531752937327700,83705862,1772531755,1772531755,66609.12,3344129,BTC
1772531784702794700,83705878,1772531787,1772531787,66607.13,3344130,BTC
1772531818703265400,83705895,1772531821,1772531821,66621.82,3344131,BTC
1772531850628246600,83705911,1772531853,1772531853,66635.76,3344132,BTC
1772531884647964700,83705928,1772531887,1772531887,66630.41,3344133,BTC
1772531916547381400,83705944,1772531919,1772531919,66628.84,3344134,BTC
1772531950505473500,83705961,1772531953,1772531953,66626.26,3344135,BTC
1772531982535683200,83705977,1772531985,1772531985,66629.89,3344136,BTC
1772532016772765600,83705994,1772532019,1772532019,66581.35,3344137,BTC
1772532048685993600,83706010,1772532051,1772532051,66593.98,3344138,BTC
1772532082598607700,83706027,1772532085,1772532085,66564.64,3344139,BTC
1772532114619649100,83706043,1772532117,1772532117,66522.00,3344140,BTC
1772532148549730600,83706060,1772532151,1772532151,66530.47,3344141,BTC
1772532182591870700,83706077,1772532185,1772532185,66478.75,3344142,BTC
1772532214569712200,83706093,1772532217,1772532217,66500.27,3344143,BTC
1772532246716172800,83706109,1772532249,1772532249,66558.93,3344144,BTC
1772532280869381500,83706126,1772532283,1772532283,66640.13,3344145,BTC
1772532314619092900,83706143,1772532317,1772532317,66604.06,3344146,BTC
1772532346601882500,83706159,1772532349,1772532349,66572.12,3344147,BTC
1772532380494800000,83706176,1772532383,1772532383,66545.75,3344148,BTC
1772532412615518000,83706192,1772532415,1772532415,66522.01,3344149,BTC
1772532446505474900,83706209,1772532449,1772532449,66489.56,3344150,BTC
1772532478446172700,83706225,1772532481,1772532481,66527.02,3344151,BTC
1772532512607654700,83706242,1772532515,1772532515,66553.57,3344152,BTC
1772532546896755500,83706259,1772532549,1772532549,66520.20,3344153,BTC
1772532578451003600,83706275,1772532581,1772532581,66512.26,3344154,BTC
1772532612595812700,83706292,1772532615,1772532615,66480.51,3344155,BTC
1772532644603181100,83706308,1772532647,1772532647,66482.65,3344156,BTC
1772532678475744900,83706325,1772532681,1772532681,66473.26,3344157,BTC
1772532710625202900,83706341,1772532713,1772532713,66468.77,3344158,BTC
1772532742733572700,83706357,1772532745,1772532745,66506.23,3344159,BTC
1772532776565704300,83706374,1772532779,1772532779,66528.50,3344160,BTC
1772532808554029300,83706390,1772532811,1772532811,66532.45,3344161,BTC
1772532842773688200,83706407,1772532845,1772532845,66539.77,3344162,BTC
1772532875142226500,83706423,1772532877,1772532877,66487.87,3344163,BTC
1772532912874264100,83706442,1772532915,1772532915,66489.65,3344164,BTC
1772532952579860900,83706462,1772532955,1772532955,66501.43,3344165,BTC
1772532984726249400,83706478,1772532987,1772532987,66490.57,3344166,BTC
1772533018626355100,83706495,1772533021,1772533021,66444.31,3344167,BTC
1772533050714534800,83706511,1772533053,1772533053,66542.04,3344168,BTC
1772533084695662800,83706528,1772533087,1772533087,66542.56,3344169,BTC
1772533118542414800,83706545,1772533121,1772533121,66533.78,3344170,BTC
1772533152702461800,83706562,1772533155,1772533155,66523.41,3344171,BTC
1772533184452940700,83706578,1772533187,1772533187,66521.72,3344172,BTC
1772533216490988100,83706594,1772533219,1772533219,66546.94,3344173,BTC
1772533250614029100,83706611,1772533253,1772533253,66569.03,3344174,BTC
1772533286673979300,83706629,1772533289,1772533289,66608.86,3344175,BTC
1772533326635755100,83706649,1772533329,1772533329,66603.34,3344176,BTC
1772533360584019000,83706666,1772533363,1772533363,66601.19,3344177,BTC
1772533392775462800,83706682,1772533395,1772533395,66612.82,3344178,BTC
1772533426733408800,83706699,1772533429,1772533429,66670.92,3344179,BTC
1772533458407558100,83706715,1772533461,1772533461,66664.49,3344180,BTC
1772533492362045900,83706732,1772533495,1772533495,66658.30,3344181,BTC
1772533524773818700,83706748,1772533527,1772533527,66596.00,3344182,BTC
1772533558439307400,83706765,1772533561,1772533561,66607.69,3344183,BTC
1772533590469143000,83706781,1772533593,1772533593,66597.89,3344184,BTC
1772533612714813800,83706792,1772533615,1772533615,66525.39,3344185,BTC
1772533646451314000,83706809,1772533649,1772533649,66516.15,3344186,BTC
1772533678637451600,83706825,1772533681,1772533681,66513.64,3344187,BTC
1772533712470190700,83706842,1772533715,1772533715,66493.63,3344188,BTC
1772533746713876800,83706859,1772533749,1772533749,66499.71,3344189,BTC
1772533778517543600,83706875,1772533781,1772533781,66514.66,3344190,BTC
1772533810813775700,83706891,1772533813,1772533813,66481.19,3344191,BTC
1772533844544896600,83706908,1772533847,1772533847,66483.55,3344192,BTC
1772533878461150600,83706925,1772533881,1772533881,66480.46,3344193,BTC
1772533910735900700,83706941,1772533913,1772533913,66506.67,3344194,BTC
1772533944613155800,83706958,1772533947,1772533947,66535.76,3344195,BTC
1772533976535168000,83706974,1772533979,1772533979,66527.33,3344196,BTC
1772534010572120500,83706991,1772534013,1772534013,66505.34,3344197,BTC
1772534044635769100,83707008,1772534047,1772534047,66473.51,3344198,BTC
1772534076668789500,83707024,1772534079,1772534079,66482.36,3344199,BTC
1772534108540097300,83707040,1772534111,1772534111,66494.07,3344200,BTC
1772534142590732100,83707057,1772534145,1772534145,66492.20,3344201,BTC
1772534174463169900,83707073,1772534177,1772534177,66505.04,3344202,BTC
1772534208602331400,83707090,1772534211,1772534211,66496.68,3344203,BTC
1772534240508719300,83707106,1772534243,1772534243,66515.10,3344204,BTC
1772534274462337400,83707123,1772534277,1772534277,66519.37,3344205,BTC
1772534306455016100,83707139,1772534309,1772534309,66519.90,3344206,BTC
1772534340446049700,83707156,1772534343,1772534343,66507.09,3344207,BTC
1772534372501090100,83707172,1772534375,1772534375,66507.69,3344208,BTC
1772534426674747700,83707199,1772534429,1772534429,66449.35,3344209,BTC
1772534456751170700,83707214,1772534459,1772534459,66525.57,3344210,BTC
1772534482388988300,83707227,1772534485,1772534485,66602.74,3344211,BTC
1772534516428007100,83707244,1772534519,1772534519,66587.24,3344212,BTC
1772534548483027200,83707260,1772534551,1772534551,66615.98,3344213,BTC
1772534582755912000,83707277,1772534585,1772534585,66659.02,3344214,BTC
1772534616479550100,83707294,1772534619,1772534619,66638.44,3344215,BTC
1772534648320001800,83707310,1772534651,1772534651,66654.81,3344216,BTC
1772534680490531800,83707326,1772534683,1772534683,66660.35,3344217,BTC
1772534714756379300,83707343,1772534717,1772534717,66723.38,3344218,BTC
1772534746554890500,83707359,1772534749,1772534749,66714.41,3344219,BTC
1772534780751971700,83707376,1772534783,1772534783,66756.01,3344220,BTC
1772534814717507000,83707393,1772534817,1772534817,66788.79,3344221,BTC
1772534846713481700,83707409,1772534849,1772534849,66846.28,3344222,BTC
1772534881567293500,83707425,1772534881,1772534881,66846.91,3344223,BTC
1772534915626776500,83707442,1772534915,1772534915,66813.73,3344224,BTC
1772534949551656000,83707459,1772534949,1772534949,66879.88,3344225,BTC
1772534981498831200,83707475,1772534981,1772534981,66952.71,3344226,BTC
1772535015856256100,83707492,1772535015,1772535015,66913.26,3344227,BTC
1772535047724235900,83707508,1772535047,1772535047,66848.91,3344228,BTC
1772535081697853300,83707525,1772535081,1772535081,66862.08,3344229,BTC
1772535113640404200,83707541,1772535113,1772535113,66794.57,3344230,BTC
1772535147530809900,83707558,1772535147,1772535147,66827.46,3344231,BTC
1772535179477579400,83707574,1772535179,1772535179,66786.20,3344232,BTC
1772535213544322400,83707591,1772535213,1772535213,66781.78,3344233,BTC
1772535245644328200,83707607,1772535245,1772535245,66781.60,3344234,BTC
1772535279416659100,83707624,1772535279,1772535279,66755.98,3344235,BTC
1772535311783216700,83707640,1772535311,1772535311,66732.87,3344236,BTC
1772535345536407900,83707657,1772535345,1772535345,66739.66,3344237,BTC
1772535381720505400,83707675,1772535381,1772535381,66743.25,3344238,BTC
1772535421695799000,83707695,1772535421,1772535421,66703.29,3344239,BTC
1772535455604947000,83707712,1772535455,1772535455,66729.04,3344240,BTC
1772535487719120600,83707728,1772535487,1772535487,66706.01,3344241,BTC
1772535521613294600,83707745,1772535521,1772535521,66740.43,3344242,BTC
1772539795392717400,83709882,1772539795,1772539795,67438.68,3344369,BTC
1772539827704491300,83709898,1772539827,1772539827,67510.98,3344370,BTC
1772539861336591700,83709915,1772539861,1772539861,67501.53,3344371,BTC
1772539893648700200,83709931,1772539893,1772539893,67576.69,3344372,BTC
1772539927481732600,83709948,1772539927,1772539927,67637.39,3344373,BTC
1772539937726591500,83709953,1772539937,1772539937,67714.08,3344374,BTC
1772539949606765900,83709959,1772539949,1772539949,67804.79,3344375,BTC
1772539971488078800,83709970,1772539971,1772539971,67926.02,3344376,BTC
1772539981288917500,83709975,1772539981,1772539981,67857.93,3344377,BTC
1772539993309594600,83709981,1772539993,1772539993,67759.88,3344378,BTC
1772540025489551600,83709997,1772540025,1772540025,67719.49,3344379,BTC
1772540059259886300,83710014,1772540059,1772540059,67734.72,3344380,BTC
1772540091283355700,83710030,1772540091,1772540091,67707.83,3344381,BTC
1772540125722894100,83710047,1772540125,1772540125,67614.01,3344382,BTC
1772540157601359800,83710063,1772540157,1772540157,67637.33,3344383,BTC
1772540191521656600,83710080,1772540191,1772540191,67573.58,3344384,BTC
1772540223500312300,83710096,1772540223,1772540223,67558.95,3344385,BTC
1772540257332732500,83710113,1772540257,1772540257,67534.64,3344386,BTC
1772540289388837700,83710129,1772540289,1772540289,67508.76,3344387,BTC
1772540311441370400,83710140,1772540311,1772540311,67609.56,3344388,BTC
1772540345415422200,83710157,1772540345,1772540345,67602.93,3344389,BTC
1772540379463265400,83710174,1772540379,1772540379,67524.46,3344390,BTC
1772540411463713200,83710190,1772540411,1772540411,67509.80,3344391,BTC
1772540445419339300,83710207,1772540445,1772540445,67485.61,3344392,BTC
1772540477426261200,83710223,1772540477,1772540477,67479.24,3344393,BTC
1772540511331295300,83710240,1772540511,1772540511,67493.12,3344394,BTC
1772540543625409000,83710256,1772540543,1772540543,67408.32,3344395,BTC
1772540577527893100,83710273,1772540577,1772540577,67445.79,3344396,BTC
1772540609430179600,83710289,1772540609,1772540609,67424.33,3344397,BTC
1772540643486893300,83710306,1772540643,1772540643,67431.34,3344398,BTC
1772540675537296200,83710322,1772540675,1772540675,67489.82,3344399,BTC
1772540711582954700,83710340,1772540711,1772540711,67506.35,3344400,BTC
1772540753328236400,83710361,1772540753,1772540753,67529.32,3344401,BTC
1772540785448763300,83710377,1772540785,1772540785,67579.09,3344402,BTC
1772540819704143900,83710394,1772540819,1772540819,67590.30,3344403,BTC
1772540851306275300,83710410,1772540851,1772540851,67532.80,3344404,BTC
1772540885517811400,83710427,1772540885,1772540885,67537.54,3344405,BTC
1772540917411593200,83710443,1772540917,1772540917,67560.41,3344406,BTC
1772540951407937100,83710460,1772540951,1772540951,67581.15,3344407,BTC
1772540983293624800,83710476,1772540983,1772540983,67575.31,3344408,BTC
1772541017529642100,83710493,1772541017,1772541017,67563.83,3344409,BTC
1772541049500018100,83710509,1772541049,1772541049,67495.13,3344410,BTC
1772541083327194700,83710526,1772541083,1772541083,67466.23,3344411,BTC
1772541115314968300,83710542,1772541115,1772541115,67451.71,3344412,BTC
1772541149424466800,83710559,1772541149,1772541149,67445.10,3344413,BTC
1772541183658907700,83710576,1772541183,1772541183,67394.34,3344414,BTC
1772541215625106800,83710592,1772541215,1772541215,67442.43,3344415,BTC
1772541247395792100,83710608,1772541247,1772541247,67426.84,3344416,BTC
1772541281300829800,83710625,1772541281,1772541281,67375.08,3344417,BTC
1772541313397385900,83710641,1772541313,1772541313,67434.58,3344418,BTC
1772541347387763800,83710658,1772541347,1772541347,67402.61,3344419,BTC
1772541381508280400,83710675,1772541381,1772541381,67362.85,3344420,BTC
1772541413486803200,83710691,1772541413,1772541413,67341.08,3344421,BTC
1772541447607251800,83710708,1772541447,1772541447,67342.00,3344422,BTC
1772541479568287400,83710724,1772541479,1772541479,67320.01,3344423,BTC
1772541513418798600,83710741,1772541513,1772541513,67368.66,3344424,BTC
1772541545488869400,83710757,1772541545,1772541545,67388.29,3344425,BTC
1772541579452017300,83710774,1772541579,1772541579,67388.87,3344426,BTC
1772541611494942400,83710790,1772541611,1772541611,67417.40,3344427,BTC
1772541645343195900,83710807,1772541645,1772541645,67341.63,3344428,BTC
1772541677412328100,83710823,1772541677,1772541677,67308.37,3344429,BTC
1772541711386771700,83710840,1772541711,1772541711,67370.98,3344430,BTC
1772541743432429200,83710856,1772541743,1772541743,67360.64,3344431,BTC
1772541777249460600,83710873,1772541777,1772541777,67336.87,3344432,BTC
1772541809314495600,83710889,1772541809,1772541809,67331.82,3344433,BTC
1772541843374261900,83710906,1772541843,1772541843,67329.40,3344434,BTC
1772541875314271300,83710922,1772541875,1772541875,67313.97,3344435,BTC
1772541909486015400,83710939,1772541909,1772541909,67352.19,3344436,BTC
1772541941317426000,83710955,1772541941,1772541941,67332.03,3344437,BTC
1772541975533681200,83710972,1772541975,1772541975,67347.19,3344438,BTC
1772542007338838300,83710988,1772542007,1772542007,67354.87,3344439,BTC
1772542041399517900,83711005,1772542041,1772542041,67338.16,3344440,BTC
1772542073390060500,83711021,1772542073,1772542073,67335.63,3344441,BTC
1772542107570943500,83711038,1772542107,1772542107,67304.65,3344442,BTC
1772542139444776600,83711054,1772542139,1772542139,67320.60,3344443,BTC
1772542175512885600,83711072,1772542175,1772542175,67336.53,3344444,BTC
1772542219508113800,83711094,1772542219,1772542219,67360.45,3344445,BTC
1772542249466415100,83711109,1772542249,1772542249,67311.43,3344446,BTC
1772542283371084500,83711126,1772542283,1772542283,67311.09,3344447,BTC
1772542315294636000,83711142,1772542315,1772542315,67260.36,3344448,BTC
1772542349542259300,83711159,1772542349,1772542349,67322.87,3344449,BTC
1772542383250184100,83711176,1772542383,1772542383,67302.23,3344450,BTC
1772542415456427600,83711192,1772542415,1772542415,67281.97,3344451,BTC
1772542449299468200,83711209,1772542449,1772542449,67312.09,3344452,BTC
1772542481310616900,83711225,1772542481,1772542481,67336.01,3344453,BTC
1772542517492196000,83711243,1772542517,1772542517,67400.31,3344454,BTC
1772542551398955800,83711260,1772542551,1772542551,67420.12,3344455,BTC
1772542583351782000,83711276,1772542583,1772542583,67461.74,3344456,BTC
1772542617299330200,83711293,1772542617,1772542617,67421.94,3344457,BTC
1772542649322662400,83711309,1772542649,1772542649,67383.05,3344458,BTC
1772542683392424000,83711326,1772542683,1772542683,67399.98,3344459,BTC
1772542715336358100,83711342,1772542715,1772542715,67373.95,3344460,BTC
1772542749353359700,83711359,1772542749,1772542749,67379.05,3344461,BTC
1772542783378156400,83711376,1772542783,1772542783,67371.14,3344462,BTC
1772542815584025600,83711392,1772542815,1772542815,67381.21,3344463,BTC
1772542847700569100,83711408,1772542847,1772542847,67362.39,3344464,BTC
1772542881605862200,83711425,1772542881,1772542881,67316.44,3344465,BTC
1772542915676769500,83711442,1772542915,1772542915,67251.65,3344466,BTC
1772542949560207000,83711459,1772542949,1772542949,67222.59,3344467,BTC
1772542981254081900,83711475,1772542981,1772542981,67176.80,3344468,BTC
1772543013352675900,83711491,1772543013,1772543013,67230.22,3344469,BTC
1772543047367138600,83711508,1772543047,1772543047,67224.27,3344470,BTC
1772543079271859700,83711524,1772543079,1772543079,67236.01,3344471,BTC
1772543101376689200,83711535,1772543101,1772543101,67135.92,3344472,BTC
1772543135518953200,83711552,1772543135,1772543135,67109.48,3344473,BTC
1772543167495812100,83711568,1772543167,1772543167,67181.41,3344474,BTC
1772543201431391500,83711585,1772543201,1772543201,67217.14,3344475,BTC
1772543233402607400,83711601,1772543233,1772543233,67187.51,3344476,BTC
1772543277230243300,83711623,1772543277,1772543277,67200.36,3344477,BTC
1772543311242372100,83711640,1772543311,1772543311,67189.86,3344478,BTC
1772543343253715800,83711656,1772543343,1772543343,67209.17,3344479,BTC
1772543377397481600,83711673,1772543377,1772543377,67197.60,3344480,BTC
1772543409331576100,83711689,1772543409,1772543409,67185.71,3344481,BTC
1772543443313439900,83711706,1772543443,1772543443,67197.37,3344482,BTC
1772543475366338100,83711722,1772543475,1772543475,67222.12,3344483,BTC
1772543509301601600,83711739,1772543509,1772543509,67207.65,3344484,BTC
1772543543579438600,83711756,1772543543,1772543543,67187.65,3344485,BTC
1772543575284625100,83711772,1772543575,1772543575,67118.30,3344486,BTC
1772543607339976000,83711788,1772543607,1772543607,67099.97,3344487,BTC
