wallet,label,discovered_session
0x1979ae6b7e6534de9c4539d0c205e582ca637c9d,0x1979ae6B7E6534dE9c4539D0c205E582cA637C9D-1769439463256,Session6
0x1d0034134e339a309700ff2d34e99fa2d48b0313,0x1d0034134e,Session6
0x1d9af60c679cd0b577c3c4ccb4b1a4be4174426d,predictorxyz,Session6
0x054ec2f0ccfdae941886a3ed306635068c716639,0x054eC2F0cCfdaE941886a3eD306635068c716639-1771949456168,Session6
0xcbed92a9dc14802a2957de4a7d81d3c6a038bbb9,0xCBED92A9dc14802a2957De4a7d81d3c6a038BbB9-1771998936959,Session6
0x2ef0e278354a971b4cacb02089e43526dea762fd,0x2ef0e278354A971b4cACB02089E43526dea762fd-1772031509515,Session6
0xd0d6053c3c37e727402d84c14069780d360993aa,k9Q2mX4L8A7ZP3R,Session6
0x63ce342161250d705dc0b16df89036c8e5f9ba9a,0x8dxd,Session6
0xe56526b27b96f009b31ddb46558a134047bfce48,0xe56526b27b96f009b31ddb46558a134047bfce48,Session6
0xf6963d4cdbb6f26d753bda303e9513132afb1b7d,rename,Session6
0xee7ec0c06756a89a5f94b47c0733e00b9cf051a6,ansleyup,Session6
0x571c285a83eba5322b5f916ba681669dc368a61f,dustedfloor,Session6
0x336151559e8c8b048de5231dc8313e196b314363,0x336151559E8C8b048DE5231dC8313E196B31436,Session6
0x2d8b401d2f0e6937afebf18e19e11ca568a5260a,vidarx,Session6
0x70ec235a31eb35f243e2618d6ea3b5b8962bbb5d,vague-sourdough,Session6
