timestamp,slug,yes_price,clob_token_id
2026-02-21 14:30:00+00:00,btc-updown-15m-1771684200,1.0,92263083173274574785720019387651845798998516888969521527785153037682989797835
2026-02-21 14:45:00+00:00,btc-updown-15m-1771685100,0.0,93360936535939156230045501906847720615423991656460800562218686604727655322390
2026-02-21 15:00:00+00:00,btc-updown-15m-1771686000,1.0,97064022747217243345191887409520158287039083593205337841412042052098553485069
2026-02-21 15:15:00+00:00,btc-updown-15m-1771686900,0.0,34808404045292877848364139150093875569145689246214374606711411907151427486125
2026-02-21 15:30:00+00:00,btc-updown-15m-1771687800,1.0,85233761018053355052247160118997831317698098239679593860777523150063662970350
2026-02-21 15:45:00+00:00,btc-updown-15m-1771688700,0.0,5926526923713423452954765465044294297858812138693599677842106580238997478188
2026-02-21 16:00:00+00:00,btc-updown-15m-1771689600,0.0,59779173976306283313286641135904894286820842849932230337146559663031647809636
2026-02-21 16:15:00+00:00,btc-updown-15m-1771690500,0.0,96351882728677379847764732332816666795273087152506343640100752230763289159571
2026-02-21 16:30:00+00:00,btc-updown-15m-1771691400,1.0,95242213291398741499512554902644071595712978671008071096137449815306358120979
2026-02-21 16:45:00+00:00,btc-updown-15m-1771692300,0.0,14627877188307088213720556483818586394785099186546016356960155774088211655345
2026-02-21 17:00:00+00:00,btc-updown-15m-1771693200,0.0,30797476137451604320494822795999674669743388070358149144976279963600739748875
2026-02-21 17:15:00+00:00,btc-updown-15m-1771694100,1.0,77975013164954623104491528313784614878342001830140156931662244291296303131114
2026-02-21 17:30:00+00:00,btc-updown-15m-1771695000,1.0,102300468630635062984043838222873557598907118349714828244143017535957405463108
2026-02-21 17:45:00+00:00,btc-updown-15m-1771695900,1.0,70120883494698637747824095957403532277952422365283856017719748999427935120169
2026-02-21 18:00:00+00:00,btc-updown-15m-1771696800,0.0,94896915788252446247796291650203335948860525691831909354729479580816381854876
2026-02-21 18:15:00+00:00,btc-updown-15m-1771697700,1.0,110726032885205364863277736510369615996162633994203222005849193521947925430894
2026-02-21 18:30:00+00:00,btc-updown-15m-1771698600,1.0,71304524252737698743796325827581033432617016719042603694807696616248385641654
2026-02-21 18:45:00+00:00,btc-updown-15m-1771699500,1.0,27041977423276348650399683607978450819205191875528299495783737734938448304512
2026-02-21 19:00:00+00:00,btc-updown-15m-1771700400,1.0,9567993293255612712500487940422218000297090491911993842508800362607701334053
2026-02-21 19:15:00+00:00,btc-updown-15m-1771701300,0.0,90780550289701423328481965733652007454246051080174343209417804235424481235063
2026-02-21 19:30:00+00:00,btc-updown-15m-1771702200,1.0,6143981196583061449577966806586528628666427892667010561417180065114848134510
2026-02-21 19:45:00+00:00,btc-updown-15m-1771703100,0.0,90037497936446994369820234870099750961065283380613326823167310352785189506799
2026-02-21 20:00:00+00:00,btc-updown-15m-1771704000,0.0,38643212950962213700409009060208141233039426246616118721020553630443080822431
2026-02-21 20:15:00+00:00,btc-updown-15m-1771704900,1.0,78129839816962718353045777315072554386886942142429080068744543421652636180506
2026-02-21 20:30:00+00:00,btc-updown-15m-1771705800,0.0,98562062728630958253744465720490596726465188815710791862817086460380870372707
2026-02-21 20:45:00+00:00,btc-updown-15m-1771706700,0.0,13716172788001440670960973341096328337158381462881745317990302327845337845239
2026-02-21 21:00:00+00:00,btc-updown-15m-1771707600,1.0,35055100985958088228788156316190590647356401727005443227429086533513105151684
2026-02-21 21:15:00+00:00,btc-updown-15m-1771708500,1.0,102110401288958641979671178978364030777078585897388294956698452877264788749387
2026-02-21 21:30:00+00:00,btc-updown-15m-1771709400,0.0,56053844908698494236626200272010698263830306765072443372977632284524531250356
2026-02-21 21:45:00+00:00,btc-updown-15m-1771710300,1.0,80468679235827100906834037044827691869008120563709982588536105562294798937809
2026-02-21 22:00:00+00:00,btc-updown-15m-1771711200,0.0,55146123549126185803557392351405879513253926392562086687205076590932802057847
2026-02-21 22:15:00+00:00,btc-updown-15m-1771712100,1.0,17338333364043073801160161994338854748031807444571386965094294678682034543504
2026-02-21 22:30:00+00:00,btc-updown-15m-1771713000,0.0,49008488305933327502230018103234894013667343184949011969614750608324508486614
2026-02-21 22:45:00+00:00,btc-updown-15m-1771713900,0.0,33734094962100600170727008699478356170796519859375230646412411493001677067771
2026-02-21 23:00:00+00:00,btc-updown-15m-1771714800,0.0,6486245400968401887104018954875136249980084353687516210259275113704459566264
2026-02-21 23:15:00+00:00,btc-updown-15m-1771715700,1.0,89346485702543857201267354727304286411385046374633310577411757525417483054470
2026-02-21 23:30:00+00:00,btc-updown-15m-1771716600,0.0,24974516154282003684501919979339625658557059776069128505559414323909349213407
2026-02-21 23:45:00+00:00,btc-updown-15m-1771717500,0.0,61594255273763357379928930808481960512483811846766559690991909118332912037867
2026-02-22 00:00:00+00:00,btc-updown-15m-1771718400,1.0,18366169755241380046102463319479131031958679281832475841621157333698292607394
2026-02-22 00:15:00+00:00,btc-updown-15m-1771719300,0.0,26232853084275908335265523219998880593982168791454990428030240183527489758178
2026-02-22 00:30:00+00:00,btc-updown-15m-1771720200,0.0,36647274673209822688895171780399696054024115363378549977555467417375712441451
2026-02-22 00:45:00+00:00,btc-updown-15m-1771721100,1.0,29622793488470697695649530320296151074269982822918279997173550942647320050121
2026-02-22 01:00:00+00:00,btc-updown-15m-1771722000,1.0,58831012779794922801905644807710067712819225506969137357699784010586311697791
2026-02-22 01:15:00+00:00,btc-updown-15m-1771722900,1.0,28751579590487866294212335123921205566801226618498821145390577977639289931471
2026-02-22 01:30:00+00:00,btc-updown-15m-1771723800,1.0,16907804116612768146157624066490782710119532302227047471107702644417839932787
2026-02-22 01:45:00+00:00,btc-updown-15m-1771724700,1.0,4694503326991471429135598044703078277582133273638321030889762536171040339758
2026-02-22 02:00:00+00:00,btc-updown-15m-1771725600,1.0,91197078900870818926778426307867638533917590993861637584700280115719800642668
2026-02-22 02:15:00+00:00,btc-updown-15m-1771726500,0.0,29050069905753235471446951995846615481072522041967581797387923877803127225107
2026-02-22 02:30:00+00:00,btc-updown-15m-1771727400,0.0,57844360981995202124158053272688398825344412505783631230602903000705067412585
2026-02-22 02:45:00+00:00,btc-updown-15m-1771728300,0.0,71646223044825292261029125614964708608860243136508618464342593779296996781312
2026-02-22 03:00:00+00:00,btc-updown-15m-1771729200,1.0,9900339943292135678397352367689853687568844487933683762668220093757447364877
2026-02-22 03:15:00+00:00,btc-updown-15m-1771730100,0.0,108529252398848547221905822030734190150683686439315453173699897640259359489460
2026-02-22 03:30:00+00:00,btc-updown-15m-1771731000,1.0,44688654574619519746577149237707533330598019593876318889192660125603838219401
2026-02-22 03:45:00+00:00,btc-updown-15m-1771731900,1.0,110002691947257886193527568723041726455061731195288327139812570185708884267768
2026-02-22 04:00:00+00:00,btc-updown-15m-1771732800,1.0,74366795405894876757365179392227519370878103092267935909818566899837284273821
2026-02-22 04:15:00+00:00,btc-updown-15m-1771733700,0.0,11163384144446592463236841851361418804263207072817973480111052545292825790015
2026-02-22 04:30:00+00:00,btc-updown-15m-1771734600,0.0,25210843574699958398367861302552485180440716329653973463159729984371783789926
2026-02-22 04:45:00+00:00,btc-updown-15m-1771735500,0.0,45642850539882210801199222937428290210518094788386394280547070789696351994776
2026-02-22 05:00:00+00:00,btc-updown-15m-1771736400,0.0,32517809816796824464006160865990767967455279293586328739361978314938460456049
2026-02-22 05:15:00+00:00,btc-updown-15m-1771737300,1.0,17764985639439034614415568027140029669283836698006094939296851181091237332080
2026-02-22 05:30:00+00:00,btc-updown-15m-1771738200,0.0,14702454438941628451868421012391463879335876448928653734229836922728575007617
2026-02-22 05:45:00+00:00,btc-updown-15m-1771739100,1.0,23148246714997723875337574162164542667481880511086303955920149074533773198358
2026-02-22 06:00:00+00:00,btc-updown-15m-1771740000,1.0,58233466201133058494307289069799708252985039465702024410888899095012546512131
2026-02-22 06:15:00+00:00,btc-updown-15m-1771740900,1.0,21092975639671460406835947744486934733769036114040138695431575254360379324999
2026-02-22 06:30:00+00:00,btc-updown-15m-1771741800,0.0,43391631693550898947715989107314218550408595340278434030975583856397420535588
2026-02-22 06:45:00+00:00,btc-updown-15m-1771742700,0.0,45676480796240766633956576366368673373360925304988560846236528663292991436690
2026-02-22 07:00:00+00:00,btc-updown-15m-1771743600,0.0,13877875726948510252124223436216254123552725411459012265419293243784503338516
2026-02-22 07:15:00+00:00,btc-updown-15m-1771744500,0.0,69000172546672902162754743788367499804496994877772920006847615909690200568812
2026-02-22 07:30:00+00:00,btc-updown-15m-1771745400,1.0,31516854570197221533756334615761916400511231884769265060213421616955317970209
2026-02-22 07:45:00+00:00,btc-updown-15m-1771746300,0.0,62388910124359507218447804210836139183964780711869175295933719009542517070557
2026-02-22 08:00:00+00:00,btc-updown-15m-1771747200,0.0,8293962017857879120992347536429792420090437775128441045991784850947837708024
2026-02-22 08:15:00+00:00,btc-updown-15m-1771748100,0.0,49521668434554081913586910000139539870244001673062474867506613758943216770423
2026-02-22 08:30:00+00:00,btc-updown-15m-1771749000,0.0,103596345931980758079772815699436986051411694332816101478762549725095423346547
2026-02-22 08:45:00+00:00,btc-updown-15m-1771749900,0.0,74607786062579008972658358449101664486888383989539268650598119445676426556764
2026-02-22 09:00:00+00:00,btc-updown-15m-1771750800,1.0,32758484890516491449202328800661331559220801557706663168982890771438469853508
2026-02-22 09:15:00+00:00,btc-updown-15m-1771751700,0.0,74088133520073451777434217073821864578856211145903535460257264252686475810372
2026-02-22 09:30:00+00:00,btc-updown-15m-1771752600,1.0,82344263166955409851637130579334642462213302087550402800227443299801511015903
2026-02-22 09:45:00+00:00,btc-updown-15m-1771753500,1.0,91200222409628364993860719069230917977736035702221000491414825129500705035723
2026-02-22 10:00:00+00:00,btc-updown-15m-1771754400,0.0,32341412559840127862784337374299169847943243540743024444100337684288920232804
2026-02-22 10:15:00+00:00,btc-updown-15m-1771755300,1.0,5609398115094168806174609399730061398748892969988855013667701038580375534456
2026-02-22 10:30:00+00:00,btc-updown-15m-1771756200,1.0,50361019205461513216237307935919592793511097514031423386392437940621564424694
2026-02-22 10:45:00+00:00,btc-updown-15m-1771757100,1.0,72976265602254683328057019191464730869411806593689094994567455867674071005408
2026-02-22 11:00:00+00:00,btc-updown-15m-1771758000,1.0,97252901632015527642650787089035553157103444634284377824300489060584148452312
2026-02-22 11:15:00+00:00,btc-updown-15m-1771758900,1.0,98644653301482032832809532648030232433841414115952703727647604985211060476180
2026-02-22 11:30:00+00:00,btc-updown-15m-1771759800,0.0,4010797931577219129759524467521743792460687371015821943466551183266607516448
2026-02-22 11:45:00+00:00,btc-updown-15m-1771760700,1.0,101364800601810101349348700412332125424178156095796847777923107553144598401172
2026-02-22 12:00:00+00:00,btc-updown-15m-1771761600,0.0,64579361654694809656778282377335205452748566650853953605198209566799300324108
2026-02-22 12:15:00+00:00,btc-updown-15m-1771762500,1.0,75025507266608784598212375320330210186367021590364830342590109187149261094078
2026-02-22 12:30:00+00:00,btc-updown-15m-1771763400,0.0,109554930208659036025982750765228502331961690412978541731797701167955931764786
2026-02-22 12:45:00+00:00,btc-updown-15m-1771764300,1.0,100948831028740878952558301812782774171378662984285765245682703445023116694607
2026-02-22 13:00:00+00:00,btc-updown-15m-1771765200,1.0,86638550329666765658971554411561553700708887702458837910879217495858131466503
2026-02-22 13:15:00+00:00,btc-updown-15m-1771766100,0.0,73672914621195861031241335690081947385790188267239668341402693263931371741299
2026-02-22 13:30:00+00:00,btc-updown-15m-1771767000,0.0,35369375779860025473074385847615165572924543913862871325608574572159287857407
2026-02-22 13:45:00+00:00,btc-updown-15m-1771767900,1.0,60198287830402343417187843289602432133225551056266243179130762797996400240172
2026-02-22 14:00:00+00:00,btc-updown-15m-1771768800,1.0,113134790432376784213462006896201316294202407686883003917239356004123241604607
2026-02-22 14:15:00+00:00,btc-updown-15m-1771769700,0.0,108050195843360340489924823968502766682457322438429636128259761975097957230915
2026-02-22 14:30:00+00:00,btc-updown-15m-1771770600,0.0,111202488318096706509051986801429509471571004252440268770582097159973366715617
2026-02-22 14:45:00+00:00,btc-updown-15m-1771771500,1.0,82552167109926167481304422983774199317394210902486257883766633714928436157197
2026-02-22 15:00:00+00:00,btc-updown-15m-1771772400,0.0,59258728423820092088493638899246616022667365512769486652165025881642593338356
2026-02-22 15:15:00+00:00,btc-updown-15m-1771773300,1.0,96384060689385340042867173885018057536036074752124718980744043941073820030336
2026-02-22 15:30:00+00:00,btc-updown-15m-1771774200,1.0,71245582725626800216916955788724420486340540969165255887230083993815623032251
2026-02-22 15:45:00+00:00,btc-updown-15m-1771775100,0.0,108093076706097472063694720859246558891276334705846898668057759028140475930206
2026-02-22 16:00:00+00:00,btc-updown-15m-1771776000,0.0,13519924525344095349367741645626723531941201095941922852924393856710769839472
2026-02-22 16:15:00+00:00,btc-updown-15m-1771776900,0.0,106956562697672832438764376218036768485749930685126367097593714951121424329902
2026-02-22 16:30:00+00:00,btc-updown-15m-1771777800,1.0,32414498810830880000749680194695482088914329728876059733593163876936864959236
2026-02-22 16:45:00+00:00,btc-updown-15m-1771778700,1.0,98980705980888226380882354417282981989048986570249768163043362567475415155603
2026-02-22 17:00:00+00:00,btc-updown-15m-1771779600,0.0,36898504329833253922746176298809141621390195818997093949091626213597676956089
2026-02-22 17:15:00+00:00,btc-updown-15m-1771780500,0.0,100085563469128546343417259868676024138731081355864534028505108719861387987426
2026-02-22 17:30:00+00:00,btc-updown-15m-1771781400,0.0,84090284406707031748947440023117205246045729021745012624171367258530249863461
2026-02-22 17:45:00+00:00,btc-updown-15m-1771782300,1.0,8817953509070517961073080167356602538621297577615833901884825757222459634284
2026-02-22 18:00:00+00:00,btc-updown-15m-1771783200,1.0,68805095883215349151265508457814978401600014499815583058121092375367216460761
2026-02-22 18:15:00+00:00,btc-updown-15m-1771784100,0.0,58035539412479180560703626336570481710312781225012723937878423755233977244099
2026-02-22 18:30:00+00:00,btc-updown-15m-1771785000,1.0,72517900374007192169849336801463939119737403905529147664157652296654070179222
2026-02-22 18:45:00+00:00,btc-updown-15m-1771785900,1.0,18442059330875868169598838653439422659461513841489382120412928131426429969773
2026-02-22 19:00:00+00:00,btc-updown-15m-1771786800,0.0,27761634022032066569870300657314640349066122102042510740240643900147731759804
2026-02-22 19:15:00+00:00,btc-updown-15m-1771787700,1.0,61747810714743060303499309480622596554732220249590293316747824464537548519038
2026-02-22 19:30:00+00:00,btc-updown-15m-1771788600,1.0,101611246441522077612156274779306342921924361555065914285962755559335127454515
2026-02-22 19:45:00+00:00,btc-updown-15m-1771789500,0.0,78292450740622167948899578123632984718855155426165189265063859298098582930706
2026-02-22 20:00:00+00:00,btc-updown-15m-1771790400,0.0,79245377337294962943658590788931406347557362428829940696774870627848977038801
2026-02-22 20:15:00+00:00,btc-updown-15m-1771791300,1.0,8836653452157448115411392096466090482997636882564129017759989999582919087303
2026-02-22 20:30:00+00:00,btc-updown-15m-1771792200,0.0,25438534435261251479858354365653850477437922803456771815202241063778037696295
2026-02-22 20:45:00+00:00,btc-updown-15m-1771793100,0.0,6981960784337569334987123529893596334680991284295598609695450523235827651960
2026-02-22 21:00:00+00:00,btc-updown-15m-1771794000,1.0,103624018296434112864709230227845482148592897195871155811680198454449359863742
2026-02-22 21:15:00+00:00,btc-updown-15m-1771794900,1.0,63280164234574864892318825678995144286397578106239625380054619675172933847053
2026-02-22 21:30:00+00:00,btc-updown-15m-1771795800,1.0,80898996370671882569430384048498175114108828540009477955476039572930635955909
2026-02-22 21:45:00+00:00,btc-updown-15m-1771796700,1.0,40795972229933678975437671881719146479994007024886999833843953455038563516901
2026-02-22 22:00:00+00:00,btc-updown-15m-1771797600,0.0,17544175619871003971239087660390642595611813437562635006119782318804208774161
2026-02-22 22:15:00+00:00,btc-updown-15m-1771798500,1.0,37844261868992780062811140619072927000269451709280867038004597779108972515923
2026-02-22 22:30:00+00:00,btc-updown-15m-1771799400,1.0,3795746680777396886451131538792206765637907608746434441856290492827043304732
2026-02-22 22:45:00+00:00,btc-updown-15m-1771800300,0.0,3172193892928201628257226244415958566115850361841989056328303423365148120543
2026-02-22 23:00:00+00:00,btc-updown-15m-1771801200,0.0,31399687360441682685132973987542732889083836446054894386023470085941895138313
2026-02-22 23:15:00+00:00,btc-updown-15m-1771802100,1.0,80184713735285637701500295704290232016226236666877923976337548964270948454872
2026-02-22 23:30:00+00:00,btc-updown-15m-1771803000,0.0,115491779264725986313942556954453444311298502305666857471683543002877028994652
2026-02-22 23:45:00+00:00,btc-updown-15m-1771803900,1.0,49881766274475699944312174860522929494843491599675611807980456650376604770042
2026-02-23 00:00:00+00:00,btc-updown-15m-1771804800,0.0,25892606816290245809795723504720113603502712826228909857499073505640713813737
2026-02-23 00:15:00+00:00,btc-updown-15m-1771805700,0.0,52710328013618122460046138458817735035361288249241538577309554999459574378100
2026-02-23 00:30:00+00:00,btc-updown-15m-1771806600,0.0,10094799764103934550651448353612432417885117792297979595065863927427873404027
2026-02-23 00:45:00+00:00,btc-updown-15m-1771807500,0.0,99018167421903704419057321509485220826311187944179500934394247810247565487717
2026-02-23 01:00:00+00:00,btc-updown-15m-1771808400,0.0,8352620546942057319065202837012679277874685206673583783595686504215922019808
2026-02-23 01:15:00+00:00,btc-updown-15m-1771809300,0.0,112303060950533991592810291025989203308283769826726060265624202220306487554418
2026-02-23 01:30:00+00:00,btc-updown-15m-1771810200,1.0,103943804085866160172596819687922191087902564134594642769018643012272671082300
2026-02-23 01:45:00+00:00,btc-updown-15m-1771811100,0.0,36686465007587090081340422919469187475172927305006451301538902482281553176116
2026-02-23 02:00:00+00:00,btc-updown-15m-1771812000,1.0,17693946446820831777856103678197374581699614988249079401430934610947749803929
2026-02-23 02:15:00+00:00,btc-updown-15m-1771812900,1.0,18349205662479655810891922576172908742891142643844572143924089610230594925087
2026-02-23 02:30:00+00:00,btc-updown-15m-1771813800,1.0,30175725445121622274196167184203019152889828127804215954976954162744039479645
2026-02-23 02:45:00+00:00,btc-updown-15m-1771814700,0.0,6658549321485278325819946323605738005187978494899537467797503732347991336908
2026-02-23 03:00:00+00:00,btc-updown-15m-1771815600,1.0,18371383330517193446210422110860655967692174255165859910520112267582117224853
2026-02-23 03:15:00+00:00,btc-updown-15m-1771816500,0.0,56476502014203776129883418694982000040826474967676040596438338184429806950116
2026-02-23 03:30:00+00:00,btc-updown-15m-1771817400,1.0,115096380480122530447585064094932657884317273152426114534891791359151325675478
2026-02-23 03:45:00+00:00,btc-updown-15m-1771818300,0.0,107818414269605990063034122449956970077379137034905860389258133072696684204045
2026-02-23 04:00:00+00:00,btc-updown-15m-1771819200,1.0,25801983927071740219757242379761518006321048648093500502192262483677273457859
2026-02-23 04:15:00+00:00,btc-updown-15m-1771820100,0.0,54363371214276341787053261718071347470572280482934058721043137009259068605214
2026-02-23 04:30:00+00:00,btc-updown-15m-1771821000,0.0,113946460500992339043223633664104755178794744497832552975316353124420503030648
2026-02-23 04:45:00+00:00,btc-updown-15m-1771821900,1.0,25027501813746010029532029505811103009338070742051096190456615422623588461717
2026-02-23 05:00:00+00:00,btc-updown-15m-1771822800,1.0,16341059596319393170446085241853987469522912854484260436379354978140906664287
2026-02-23 05:15:00+00:00,btc-updown-15m-1771823700,0.0,27565565128339930825104337339642430263739875356754376238015206792744647608125
2026-02-23 05:30:00+00:00,btc-updown-15m-1771824600,0.0,99206819892783963731663646677195872631935164322101644475139307525924811249077
2026-02-23 05:45:00+00:00,btc-updown-15m-1771825500,1.0,44344671440781877581778148745222371133893580046072641808501104770376259333030
2026-02-23 06:00:00+00:00,btc-updown-15m-1771826400,1.0,67349626811596856751377630663550757476577701889791305474302297109050089694308
2026-02-23 06:15:00+00:00,btc-updown-15m-1771827300,0.0,71050892917525545551178183476953246484100907528608160807044006248448402098198
2026-02-23 06:30:00+00:00,btc-updown-15m-1771828200,1.0,115087678802322056192316487807268505137160374496936837430620052391045867202204
2026-02-23 06:45:00+00:00,btc-updown-15m-1771829100,1.0,77853857706389940419495369298505957855743306522868914357506945054171817129391
2026-02-23 07:00:00+00:00,btc-updown-15m-1771830000,1.0,76445378339586433024131699387179463731977705679895157162825860137969581505949
2026-02-23 07:15:00+00:00,btc-updown-15m-1771830900,0.0,8314985721292222973614036408574555259077340376999837120655593986084396260223
2026-02-23 07:30:00+00:00,btc-updown-15m-1771831800,1.0,13395872386627009529759793172411769357250877110589757377083510499409955023512
2026-02-23 07:45:00+00:00,btc-updown-15m-1771832700,1.0,81214600428419898331991048767466748934757775179399836373778698666319584119061
2026-02-23 08:00:00+00:00,btc-updown-15m-1771833600,0.0,50938245476155633012532471920060992417096286180720732463449748086311129148457
2026-02-23 08:15:00+00:00,btc-updown-15m-1771834500,0.0,34669047318597199224746309677113846142550598078707763021641606629625741728510
2026-02-23 08:30:00+00:00,btc-updown-15m-1771835400,0.0,100803076932379290552300772853659265071932764857218111126746010337993352582620
2026-02-23 08:45:00+00:00,btc-updown-15m-1771836300,1.0,103112193937566375474535771449397480363579865364192480151653652954653939353680
2026-02-23 09:00:00+00:00,btc-updown-15m-1771837200,1.0,107163427331478138283599001789750279520991950962897446263594348612201746318442
2026-02-23 09:15:00+00:00,btc-updown-15m-1771838100,1.0,74376703830786631885936454315951264285236982713415791285265401832261351747892
2026-02-23 09:30:00+00:00,btc-updown-15m-1771839000,1.0,74412541975226793631891501219262630294894712759901632376270812178995074020762
2026-02-23 09:45:00+00:00,btc-updown-15m-1771839900,1.0,45888415228203072958613954510846615079068060488243401690706774037502988905790
2026-02-23 10:00:00+00:00,btc-updown-15m-1771840800,0.0,58789599403043544052376297723950558151303347690133989898922600610751018753683
2026-02-23 10:15:00+00:00,btc-updown-15m-1771841700,1.0,50484079758150278677470882559439418659155950558223335759539475076134815591199
2026-02-23 10:30:00+00:00,btc-updown-15m-1771842600,0.0,35524361742158194481310689833376754831544784136245595357102279722844910281396
2026-02-23 10:45:00+00:00,btc-updown-15m-1771843500,0.0,22053335979471279416335160860832210380332816738687825645527253087631415505433
2026-02-23 11:00:00+00:00,btc-updown-15m-1771844400,1.0,32958192425694260591130840080297137762887666137259147383858320588217046657028
2026-02-23 11:15:00+00:00,btc-updown-15m-1771845300,0.0,97936141337976810294398229514222286868637999548470270216454759211974627437461
2026-02-23 11:30:00+00:00,btc-updown-15m-1771846200,0.0,107050045413667121100049741063858371682842049735572817188411429929369911880995
2026-02-23 11:45:00+00:00,btc-updown-15m-1771847100,1.0,101491843103595818100556239649805191868237148771317534549294351852747801781699
2026-02-23 12:00:00+00:00,btc-updown-15m-1771848000,1.0,29096598334673613430987769042233157443568020259843125278367255521002033440255
2026-02-23 12:15:00+00:00,btc-updown-15m-1771848900,0.0,80233097034755816679360878502983666451471477114974103835351343842269748390309
2026-02-23 12:30:00+00:00,btc-updown-15m-1771849800,1.0,103220840606502879384323104466020256550117797698698712391811930680829805116645
2026-02-23 12:45:00+00:00,btc-updown-15m-1771850700,0.0,115456609991866525350828062753405783224471719887129464067003372578905176130129
2026-02-23 13:00:00+00:00,btc-updown-15m-1771851600,0.0,81265698788846545909829977001621276022820377458751533002853373692699849592340
2026-02-23 13:15:00+00:00,btc-updown-15m-1771852500,1.0,55005813545287094508223184241247778242632114546002022846484913222831083509859
2026-02-23 13:30:00+00:00,btc-updown-15m-1771853400,1.0,90505727026357376112478739950109471615383866432139135111680354200934638897077
2026-02-23 13:45:00+00:00,btc-updown-15m-1771854300,0.0,7998991825566726203871316341829251523243389222370164550687818251824568286568
2026-02-23 14:00:00+00:00,btc-updown-15m-1771855200,1.0,98051323789014195018722817753963095148564483247682610695966658801385788999031
2026-02-23 14:15:00+00:00,btc-updown-15m-1771856100,0.0,97106530398349808111500930959090950655534090102918592488063953397409664855926
2026-02-23 14:30:00+00:00,btc-updown-15m-1771857000,0.0,105445925335268102701233337894715812656711523644028263474975445148113180330614
2026-02-23 14:45:00+00:00,btc-updown-15m-1771857900,1.0,77954538378836639315265889106865522457237937773421688529208745028662960132851
2026-02-23 15:00:00+00:00,btc-updown-15m-1771858800,1.0,48577091975562544642361750305291900758582011076268259855714317899615866620835
2026-02-23 15:15:00+00:00,btc-updown-15m-1771859700,0.0,22160889436039502780271729892612304858492469275723218198585151712220021785745
2026-02-23 15:30:00+00:00,btc-updown-15m-1771860600,0.0,93563007731982828072886007871187005863044962162066937606289445226470785969134
2026-02-23 15:45:00+00:00,btc-updown-15m-1771861500,0.0,102337513023407718606896150947667766539650167004455759995155243906171067780294
2026-02-23 16:00:00+00:00,btc-updown-15m-1771862400,0.0,63302349342788328068787512000225287281121920868702554546925484446947148027343
2026-02-23 16:15:00+00:00,btc-updown-15m-1771863300,1.0,109146085291529771105353511724615231034725722790246339971184782274111396321059
2026-02-23 16:30:00+00:00,btc-updown-15m-1771864200,0.0,73407597122398870358367745817125529265822681165328514402659216951428668185692
2026-02-23 16:45:00+00:00,btc-updown-15m-1771865100,0.0,10501999358806010820169850033776522416250003504393326070927115288746635967987
2026-02-23 17:00:00+00:00,btc-updown-15m-1771866000,0.0,114622430377968887734283664319846328301484058466140549939983386033139329107344
2026-02-23 17:15:00+00:00,btc-updown-15m-1771866900,0.0,93820126469568540410466297395859614781199049790041679064231453258278410826471
2026-02-23 17:30:00+00:00,btc-updown-15m-1771867800,0.0,15541753088727962607160273693721947706038884808978933283486706010703809759700
2026-02-23 17:45:00+00:00,btc-updown-15m-1771868700,1.0,9569290198031663472918798844311482049078779705226080474026629752933592320795
2026-02-23 18:00:00+00:00,btc-updown-15m-1771869600,0.0,7880965923349765641435728008858299410301826162002554847537527930279920962692
2026-02-23 18:15:00+00:00,btc-updown-15m-1771870500,1.0,96477913462436639646063502568945397946722126722372164503053613276946589676246
2026-02-23 18:30:00+00:00,btc-updown-15m-1771871400,1.0,88332496751509517552311011417016401192223702151285562386894602515850064095603
2026-02-23 18:45:00+00:00,btc-updown-15m-1771872300,0.0,3257793645438588049312004230376480020243555764657519876178881278782106398666
2026-02-23 19:00:00+00:00,btc-updown-15m-1771873200,1.0,101717670802178439173580296444300091714396055194054518520336569176482120179115
2026-02-23 19:15:00+00:00,btc-updown-15m-1771874100,0.0,1539609060042653454714495932316628321212441412099645860720030633070461234163
2026-02-23 19:30:00+00:00,btc-updown-15m-1771875000,0.0,112038585103916556676107140577254643357034618805573790734663140428176949239485
2026-02-23 19:45:00+00:00,btc-updown-15m-1771875900,1.0,21539847401043664591900316450855801445647240964297503477360482842658734421355
2026-02-23 20:00:00+00:00,btc-updown-15m-1771876800,0.0,72863235860302433446115657797145380304881495158392437213404871059205964103791
2026-02-23 20:15:00+00:00,btc-updown-15m-1771877700,1.0,15719937038642391175842659261682817313648740729174675051333482968074698564799
2026-02-23 20:30:00+00:00,btc-updown-15m-1771878600,1.0,73102038743832145109159018368716270942912555803725440414784763357096218849631
2026-02-23 20:45:00+00:00,btc-updown-15m-1771879500,1.0,1942149404097959129123439269995615912781504167974694665718044057182594074150
2026-02-23 21:00:00+00:00,btc-updown-15m-1771880400,1.0,12541322614524415500007977247262482902988552942106529244732666535773751330829
2026-02-23 21:15:00+00:00,btc-updown-15m-1771881300,0.0,20759148748868006707907861185575334777293649087522035217856168496491185511084
2026-02-23 21:30:00+00:00,btc-updown-15m-1771882200,1.0,43193187324434215805617523888809583836270662777225623976104367033059114400638
2026-02-23 21:45:00+00:00,btc-updown-15m-1771883100,0.0,59832857057697822883681352165739877718826650742782305415804501568150421268505
2026-02-23 22:00:00+00:00,btc-updown-15m-1771884000,1.0,7744615662788804091728831911258468041057039452640399908826164724302683501108
2026-02-23 22:15:00+00:00,btc-updown-15m-1771884900,0.0,73631437027975809265145291612553034027419218625419793712517898964968746138757
2026-02-23 22:30:00+00:00,btc-updown-15m-1771885800,0.0,30211220735943519068391935679216629794406739170460017908522665707059218942771
2026-02-23 22:45:00+00:00,btc-updown-15m-1771886700,0.0,51464012504930615531306794066189274460143459490329750070707738566798544328417
2026-02-23 23:00:00+00:00,btc-updown-15m-1771887600,1.0,52650588785290527558323542614228749132108804215918846106884606323962445252398
2026-02-23 23:15:00+00:00,btc-updown-15m-1771888500,0.0,55881342771614811409061252447922819108335437179763493234860714071088441580534
2026-02-23 23:30:00+00:00,btc-updown-15m-1771889400,0.0,47771744979708002908794596664509872661139086997425617783238221744497237322559
2026-02-23 23:45:00+00:00,btc-updown-15m-1771890300,1.0,36573604207242423024531575419698761699602383028645993694894901729423126142199
2026-02-24 00:00:00+00:00,btc-updown-15m-1771891200,1.0,69085860341283797510926538748505748455866560356511834784552062647267250550152
2026-02-24 00:15:00+00:00,btc-updown-15m-1771892100,0.0,90536969413239771659335154996924662051616770880088037178049269647711343889886
2026-02-24 00:30:00+00:00,btc-updown-15m-1771893000,1.0,115571680566975799521070078607528721912770450837449328525005464703741773776
2026-02-24 00:45:00+00:00,btc-updown-15m-1771893900,1.0,26661930601607047306311725354817617407644292211318578355236856789835357737146
2026-02-24 01:00:00+00:00,btc-updown-15m-1771894800,0.0,23525521677639385754358920958702131731526529783860116817753372467142220489533
2026-02-24 01:15:00+00:00,btc-updown-15m-1771895700,1.0,76073806711839539781237603074428720822606796148622046462527562346086496336934
2026-02-24 01:30:00+00:00,btc-updown-15m-1771896600,0.0,19463649130874499830753910102076055859036354254474410999694266112504176150584
2026-02-24 01:45:00+00:00,btc-updown-15m-1771897500,0.0,56373771938356286426729057767389183566704825620039519302925699925060972743329
2026-02-24 02:00:00+00:00,btc-updown-15m-1771898400,1.0,16788214860674841854735753324514182200919770301063427953723753808488796643632
2026-02-24 02:15:00+00:00,btc-updown-15m-1771899300,1.0,1717036795641221071094807065709252777304701900229910222291371117362921905792
2026-02-24 02:30:00+00:00,btc-updown-15m-1771900200,0.0,44709765056139989216322501278166112791934700345419264942735903802480139891438
2026-02-24 02:45:00+00:00,btc-updown-15m-1771901100,0.0,36889585419874489814611577503645523549319509260168276599178808930846616988186
2026-02-24 03:00:00+00:00,btc-updown-15m-1771902000,0.0,40255840652721373679136370847978205505281745741166199356824744819275965538826
2026-02-24 03:15:00+00:00,btc-updown-15m-1771902900,1.0,39816836569197543372303901294959538054860885032444150443880899703894724515929
2026-02-24 03:30:00+00:00,btc-updown-15m-1771903800,0.0,60008610202020315982295220066368548936056090394694176344784742303687214116690
2026-02-24 03:45:00+00:00,btc-updown-15m-1771904700,0.0,50114110966662514578914840760688497140249519747789637459733954372070872003164
2026-02-24 04:00:00+00:00,btc-updown-15m-1771905600,0.0,107634774170793132338561054995335069048558352499489736424747710032905126743997
2026-02-24 04:15:00+00:00,btc-updown-15m-1771906500,1.0,8462664197313006388006594129607008105520606857562460044108830073610899455522
2026-02-24 04:30:00+00:00,btc-updown-15m-1771907400,1.0,86762961570214056932294180023739312638424819331110845652776219472731760637162
2026-02-24 04:45:00+00:00,btc-updown-15m-1771908300,1.0,53984590415590359846821847680679784103459030404216570410670508128486729518803
2026-02-24 05:00:00+00:00,btc-updown-15m-1771909200,1.0,93737535457411953056635127569647039484097757289116631171608661001461529886552
2026-02-24 05:15:00+00:00,btc-updown-15m-1771910100,0.0,19423894391206273197645991372274869405213213229135310062214848709196726838470
2026-02-24 05:30:00+00:00,btc-updown-15m-1771911000,1.0,9484769029110570539642864246148675265079589089282064566471006213602472842678
2026-02-24 05:45:00+00:00,btc-updown-15m-1771911900,1.0,49848861043453913153105855355842555448396308061685485544356438026337780441450
2026-02-24 06:00:00+00:00,btc-updown-15m-1771912800,1.0,52977787040078730694564353050600197465345544806427121733993551636203315171378
2026-02-24 06:15:00+00:00,btc-updown-15m-1771913700,1.0,55659145704252958662651323761297757943366357069152948288396599623906179591198
2026-02-24 06:30:00+00:00,btc-updown-15m-1771914600,1.0,22006892962628292138439681619517075016654211542871878312073377671060749796857
2026-02-24 06:45:00+00:00,btc-updown-15m-1771915500,0.0,46354273429123522258442709690810187730067176946771165880314320027589779097051
2026-02-24 07:00:00+00:00,btc-updown-15m-1771916400,1.0,95792983811124229938263039602827940441502488938112236931375338671258016895743
2026-02-24 07:15:00+00:00,btc-updown-15m-1771917300,0.0,48689598906641907167524055360492694512359088527362616765203598721688283724883
2026-02-24 07:30:00+00:00,btc-updown-15m-1771918200,0.0,31304494624213405597456564465986043177837733428907315640188826946637187863662
2026-02-24 07:45:00+00:00,btc-updown-15m-1771919100,1.0,35180718871997052569156514913973040989230824604871823836252560322631362076358
2026-02-24 08:00:00+00:00,btc-updown-15m-1771920000,1.0,70290698553526082368513579918368733526756785984175967600704197626687380813486
2026-02-24 08:15:00+00:00,btc-updown-15m-1771920900,1.0,22479271630116736636155022723528576147278871804449658000178417899995932688114
2026-02-24 08:30:00+00:00,btc-updown-15m-1771921800,1.0,43938273185488898588629508065317868578961238616251069736495463878838666863482
2026-02-24 08:45:00+00:00,btc-updown-15m-1771922700,1.0,75159824179988755938141679938626432541320302370501291937244458353880130361940
2026-02-24 09:00:00+00:00,btc-updown-15m-1771923600,0.0,13924799163708928654121905116474688770225584364397622711616721869922940287857
2026-02-24 09:15:00+00:00,btc-updown-15m-1771924500,0.0,56712806745273220234424666116422214738866105771924341599517053788473249406230
2026-02-24 09:30:00+00:00,btc-updown-15m-1771925400,1.0,7663141523588798745471212461701298568999437849262706128032536525849053753685
2026-02-24 09:45:00+00:00,btc-updown-15m-1771926300,1.0,62955701567136112521449755900711221882773526495879855171587834281724110589758
2026-02-24 10:00:00+00:00,btc-updown-15m-1771927200,0.0,63199869546708806067065706941389747379160843694763422036275532701821803176185
2026-02-24 10:15:00+00:00,btc-updown-15m-1771928100,1.0,97827307136024612149549837725531443490135506520064558612156208315024751608011
2026-02-24 10:30:00+00:00,btc-updown-15m-1771929000,0.0,32700506896215744271474680323613844466947011174445624373189178725315825348887
2026-02-24 10:45:00+00:00,btc-updown-15m-1771929900,1.0,22998445888363725089839495581003526347920484848695879624666197591811875352083
2026-02-24 11:00:00+00:00,btc-updown-15m-1771930800,0.0,77997626547161105584064769680095216241500501379623793885215680508214471874877
2026-02-24 11:15:00+00:00,btc-updown-15m-1771931700,0.0,53559462772668608326074252188048620089121831782530608212659561120217181522179
2026-02-24 11:30:00+00:00,btc-updown-15m-1771932600,1.0,24925427099057407995377083857562742933952496916419787495415007403138978838062
2026-02-24 11:45:00+00:00,btc-updown-15m-1771933500,1.0,59771356411366261635115893355408081076883786953349297537352471324687497719925
2026-02-24 12:00:00+00:00,btc-updown-15m-1771934400,1.0,65649896733516568711185303833292571884732243166036273453917189325893097464935
2026-02-24 12:15:00+00:00,btc-updown-15m-1771935300,1.0,70086660565277567909295804108238003673119833218489526667499521654856757780168
2026-02-24 12:30:00+00:00,btc-updown-15m-1771936200,0.0,89385519237010343295771764357580290311329455087028415250240771196047387612920
2026-02-24 12:45:00+00:00,btc-updown-15m-1771937100,0.0,11491817963255284402097460381617270731413946384229826479410707774018649090610
2026-02-24 13:00:00+00:00,btc-updown-15m-1771938000,1.0,19784748174021868818589195389700130967290477261468039314277235131140380564299
2026-02-24 13:15:00+00:00,btc-updown-15m-1771938900,0.0,60275035039694301016964863642391066405658501233283129503297880238274377493708
2026-02-24 13:30:00+00:00,btc-updown-15m-1771939800,1.0,10270562543571234010173710188671202709506763565288038932573560825305008695790
2026-02-24 13:45:00+00:00,btc-updown-15m-1771940700,0.0,96501831621028846353669804430726875160837137405093089257353598117206579612049
2026-02-24 14:00:00+00:00,btc-updown-15m-1771941600,1.0,86141666295425639291082020662423250704551733066440517716880760763612593038153
2026-02-24 14:15:00+00:00,btc-updown-15m-1771942500,1.0,68548002946604864215862722923010705244434809960634835679595519440339903257164
2026-02-24 14:30:00+00:00,btc-updown-15m-1771943400,1.0,21145984086232724452449570235602861197314833246303592423381167184722184550759
2026-02-24 14:45:00+00:00,btc-updown-15m-1771944300,1.0,73183599136518647853041745830627760598984339773044780128585040418920646939022
2026-02-24 15:00:00+00:00,btc-updown-15m-1771945200,1.0,3451340033594303576840291918675667475687556484170079518479540638184577186785
2026-02-24 15:15:00+00:00,btc-updown-15m-1771946100,1.0,54640387070946824695536380684686131353258793252964560245013619288410833770857
2026-02-24 15:30:00+00:00,btc-updown-15m-1771947000,0.0,8882631837213236962344989519544145099589458498905017780713416968110602739838
2026-02-24 15:45:00+00:00,btc-updown-15m-1771947900,1.0,80654857204511090250455722900129321192035843917534690582669222074219898021491
2026-02-24 16:00:00+00:00,btc-updown-15m-1771948800,1.0,93378343586414363262690483117306449391793655966570104911115475951265079497248
2026-02-24 16:15:00+00:00,btc-updown-15m-1771949700,0.0,34068727394933985645439974950381291015152808008273922507890727591462103239648
2026-02-24 16:30:00+00:00,btc-updown-15m-1771950600,1.0,96047132234050542257213805083150746507745680581519189526969464028038793565410
2026-02-24 16:45:00+00:00,btc-updown-15m-1771951500,1.0,24227747261793226729476280014127820183215038474351197081601365478818578469090
2026-02-24 17:00:00+00:00,btc-updown-15m-1771952400,1.0,51685549132680989447152879750033482659138323595879443936073273730598002801426
2026-02-24 17:15:00+00:00,btc-updown-15m-1771953300,0.0,37756831859722069880071416697787572964657419335508786662189962001885389069638
2026-02-24 17:30:00+00:00,btc-updown-15m-1771954200,0.0,96575837655849477666328464842270688586131188983411275457197829125161432090321
2026-02-24 17:45:00+00:00,btc-updown-15m-1771955100,1.0,56789799446423394160634074275701636712263588641502750437452609864085110226521
2026-02-24 18:00:00+00:00,btc-updown-15m-1771956000,0.0,42958182959457736129985659259272597972031007468795878381972700339065679966787
2026-02-24 18:15:00+00:00,btc-updown-15m-1771956900,1.0,80188055107656654282327334897905359076699508059232523650090619961327940913678
2026-02-24 18:30:00+00:00,btc-updown-15m-1771957800,1.0,66453829133020478590446705845948684711246213822987784684265531963443670178560
2026-02-24 18:45:00+00:00,btc-updown-15m-1771958700,1.0,22297634132372331433707965662634712634815869862533770252851043460655999007332
2026-02-24 19:00:00+00:00,btc-updown-15m-1771959600,0.0,39317747129614499999834458445038972347227138320182782372077626227954060104691
2026-02-24 19:15:00+00:00,btc-updown-15m-1771960500,0.0,100271387322221363664438148592074304769116495194690856427148634040500429115826
2026-02-24 19:30:00+00:00,btc-updown-15m-1771961400,1.0,100154714040566064656849395974745610329246082486339168188409265386447549450430
2026-02-24 19:45:00+00:00,btc-updown-15m-1771962300,0.0,89634080988446165549289980153501632170385352071217540452874727695222700913864
2026-02-24 20:00:00+00:00,btc-updown-15m-1771963200,0.0,7906826138935473750883938724632391052549825404023689309071047263236606355139
2026-02-24 20:15:00+00:00,btc-updown-15m-1771964100,1.0,67590423228439949832332460852668974574163093312035617080155543268962411392036
2026-02-24 20:30:00+00:00,btc-updown-15m-1771965000,1.0,66941284330317040815263967847458467637047679959436831279119678815792160769363
2026-02-24 20:45:00+00:00,btc-updown-15m-1771965900,0.0,41948835748656047434353030979426244370146456462569822613350814337070903418828
2026-02-24 21:00:00+00:00,btc-updown-15m-1771966800,0.0,18762303939703108789686139548073440524587384311413999224653381609948890437962
2026-02-24 21:15:00+00:00,btc-updown-15m-1771967700,0.0,37452731908479911208377847935409166460126913990813646684962513227422611941033
2026-02-24 21:30:00+00:00,btc-updown-15m-1771968600,1.0,96357298443025927409394367614094722670818179665809730632216459432276733415717
2026-02-24 21:45:00+00:00,btc-updown-15m-1771969500,1.0,56407518462299913898029180902533776101767387844241519438647752693817464834072
2026-02-24 22:00:00+00:00,btc-updown-15m-1771970400,1.0,14978182343801737400213833732216215464720971334996621346206913132399940819880
2026-02-24 22:15:00+00:00,btc-updown-15m-1771971300,0.0,88061534104590437765006341614830479509161590200439394651530706479351390873295
2026-02-24 22:30:00+00:00,btc-updown-15m-1771972200,0.0,46491854287691387329330060283415275679534672445288758507420264483561226728199
2026-02-24 22:45:00+00:00,btc-updown-15m-1771973100,1.0,18215841714924760004661020819647255445077965533368352611316281176316410344512
2026-02-24 23:00:00+00:00,btc-updown-15m-1771974000,0.0,87741377871563583655144448751101096547605383304095883263659961049804874529074
2026-02-24 23:15:00+00:00,btc-updown-15m-1771974900,1.0,61801819451415261320119538690815933923838824008087043755000500516043244756893
2026-02-24 23:30:00+00:00,btc-updown-15m-1771975800,0.0,47853161594048382884806967556076211086228735260118355500606528049433405729899
2026-02-24 23:45:00+00:00,btc-updown-15m-1771976700,0.0,10883566131819873016170171884959646325596735129714519902953959237663126884443
2026-02-25 00:00:00+00:00,btc-updown-15m-1771977600,0.0,101635463898984606077471874713321786554281244391991296357422320694002128981269
2026-02-25 00:15:00+00:00,btc-updown-15m-1771978500,1.0,85496724182215444542595767819980497679765111057582648181442207285157074978312
2026-02-25 00:30:00+00:00,btc-updown-15m-1771979400,1.0,97912803725615260875965959764552740083756703578299602584664295944409130377682
2026-02-25 00:45:00+00:00,btc-updown-15m-1771980300,0.0,74846246720778366755080471688737944942596830442275766323315558117167097438984
2026-02-25 01:00:00+00:00,btc-updown-15m-1771981200,1.0,32305234139235498481659273126704571260394960689440527270883430721858749062591
2026-02-25 01:15:00+00:00,btc-updown-15m-1771982100,1.0,60301133039090630050989734948824361220493992360719599023095826438234770747008
2026-02-25 01:30:00+00:00,btc-updown-15m-1771983000,0.0,61909316456687555344930433137362008856977049842494080953504691027830513392958
2026-02-25 01:45:00+00:00,btc-updown-15m-1771983900,1.0,88649035900582964183090819403963737536575904708692672583944889379997159175214
2026-02-25 02:00:00+00:00,btc-updown-15m-1771984800,1.0,48685789447971330483895444116169177337955153884040590846647036204022190993672
2026-02-25 02:15:00+00:00,btc-updown-15m-1771985700,0.0,33352421445970497991000490844482694667258522868839577254489719212734228493495
2026-02-25 02:30:00+00:00,btc-updown-15m-1771986600,0.0,47292645926507232544780281569410888915096623137575155465742723873069758850279
2026-02-25 02:45:00+00:00,btc-updown-15m-1771987500,0.0,114771449709428741428419018813556550916716710339448074886185185901846416183052
2026-02-25 03:00:00+00:00,btc-updown-15m-1771988400,0.0,28110900832575535555686789679104897118941851987187245789506194327790910287036
2026-02-25 03:15:00+00:00,btc-updown-15m-1771989300,0.0,9515989835456856754522857813294512739189220465487709919784555300066369605686
2026-02-25 03:30:00+00:00,btc-updown-15m-1771990200,0.0,49812785052886272410635714636132440535405523057716761941468296874607128927604
2026-02-25 03:45:00+00:00,btc-updown-15m-1771991100,0.0,8942077547991813915144123062961234958566492040437354057729244822699890277178
2026-02-25 04:00:00+00:00,btc-updown-15m-1771992000,1.0,43637714615740934643816975584284901756037032508555102662172156118515939105693
2026-02-25 04:15:00+00:00,btc-updown-15m-1771992900,1.0,57181688034103175758408927321808276882172943008805363350042093397714509225647
2026-02-25 04:30:00+00:00,btc-updown-15m-1771993800,1.0,43172566339603407747291305990511655561243560758271254450662206739846647077278
2026-02-25 04:45:00+00:00,btc-updown-15m-1771994700,0.0,21361354819170422463182067807518895930919582877565924568523117109631465835259
2026-02-25 05:00:00+00:00,btc-updown-15m-1771995600,0.0,90225205573086336475867403646979899357108381677616229830411251733449617905112
2026-02-25 05:15:00+00:00,btc-updown-15m-1771996500,0.0,103973753027349127993239574107047766557923944161103079714204025863627145795826
2026-02-25 05:30:00+00:00,btc-updown-15m-1771997400,0.0,55024503001375397803049404329555177407836240431803129972596907835228106406572
2026-02-25 05:45:00+00:00,btc-updown-15m-1771998300,1.0,38431809174134031322945053340726748986099129434881354742211107052661994493296
2026-02-25 06:00:00+00:00,btc-updown-15m-1771999200,1.0,84981661970085894998539989135269201302128699298763604568568358247414534442366
2026-02-25 06:15:00+00:00,btc-updown-15m-1772000100,1.0,99993984038819922244087343941926561417191813950161441207959575061054595383206
2026-02-25 06:30:00+00:00,btc-updown-15m-1772001000,1.0,23929537759951612384360307493571623970123796062428613820392633036403047386409
2026-02-25 06:45:00+00:00,btc-updown-15m-1772001900,0.0,59463881761589737502164682592862737126183923460553454440607533091923782235149
2026-02-25 07:00:00+00:00,btc-updown-15m-1772002800,1.0,110175428722653058658631211458739033440781477759812864357399890073331752338398
2026-02-25 07:15:00+00:00,btc-updown-15m-1772003700,1.0,286022336195453174009482982560953297193980313922669731288329823926393864759
2026-02-25 07:30:00+00:00,btc-updown-15m-1772004600,0.0,26871723178446113663551086040050185589080844149059058635774386698296762588778
2026-02-25 07:45:00+00:00,btc-updown-15m-1772005500,1.0,85455902537647078728522852653745713399740769915077609841132302570620162816064
2026-02-25 08:00:00+00:00,btc-updown-15m-1772006400,0.0,35518197337416759489869395281904689072870099280843077408481812720558944943240
2026-02-25 08:15:00+00:00,btc-updown-15m-1772007300,1.0,84151394196058137270073750717833962059715701023079031893711723406991089977673
2026-02-25 08:30:00+00:00,btc-updown-15m-1772008200,1.0,54003048977342199831432021148444281464144325199698055185032835023622204247805
2026-02-25 08:45:00+00:00,btc-updown-15m-1772009100,1.0,81698993793045306747668716492533987092869036555343286259527407306393441832445
2026-02-25 09:00:00+00:00,btc-updown-15m-1772010000,1.0,111393915211065054830393415087649576629947521402391556756320249135343745424936
2026-02-25 09:15:00+00:00,btc-updown-15m-1772010900,1.0,34888016783891274923225480249753708602838671801543658004000784511289183281149
2026-02-25 09:30:00+00:00,btc-updown-15m-1772011800,0.0,55829892038573408755253747307189936830971353696046446608270009996780547891508
2026-02-25 09:45:00+00:00,btc-updown-15m-1772012700,1.0,113801026289094234320235568226905605909492943049724158166352883888004356778504
2026-02-25 10:00:00+00:00,btc-updown-15m-1772013600,1.0,71610837182555052514231704112187628977646989825537011348760373445530084723105
2026-02-25 10:15:00+00:00,btc-updown-15m-1772014500,0.0,195953049484565877078047836352337911008055022549841004749501568747533644107
2026-02-25 10:30:00+00:00,btc-updown-15m-1772015400,1.0,94885623997888420502203577051320475316167158613904947088396568541894634979200
2026-02-25 10:45:00+00:00,btc-updown-15m-1772016300,0.0,34211209403436229720572015419362090072435875563315484149941573368832054699482
2026-02-25 11:00:00+00:00,btc-updown-15m-1772017200,0.0,46243132824175252681840310088126498916658776041928360744727895385855789130894
2026-02-25 11:15:00+00:00,btc-updown-15m-1772018100,1.0,87202552665349190811983556496140327523005237489458433227692083408330374695413
2026-02-25 11:30:00+00:00,btc-updown-15m-1772019000,1.0,110316540849479597866930745483773476281150951472397268640428673057846494284164
2026-02-25 11:45:00+00:00,btc-updown-15m-1772019900,0.0,47951046860643179852087496596151614640551994106986016022206039613577107045398
2026-02-25 12:00:00+00:00,btc-updown-15m-1772020800,1.0,49501548756989805187760701228457215577346926477208589637573702128188653447452
2026-02-25 12:15:00+00:00,btc-updown-15m-1772021700,1.0,48125299401783123758079708905547402929662507754848179513288809687709951476739
2026-02-25 12:30:00+00:00,btc-updown-15m-1772022600,1.0,83650709318375104224398803256073761419989193545692365717439076176435829759671
2026-02-25 12:45:00+00:00,btc-updown-15m-1772023500,1.0,10761923399790953757343478234700538879755507987011160585531423452381569771530
2026-02-25 13:00:00+00:00,btc-updown-15m-1772024400,0.0,50056937125128735500997481196339610392002914413314574816919809006668478191468
2026-02-25 13:15:00+00:00,btc-updown-15m-1772025300,1.0,81645801917691954613625091374739278819703985318226234033357092683541490194490
2026-02-25 13:30:00+00:00,btc-updown-15m-1772026200,1.0,19845937365177304382383444692090592438244146964049042614138767327284432514292
2026-02-25 13:45:00+00:00,btc-updown-15m-1772027100,0.0,8035192983433003787141206853626243366730102564854368649772888634129862893149
2026-02-25 14:00:00+00:00,btc-updown-15m-1772028000,1.0,56763577597844435583870503459583383026033306350053288958618988449570314902692
2026-02-25 14:15:00+00:00,btc-updown-15m-1772028900,1.0,59127009272812064912946125518069537904023529310092943415137386432672823383135
2026-02-25 14:30:00+00:00,btc-updown-15m-1772029800,0.0,61057509421408500694093091312878384464206838282543394138778147008396545027995
2026-02-25 14:45:00+00:00,btc-updown-15m-1772030700,1.0,95314159578461240821232564867729706535972446327357942331380693888539062269564
2026-02-25 15:00:00+00:00,btc-updown-15m-1772031600,0.0,91403369953478276782472917408571648193380762833127419802341729869339955359669
2026-02-25 15:15:00+00:00,btc-updown-15m-1772032500,1.0,113608042495416536820385430309230611979011600444523467936093085498809094500114
2026-02-25 15:30:00+00:00,btc-updown-15m-1772033400,1.0,99559703945269060391185037800686078510875203830559577415543058894842334099789
2026-02-25 15:45:00+00:00,btc-updown-15m-1772034300,0.0,20580912509803732229584604734274079053927943894915041106665953061247977486875
2026-02-25 16:00:00+00:00,btc-updown-15m-1772035200,1.0,91674382671703138178765917820791232071855617315223757301972182411456237313817
2026-02-25 16:15:00+00:00,btc-updown-15m-1772036100,1.0,104274978575582634889078190536795530472583614730563849933991471029453109092844
2026-02-25 16:30:00+00:00,btc-updown-15m-1772037000,1.0,38343954980293933485231377153289549510291543595464388383816880358828354647322
2026-02-25 16:45:00+00:00,btc-updown-15m-1772037900,1.0,111543713555550005225802330565376639698396068203919970159517625788845533569515
2026-02-25 17:00:00+00:00,btc-updown-15m-1772038800,1.0,10390225703018752638853990269642777962774470433278487922274688901725591862226
2026-02-25 17:15:00+00:00,btc-updown-15m-1772039700,1.0,60183908902406649571497153823651599049626852852127520700767358516544010615803
2026-02-25 17:30:00+00:00,btc-updown-15m-1772040600,1.0,87494356103621867384956589142327619772819679096706868479187770451696378311153
2026-02-25 17:45:00+00:00,btc-updown-15m-1772041500,0.0,55990105013678978314252226749302482088057897484086953509893491952280324866005
2026-02-25 18:00:00+00:00,btc-updown-15m-1772042400,1.0,103718130798456071472382189480528213609839489769105251812741682687162458232129
2026-02-25 18:15:00+00:00,btc-updown-15m-1772043300,1.0,79293973373286547711437318589930877064758501013166766505733057185366292216561
2026-02-25 18:30:00+00:00,btc-updown-15m-1772044200,1.0,8270071335558253148590243456705000292293738719633427346110048053703800893950
2026-02-25 18:45:00+00:00,btc-updown-15m-1772045100,0.0,32516565271354185570580371239663687568533121069742013699342587219066068988210
2026-02-25 19:00:00+00:00,btc-updown-15m-1772046000,0.0,9047136347656711777596083535049194138820050362360149089969301695699033698076
2026-02-25 19:15:00+00:00,btc-updown-15m-1772046900,1.0,12571582100723265262069451535439378113514304016818621321695058938115909784816
2026-02-25 19:30:00+00:00,btc-updown-15m-1772047800,0.0,6176122433786925683359527524551819088650963154658869639328440446589133744677
2026-02-25 19:45:00+00:00,btc-updown-15m-1772048700,1.0,6600236397993530747308869158682609881201621481154343415366536479044670487217
2026-02-25 20:00:00+00:00,btc-updown-15m-1772049600,0.0,72803496535464253640028463668145072560324923498127426437923314113906746142873
2026-02-25 20:15:00+00:00,btc-updown-15m-1772050500,1.0,48816171728267867208973356773310596269523230145101563816097709824949823317371
2026-02-25 20:30:00+00:00,btc-updown-15m-1772051400,1.0,31085276985170353943219135416254680920510473420690017763314059844569785611323
2026-02-25 20:45:00+00:00,btc-updown-15m-1772052300,1.0,28868217627392887108364647749126646536612466872357284845045346861236095430755
2026-02-25 21:00:00+00:00,btc-updown-15m-1772053200,0.0005,743330163394313757453050497380095378151736678090034740218942678945014205729
2026-02-25 21:15:00+00:00,btc-updown-15m-1772054100,0.0,56332989769182756967219871948421049528186033988494024833979162991009819838853
2026-02-25 21:30:00+00:00,btc-updown-15m-1772055000,1.0,107407616281181611454362030795216154492186424560197695623692966633832509979739
2026-02-25 21:45:00+00:00,btc-updown-15m-1772055900,0.0,90601009256280058609162192122333924780354426358588788990803810318311512769468
2026-02-25 22:00:00+00:00,btc-updown-15m-1772056800,1.0,69318461939233600400565431601239954704914193731986904604875657685857620910571
2026-02-25 22:15:00+00:00,btc-updown-15m-1772057700,0.0,4477717493414237386546256218602207022734016427607907189917277654948448613253
2026-02-25 22:30:00+00:00,btc-updown-15m-1772058600,0.0,48327957759356665765756543176851975516260969299216586537378862625357943822768
2026-02-25 22:45:00+00:00,btc-updown-15m-1772059500,1.0,13023056625232620368348957301868636543058103763410399779265405852351860559825
2026-02-25 23:00:00+00:00,btc-updown-15m-1772060400,1.0,60493651185690134415969383036662580161096387557418974242081451232735739791113
2026-02-25 23:15:00+00:00,btc-updown-15m-1772061300,0.0,72802569466243900233114273910218778867205568512216538418319456032234193681742
2026-02-25 23:30:00+00:00,btc-updown-15m-1772062200,0.0,51627982875504736806773827936717240324970567215190354435930900598389483569239
2026-02-25 23:45:00+00:00,btc-updown-15m-1772063100,1.0,53434256066908632234384331345783580833100556574638561277307086632168016204807
2026-02-26 00:00:00+00:00,btc-updown-15m-1772064000,1.0,28313676216323446079891194309479852200214121187484515345601134600586112175422
2026-02-26 00:15:00+00:00,btc-updown-15m-1772064900,1.0,83412935751411324326373725507714145018883892366266004955120523411488701311332
2026-02-26 00:30:00+00:00,btc-updown-15m-1772065800,0.0,59851670039898846919588453083515322521879189011657898509849821928870544136920
2026-02-26 00:45:00+00:00,btc-updown-15m-1772066700,1.0,57648277535471259269320018907959735254181500747641104659759485265997488133294
2026-02-26 01:00:00+00:00,btc-updown-15m-1772067600,1.0,83771272368982756027200124930513146888490728645643504389790173045629660051994
2026-02-26 01:15:00+00:00,btc-updown-15m-1772068500,0.0,46016503072339581630820180589157457351857372971791480141588783370758672462392
2026-02-26 01:30:00+00:00,btc-updown-15m-1772069400,0.0,13044431535828454555831552537360843831835616002125711595964539098948323695520
2026-02-26 01:45:00+00:00,btc-updown-15m-1772070300,0.0,49727049230938489445376249733152532545974465046012818341910116831602942674984
2026-02-26 02:00:00+00:00,btc-updown-15m-1772071200,0.0,21204764873577906206789714386590969476447340821362791522644081162554184174562
2026-02-26 02:15:00+00:00,btc-updown-15m-1772072100,1.0,86416626190285827334373978736448722623569730440310041381468782468251522662950
2026-02-26 02:30:00+00:00,btc-updown-15m-1772073000,1.0,84174647791966688060569152831861105625593116835734768083110717168197556013705
2026-02-26 02:45:00+00:00,btc-updown-15m-1772073900,1.0,6788062006911751001539622303909194822754671443584331344179319838583159481162
2026-02-26 03:00:00+00:00,btc-updown-15m-1772074800,0.0,112341785355880707023645008125981864902006597598129688881043266185354930998118
2026-02-26 03:15:00+00:00,btc-updown-15m-1772075700,0.0,75605141496772839162636405457962484054306913071664308317711971372560957180299
2026-02-26 03:30:00+00:00,btc-updown-15m-1772076600,1.0,43373358500673698958610310195052966097456467895644380700179930975135150567583
2026-02-26 03:45:00+00:00,btc-updown-15m-1772077500,0.0,111714990371005999583071887459552171979573398622414569475648161628094320418160
2026-02-26 04:00:00+00:00,btc-updown-15m-1772078400,1.0,112210060017094831251413546157888171440736844634987795167535015135862608579151
2026-02-26 04:15:00+00:00,btc-updown-15m-1772079300,1.0,37374267508696001174543100663282255217734591903731950858467967411545251126268
2026-02-26 04:30:00+00:00,btc-updown-15m-1772080200,1.0,74058006552536945538266069173184836180018163529570697161043047701109506292445
2026-02-26 04:45:00+00:00,btc-updown-15m-1772081100,0.0,52734115221113924930841668206085958106551763017041129284911977619326875076982
2026-02-26 05:00:00+00:00,btc-updown-15m-1772082000,0.0,94485140056021114242339711991240491136725254952329172469750384719274683201071
2026-02-26 05:15:00+00:00,btc-updown-15m-1772082900,1.0,46698750092553338330313317002686488990706564972538939245995948141761343532574
2026-02-26 05:30:00+00:00,btc-updown-15m-1772083800,1.0,10121882047573172605882095321287604760056923574324069559959729325160812504567
2026-02-26 05:45:00+00:00,btc-updown-15m-1772084700,1.0,23544283032602953735215919946144695526359709913181435247086199817161696580612
2026-02-26 06:00:00+00:00,btc-updown-15m-1772085600,1.0,23269338397526010553442312949397584919053072364723982273940891052136433839551
2026-02-26 06:15:00+00:00,btc-updown-15m-1772086500,0.0,6925448271822207202295551507705329360544895643924713342977591027159098229471
2026-02-26 06:30:00+00:00,btc-updown-15m-1772087400,0.0,3061717398849083817089031789181632438657006195536079939135573050630952337209
2026-02-26 06:45:00+00:00,btc-updown-15m-1772088300,1.0,56455101670199837690450887554574059453340940946483804775796260128583688582182
2026-02-26 07:00:00+00:00,btc-updown-15m-1772089200,1.0,90105545690112793906303978459511943864223591683915114102489507803167170688979
2026-02-26 07:15:00+00:00,btc-updown-15m-1772090100,0.0,32411076446458775274460302559333579760885933666081403285559952461607491436611
2026-02-26 07:30:00+00:00,btc-updown-15m-1772091000,0.0,6970539816014139455554979216337113691961182527022578936319320009713884978127
2026-02-26 07:45:00+00:00,btc-updown-15m-1772091900,0.0,2042622186335705693405080120227192074604822492736101433328688592578544382962
2026-02-26 08:00:00+00:00,btc-updown-15m-1772092800,1.0,101963295670997806867549740061506380254524343263234849928202958764732562297647
2026-02-26 08:15:00+00:00,btc-updown-15m-1772093700,0.0,110685480141967970027853366006559531923911536980523877379583488600272130544213
2026-02-26 08:30:00+00:00,btc-updown-15m-1772094600,0.0,75709808374746021104846834806333786043039593498397460113873816552079577558657
2026-02-26 08:45:00+00:00,btc-updown-15m-1772095500,0.0,22216048508597090119427021100883025371066236522663846603322331015009051174473
2026-02-26 09:00:00+00:00,btc-updown-15m-1772096400,1.0,115643631583054275547141186556268846469915667489075793823738383632983227599292
2026-02-26 09:15:00+00:00,btc-updown-15m-1772097300,0.0,78615582168393273771212630929476376872791463564232704382361445246582166753514
2026-02-26 09:30:00+00:00,btc-updown-15m-1772098200,1.0,95892736282556713012237850903380347132303181919964368465895812727796265704567
2026-02-26 09:45:00+00:00,btc-updown-15m-1772099100,1.0,97266654399230342533912904082791670223315652218754043058921024479486038179323
2026-02-26 10:00:00+00:00,btc-updown-15m-1772100000,0.0,88423663003029991989042388489996989515294071540231996563086670227823382142896
2026-02-26 10:15:00+00:00,btc-updown-15m-1772100900,0.0,72509631382989505996543994751786936137540955392317366129143229406019033118627
2026-02-26 10:30:00+00:00,btc-updown-15m-1772101800,1.0,86852551237333399081415835044595951687966587912204284641664719061450472368933
2026-02-26 10:45:00+00:00,btc-updown-15m-1772102700,0.0,18153019336371762962708865394516452507778116044930486593920603957802489364949
2026-02-26 11:00:00+00:00,btc-updown-15m-1772103600,1.0,54562363066551721165646159737398195032846883559937836521269451786723127168075
2026-02-26 11:15:00+00:00,btc-updown-15m-1772104500,0.0,48716036675501858740641313512141977416268776389074255886112176111737922096718
2026-02-26 11:30:00+00:00,btc-updown-15m-1772105400,0.0,82259260188236439969093190678136870409339552173547268569516197321879378978823
2026-02-26 11:45:00+00:00,btc-updown-15m-1772106300,0.0,29035655758869974358938409679992687300744113144272866947911012589101477600652
2026-02-26 12:00:00+00:00,btc-updown-15m-1772107200,1.0,10628283790794954346140160621182265493668552550749859276081613463955216350688
2026-02-26 12:15:00+00:00,btc-updown-15m-1772108100,0.0,11001477917255805162528280228673076062268133020372210858011013773139188012736
2026-02-26 12:30:00+00:00,btc-updown-15m-1772109000,0.0,13117873405013349229673335166121428932602637168616360889628043808375324740163
2026-02-26 12:45:00+00:00,btc-updown-15m-1772109900,1.0,101719319633982854436589291400714353804568305632770843280769846887942367333155
2026-02-26 13:00:00+00:00,btc-updown-15m-1772110800,0.0,82291686347517226121484410279020769496904698296578799669942470811262307870564
2026-02-26 13:15:00+00:00,btc-updown-15m-1772111700,1.0,89851951601223093645485361737474377911866255355426171595881040847718065279899
2026-02-26 13:30:00+00:00,btc-updown-15m-1772112600,0.0,89068579491643914939080034220661351274855548053349670208573657386826556483091
2026-02-26 13:45:00+00:00,btc-updown-15m-1772113500,0.0,88073029193550582931288600659576501294177383033164396253411423687889548641566
2026-02-26 14:00:00+00:00,btc-updown-15m-1772114400,1.0,9057054828604193488071240350503980912584654654359964764289122748616637206173
2026-02-26 14:15:00+00:00,btc-updown-15m-1772115300,1.0,102486368073824801790168941728184078957256100180092129622196070812390766128683
2026-02-26 14:30:00+00:00,btc-updown-15m-1772116200,0.0,13628295997521922280819653826732805651646250623242767324005660073628635458396
2026-02-26 14:45:00+00:00,btc-updown-15m-1772117100,0.0,32408125185692177199123249380571248805563296302013023296449146251119217407909
2026-02-26 15:00:00+00:00,btc-updown-15m-1772118000,0.0,7741240090751894407560391220716088219072925771392631255527459256505978748072
2026-02-26 15:15:00+00:00,btc-updown-15m-1772118900,0.0,21160923037882105779388265002488301782694127033022034631006829622945651491766
2026-02-26 15:30:00+00:00,btc-updown-15m-1772119800,1.0,111331119031860047402220399146297011716629125126486331620528355610095105956402
2026-02-26 15:45:00+00:00,btc-updown-15m-1772120700,1.0,50262030381024134367746487587178174628987720813075672380558405711518770343732
2026-02-26 16:00:00+00:00,btc-updown-15m-1772121600,0.0,4979960726676603224569945785703308330412217136347554172576516896710033540238
2026-02-26 16:15:00+00:00,btc-updown-15m-1772122500,1.0,114679090912911605577576942888714605449202857888082950121669571362781630660164
2026-02-26 16:30:00+00:00,btc-updown-15m-1772123400,0.0,46351083279243967820231142289655157745847659587710887936569540824361373468296
2026-02-26 16:45:00+00:00,btc-updown-15m-1772124300,0.0,78025442535656305389014962679636071354776767234955598075302604367312349641365
2026-02-26 17:00:00+00:00,btc-updown-15m-1772125200,1.0,30906464475051095694460963724389031536424105558161356025332136646836959713388
2026-02-26 17:15:00+00:00,btc-updown-15m-1772126100,1.0,14490239870450521609537458447092536856352948037604929932011149234342290054375
2026-02-26 17:30:00+00:00,btc-updown-15m-1772127000,0.0,90722201259421113979075811613433618396443684842347566154715047405780958329613
2026-02-26 17:45:00+00:00,btc-updown-15m-1772127900,1.0,24883574564107909295049252822699183382799421653750889761046886622329596824361
2026-02-26 18:00:00+00:00,btc-updown-15m-1772128800,0.0,23212837559522152568147891315478083785407329130206889557613435272034914631559
2026-02-26 18:15:00+00:00,btc-updown-15m-1772129700,1.0,103374660077957779006661417555722944480280462601273483741093812457243504711591
2026-02-26 18:30:00+00:00,btc-updown-15m-1772130600,1.0,88503490906297139516304615542723034698729699273361870736477519096674678994520
2026-02-26 18:45:00+00:00,btc-updown-15m-1772131500,1.0,51058812373379390133188772407854879915290413297668201372056240583835854356221
2026-02-26 19:00:00+00:00,btc-updown-15m-1772132400,1.0,48890670770925369841666609241131068638266091186557722525692427649916602239189
2026-02-26 19:15:00+00:00,btc-updown-15m-1772133300,1.0,5181822622916617354713978174428284113787904516749502503439376334732043508969
2026-02-26 19:30:00+00:00,btc-updown-15m-1772134200,0.0,12587569277144033835794043987187133256337439278554659054407252350314731619253
2026-02-26 19:45:00+00:00,btc-updown-15m-1772135100,1.0,53586488695183329366507471875822037280633655796520976803449343786979116688431
2026-02-26 20:00:00+00:00,btc-updown-15m-1772136000,1.0,20781432371929576908981362061449483618385811169760915038862153565239564409479
2026-02-26 20:15:00+00:00,btc-updown-15m-1772136900,0.0,103955383903302141670454815254343146809853130466267065407139256125162158441377
2026-02-26 20:30:00+00:00,btc-updown-15m-1772137800,0.0,8046980503417439239086861783861264224744413066723753776074912109517214601278
2026-02-26 20:45:00+00:00,btc-updown-15m-1772138700,0.0,81350426228537003176865942821227687550401759301403064709222634326722246333039
2026-02-26 21:00:00+00:00,btc-updown-15m-1772139600,0.0,49016873286228147384753525792742455529137977740022523772494688503564758956577
2026-02-26 21:15:00+00:00,btc-updown-15m-1772140500,1.0,21968639598621169258318382350738208808394881312922871125383578513127226293282
2026-02-26 21:30:00+00:00,btc-updown-15m-1772141400,0.0,53029727378061993134896544749928432933138801534913753565148849257912259075749
2026-02-26 21:45:00+00:00,btc-updown-15m-1772142300,1.0,17992960080204064739002359482052936345990468955090773646684813896670937919442
2026-02-26 22:00:00+00:00,btc-updown-15m-1772143200,1.0,15546770574573051776135047790109729942471640194808637429342545830508421113391
2026-02-26 22:15:00+00:00,btc-updown-15m-1772144100,0.0,110667189897628390181813333413552755103551902899505086223250874297897435591056
2026-02-26 22:30:00+00:00,btc-updown-15m-1772145000,1.0,7297487815691340150725494270321391643889278703133237190002036937690830993504
2026-02-26 22:45:00+00:00,btc-updown-15m-1772145900,0.0,3286733119844480067147207373814738445542409365465204452997502392090898443952
2026-02-26 23:00:00+00:00,btc-updown-15m-1772146800,0.0,28088636798756634800678334336581803152974058527634916881122116765323069568016
2026-02-26 23:15:00+00:00,btc-updown-15m-1772147700,1.0,33213485372573511357054752004488204232674667742180540869544263648358125972001
2026-02-26 23:30:00+00:00,btc-updown-15m-1772148600,0.0,23943124888080647593487466079901397015652143122148928816466266229228376288018
2026-02-26 23:45:00+00:00,btc-updown-15m-1772149500,0.0,57579809304429034802199578640248763101046313399725177459394340896327868863392
2026-02-27 00:00:00+00:00,btc-updown-15m-1772150400,0.0,52568540111969522219801393982879125428842994935643377239528427420412528805719
2026-02-27 00:15:00+00:00,btc-updown-15m-1772151300,0.0,12244307303275907932008431348909068096748271767603327548707815801817464313735
2026-02-27 00:30:00+00:00,btc-updown-15m-1772152200,0.0,68897590090367576183060120636404953741911382863227786573292116877878002337957
2026-02-27 00:45:00+00:00,btc-updown-15m-1772153100,1.0,41616460766472610549739739418869487184663091436507350832492217695372514858477
2026-02-27 01:00:00+00:00,btc-updown-15m-1772154000,0.0,36857464580931548003158731351647121712298087061378950344770143777110710935590
2026-02-27 01:15:00+00:00,btc-updown-15m-1772154900,1.0,28269027637783157491947325653006998859832768279154075649338523449255080973327
2026-02-27 01:30:00+00:00,btc-updown-15m-1772155800,1.0,96080397625721854066758201669418971957093977132273337920971819787987049929995
2026-02-27 01:45:00+00:00,btc-updown-15m-1772156700,1.0,99223599825693399436333680084427889784092615686368148551173689085216277085728
2026-02-27 02:00:00+00:00,btc-updown-15m-1772157600,0.0,50628322623713786020304802443622949197322203169469820925221164998247256856429
2026-02-27 02:15:00+00:00,btc-updown-15m-1772158500,1.0,76478011977840792505911506541339479920744195320471632653561201354418858359711
2026-02-27 02:30:00+00:00,btc-updown-15m-1772159400,1.0,8883503723780917671339914362690157183508557170092958629897479265179922040155
2026-02-27 02:45:00+00:00,btc-updown-15m-1772160300,0.0,91053551525795567501267317814957689941625481353486089965496072803460248272269
2026-02-27 03:00:00+00:00,btc-updown-15m-1772161200,0.0,66965538370600360135947620024840497205740493108901354264060993702207005334387
2026-02-27 03:15:00+00:00,btc-updown-15m-1772162100,0.0,80586747023979743300333182169170168199750114446919373199191535742118393858292
2026-02-27 03:30:00+00:00,btc-updown-15m-1772163000,1.0,33943442025621502598851668220249721097415912951811421144886899838728090936778
2026-02-27 03:45:00+00:00,btc-updown-15m-1772163900,1.0,57853551267373458250494978727831351260587671630347366625337342332986645286227
2026-02-27 04:00:00+00:00,btc-updown-15m-1772164800,1.0,102175937565050989798398941328772451941516888315946654167044463809616161207987
2026-02-27 04:15:00+00:00,btc-updown-15m-1772165700,1.0,113477081336314530859439080786671369569649721857967512308731765737107835318050
2026-02-27 04:30:00+00:00,btc-updown-15m-1772166600,0.0,5939413921708066232663346068968557094128227795347835025591614146938637336603
2026-02-27 04:45:00+00:00,btc-updown-15m-1772167500,0.0,112579701610796569028475866367672381483744127177641421661941383049064289533401
2026-02-27 05:00:00+00:00,btc-updown-15m-1772168400,1.0,23338842596157696632857042354074965598291482626216310008274224039331028605406
2026-02-27 05:15:00+00:00,btc-updown-15m-1772169300,0.0,54364217064531781990067338940853831638462567775244833426547112670992579780126
2026-02-27 05:30:00+00:00,btc-updown-15m-1772170200,1.0,90257705418765994528450296828117077546948072089922836357147507571201908371275
2026-02-27 05:45:00+00:00,btc-updown-15m-1772171100,0.0,47544303036678869321299337994715287830981219313746908236197129459775896097495
2026-02-27 06:00:00+00:00,btc-updown-15m-1772172000,0.0,2746517826386569513367163073934061827000923299393433683497706356468195268380
2026-02-27 06:15:00+00:00,btc-updown-15m-1772172900,0.0,5725419799368784450769442944004470052489288539837516737072838962423130251951
2026-02-27 06:30:00+00:00,btc-updown-15m-1772173800,1.0,30080625792476289396633268297553252462090425100746699369515813237600983957657
2026-02-27 06:45:00+00:00,btc-updown-15m-1772174700,0.0,77988105948357722876544666072771480482853961245020910771226259132964959701120
2026-02-27 07:00:00+00:00,btc-updown-15m-1772175600,0.0,1272504809406188633040632643178286852715888129049037061139270374076292318867
2026-02-27 07:15:00+00:00,btc-updown-15m-1772176500,0.0,78589332063978463022767769743178190746376710390099723894721241541717377773988
2026-02-27 07:30:00+00:00,btc-updown-15m-1772177400,1.0,110657698340999908647748879740462353672843412732912576688070197796225776657633
2026-02-27 07:45:00+00:00,btc-updown-15m-1772178300,1.0,32356946352318870814513754526916707615906854832340719045146001055032374201045
2026-02-27 08:00:00+00:00,btc-updown-15m-1772179200,1.0,26134054268735602803673354744931218385306568902005446900993208094912530589960
2026-02-27 08:15:00+00:00,btc-updown-15m-1772180100,1.0,12612641654279490407977552936170275337485822868874428411324311920749608690386
2026-02-27 08:30:00+00:00,btc-updown-15m-1772181000,0.0,45520414772292689517113498792634549250717448879498317870271040088284230853807
2026-02-27 08:45:00+00:00,btc-updown-15m-1772181900,1.0,74232521927922722315932084042153560706003697594770119654824677993928796462899
2026-02-27 09:00:00+00:00,btc-updown-15m-1772182800,1.0,10632798800495971218423896023245681980797027314549399805180603773794686164585
2026-02-27 09:15:00+00:00,btc-updown-15m-1772183700,1.0,85142371848562670594916238680485711669608819561718845471118179856854292714320
2026-02-27 09:30:00+00:00,btc-updown-15m-1772184600,0.0,82025708624138138969276249922352505634410539785762556858875159190932074558463
2026-02-27 09:45:00+00:00,btc-updown-15m-1772185500,0.0,101762702287023846968642418272501078217877291848633339850246615076475104984551
2026-02-27 10:00:00+00:00,btc-updown-15m-1772186400,0.0,22987315822134653796573410619664116528006383750736177192918219143324104329129
2026-02-27 10:15:00+00:00,btc-updown-15m-1772187300,0.0,63911287984474568634398940153202631387910053855554388684041502087866744366407
2026-02-27 10:30:00+00:00,btc-updown-15m-1772188200,1.0,2848532574553183974857344739039039105002988946282924046106030629792887408965
2026-02-27 10:45:00+00:00,btc-updown-15m-1772189100,0.0,108702633462887277837959104669777925421514328710107012616747678775937745472117
2026-02-27 11:00:00+00:00,btc-updown-15m-1772190000,1.0,64369836748382555080800204354727016632810264093882243756188795526681132875555
2026-02-27 11:15:00+00:00,btc-updown-15m-1772190900,0.0,21593873336987839952795993770353268299380551056670900444345146808497237462916
2026-02-27 11:30:00+00:00,btc-updown-15m-1772191800,0.0,7287581321291723391459737699564908042427429071752126107783718382081488749008
2026-02-27 11:45:00+00:00,btc-updown-15m-1772192700,1.0,104019843435996797641992988241058479828916779329937607303815677233931585416020
2026-02-27 12:00:00+00:00,btc-updown-15m-1772193600,0.0,80459669172114849289486809572598281742037817288532422419381222548814746370386
2026-02-27 12:15:00+00:00,btc-updown-15m-1772194500,0.0,98558297861684482628665183296754071767502821202328115158196795550036337424499
2026-02-27 12:30:00+00:00,btc-updown-15m-1772195400,0.0,22575815183726018572576948410090252339781450789596712667868786868178000985905
2026-02-27 12:45:00+00:00,btc-updown-15m-1772196300,1.0,92071295966712248910513654244907760649554949834213439950729898627665437741849
2026-02-27 13:00:00+00:00,btc-updown-15m-1772197200,1.0,32359231986385220039369819160850199378899416304066004897884638400117756735604
2026-02-27 13:15:00+00:00,btc-updown-15m-1772198100,0.0,33243697770875450465397920526351743507170088295057223488443673467124865842718
2026-02-27 13:30:00+00:00,btc-updown-15m-1772199000,1.0,89062281605649468891821791908257507196666809750321675228272958902897031457478
2026-02-27 13:45:00+00:00,btc-updown-15m-1772199900,1.0,108091288705726947834777769244351891354517016021918056913577969134743614575304
2026-02-27 14:00:00+00:00,btc-updown-15m-1772200800,1.0,23734323616504713151283225492087505923464649906307416317668024612229846311478
2026-02-27 14:15:00+00:00,btc-updown-15m-1772201700,0.0,37844718663078477824416787501060367437620286471336485609838874018834436568988
2026-02-27 14:30:00+00:00,btc-updown-15m-1772202600,0.0,64812881799552593306842222630119694110258023009526425967453675079245147385276
2026-02-27 14:45:00+00:00,btc-updown-15m-1772203500,1.0,28038287821299555726894760860032710381992889768930086812399781660755896205704
2026-02-27 15:00:00+00:00,btc-updown-15m-1772204400,1.0,18613695510498878318207771378591171629303914792027240303645874555356993234804
2026-02-27 15:15:00+00:00,btc-updown-15m-1772205300,1.0,55979194898787113682046158434079762455143291969645402992557188554481367653882
2026-02-27 15:30:00+00:00,btc-updown-15m-1772206200,0.0,67845310657464124120356732572534178865188362108178725283958737182659603427573
2026-02-27 15:45:00+00:00,btc-updown-15m-1772207100,1.0,58290949965059834528741839222598614343046972224050112896610769851366979097423
2026-02-27 16:00:00+00:00,btc-updown-15m-1772208000,0.0,6312624545376992464182266873772906949288269931993769514830744608525091853396
2026-02-27 16:15:00+00:00,btc-updown-15m-1772208900,1.0,16499920847483591031680205870614706432413749764049909267117431031801347683766
2026-02-27 16:30:00+00:00,btc-updown-15m-1772209800,0.0,102032119178976142290250959439042733545581814690148895352071359375839445293241
2026-02-27 16:45:00+00:00,btc-updown-15m-1772210700,0.0,7018588842050329440979375842518450292688928382022511111971269179632268429494
2026-02-27 17:00:00+00:00,btc-updown-15m-1772211600,0.0,10852654918677842121797389115536298671627198549833094001183099349920913797355
2026-02-27 17:15:00+00:00,btc-updown-15m-1772212500,0.0,65062104615324837621359320735365412123820013754260828495339401418304233931038
2026-02-27 17:30:00+00:00,btc-updown-15m-1772213400,1.0,3341777557150827685926118425146065145435905852086769777644944051294080678893
2026-02-27 17:45:00+00:00,btc-updown-15m-1772214300,1.0,76718094783292386874006484899134457831297817742718597665914124804131509468568
2026-02-27 18:00:00+00:00,btc-updown-15m-1772215200,0.0,69635178859052907493483840152110935014442628759098320235965579479543125931983
2026-02-27 18:15:00+00:00,btc-updown-15m-1772216100,1.0,58663569167343935847498049369941986644167735197306969594149318477872451176467
2026-02-27 18:30:00+00:00,btc-updown-15m-1772217000,0.0,104440869859581673464798096554749513826564957927400128872793481381502579275620
2026-02-27 18:45:00+00:00,btc-updown-15m-1772217900,0.0,26531315148312473187602309091600041801318457022898676935706467197263877523147
2026-02-27 19:00:00+00:00,btc-updown-15m-1772218800,0.0,74239376800172413301642313108874934492635619729245081193987252568692428607758
2026-02-27 19:15:00+00:00,btc-updown-15m-1772219700,1.0,107935268996668805705119895310039821080319529451273763510594558297062484973114
2026-02-27 19:30:00+00:00,btc-updown-15m-1772220600,0.0,95871631178241957921479151987158948218233342336993984245025465383151140397469
2026-02-27 19:45:00+00:00,btc-updown-15m-1772221500,1.0,111249762229995622322818145135966512588329245712814225584034312659099481502843
2026-02-27 20:00:00+00:00,btc-updown-15m-1772222400,1.0,91470620620497030694492995462646567782294443693474248964978608096133079884313
2026-02-27 20:15:00+00:00,btc-updown-15m-1772223300,1.0,104199656915619678935279537719385999802086278110942309890657873918293097557315
2026-02-27 20:30:00+00:00,btc-updown-15m-1772224200,1.0,7321738138215861401628449420066540075086880063646444975111656224760452527629
2026-02-27 20:45:00+00:00,btc-updown-15m-1772225100,0.0,34808819652042714408904251012618923642586939005477005867111642342676882935069
2026-02-27 21:00:00+00:00,btc-updown-15m-1772226000,0.0,53150799260771078311145394278011592088561482162883316801448286579528081788964
2026-02-27 21:15:00+00:00,btc-updown-15m-1772226900,1.0,94060156081427609265692426664605307337189934529540986375992054420239020773632
2026-02-27 21:30:00+00:00,btc-updown-15m-1772227800,0.0,52829139360284184815875770052693222959867500830950355434702534975735788825676
2026-02-27 21:45:00+00:00,btc-updown-15m-1772228700,0.0,76373921993442369033738641562879825747740459935211187834090460557562983109642
2026-02-27 22:00:00+00:00,btc-updown-15m-1772229600,1.0,85018402183614463933501178461797202584064019993248649335012523293560830415535
2026-02-27 22:15:00+00:00,btc-updown-15m-1772230500,0.0,64112562250218670555574243467060767041781142655027982263905469585339458994099
2026-02-27 22:30:00+00:00,btc-updown-15m-1772231400,1.0,13814291529187301080927004968989650807860378684526286762461513328255444637320
2026-02-27 22:45:00+00:00,btc-updown-15m-1772232300,1.0,108969364438170293250887121921988298101388771334636406544243417253522885292223
2026-02-27 23:00:00+00:00,btc-updown-15m-1772233200,1.0,57276544191366055832634861420597028445636003897056446445081978892891965500335
2026-02-27 23:15:00+00:00,btc-updown-15m-1772234100,1.0,27383796616283105567831028569858666128943666731800389865201162410027666042480
2026-02-27 23:30:00+00:00,btc-updown-15m-1772235000,0.0,72637492845549427408940489913775006289437047175364415526159679502968589153006
2026-02-27 23:45:00+00:00,btc-updown-15m-1772235900,1.0,72873594123480695543740595684414987619396496156275745841152682192445767902318
2026-02-28 00:00:00+00:00,btc-updown-15m-1772236800,1.0,110942354606881699918893770241750997858553538555181330884571885954655227664974
2026-02-28 00:15:00+00:00,btc-updown-15m-1772237700,0.0,66205828513349404871028733493372815430321865881112712646735954017913424964256
2026-02-28 00:30:00+00:00,btc-updown-15m-1772238600,1.0,113071495170691692349946881418621661290362581378272772476151056791860446319260
2026-02-28 00:45:00+00:00,btc-updown-15m-1772239500,0.0,59047402586600924946291977039849499273168610098165578885620183743155250491354
2026-02-28 01:00:00+00:00,btc-updown-15m-1772240400,0.0,94762598310218960379018238952668910126338638945004579504447142044911856697167
2026-02-28 01:15:00+00:00,btc-updown-15m-1772241300,0.0,90849361098809366598863516031362365671364117929841635745666826135865611780035
2026-02-28 01:30:00+00:00,btc-updown-15m-1772242200,0.0,38466465093826912009364522157778388278537504832651024950836008161079698498194
2026-02-28 01:45:00+00:00,btc-updown-15m-1772243100,0.0,48063150407888879963508132115640036788612778887838775508050526186052304315361
2026-02-28 02:00:00+00:00,btc-updown-15m-1772244000,1.0,14178759956159585232932510070803066349356558034536214241253598331477880824567
2026-02-28 02:15:00+00:00,btc-updown-15m-1772244900,1.0,65176277866094712477021881280520442182630881485191355015109500703742231595185
2026-02-28 02:30:00+00:00,btc-updown-15m-1772245800,1.0,26310071571490908656686752723274421577767133923632367956972435279404676217847
2026-02-28 02:45:00+00:00,btc-updown-15m-1772246700,0.0,112231661039759116987864251624475675159921886812225334465539926990803911975850
2026-02-28 03:00:00+00:00,btc-updown-15m-1772247600,0.0,90267647831651089901520223887549713082728803776719092094320733817305413182901
2026-02-28 03:15:00+00:00,btc-updown-15m-1772248500,1.0,110473142565712988210991585980195687373920994042247701588807544882490438046601
2026-02-28 03:30:00+00:00,btc-updown-15m-1772249400,0.0,104648459085349349520518056732181274157030249229407975369930356682762504024484
2026-02-28 03:45:00+00:00,btc-updown-15m-1772250300,1.0,43201099641686916504552883224375718064467010365677336077957424024424680654648
2026-02-28 04:00:00+00:00,btc-updown-15m-1772251200,0.0,97240360415859576962180276859081805402973913077153995056289444195553755497153
2026-02-28 04:15:00+00:00,btc-updown-15m-1772252100,0.0,101787562453934336785121979469956572985651750827470738354263080494495389829445
2026-02-28 04:30:00+00:00,btc-updown-15m-1772253000,0.0,24424656009432693247634716682591978422166274966967529584340178894210531183667
2026-02-28 04:45:00+00:00,btc-updown-15m-1772253900,1.0,81422474700010346418042183159128216332013317731273877290028995048944539882555
2026-02-28 05:00:00+00:00,btc-updown-15m-1772254800,1.0,26453923206419132753207632062155760266332424615091198360352966083011421658541
2026-02-28 05:15:00+00:00,btc-updown-15m-1772255700,0.0,108141121448075935975038845196544948844907658247430866599219800808357386376901
2026-02-28 05:30:00+00:00,btc-updown-15m-1772256600,0.0,85621264075775434613119853725453490295119957457731929200452663248260717132636
2026-02-28 05:45:00+00:00,btc-updown-15m-1772257500,1.0,83547705535019279195741372805198150775031383036895538255832542782503998077398
2026-02-28 06:00:00+00:00,btc-updown-15m-1772258400,0.0,78808492063390050219076280069719371286413718160010552130940001791111786232519
2026-02-28 06:15:00+00:00,btc-updown-15m-1772259300,0.0,88161675975451205575298000914056799139740930664598738513510316928152745634830
2026-02-28 06:30:00+00:00,btc-updown-15m-1772260200,0.0,102644676136204906020973686833976804799668522759779195817499825807947913472533
2026-02-28 06:45:00+00:00,btc-updown-15m-1772261100,0.0,51046771535466309352727884439384268505917093816425126254913586202072439396654
2026-02-28 07:00:00+00:00,btc-updown-15m-1772262000,1.0,36278286187204114350073024625104927267013601459327508958711396294252312530878
2026-02-28 07:15:00+00:00,btc-updown-15m-1772262900,0.0,103898886198231419369528647021238530335043698657859291285897116358948021717108
2026-02-28 07:30:00+00:00,btc-updown-15m-1772263800,1.0,36524831642330019403761430860135427644465226736684159503102984683361244194514
2026-02-28 07:45:00+00:00,btc-updown-15m-1772264700,0.0,51124969224722526152931084246684612722627463751085885612276946919203693875346
2026-02-28 08:00:00+00:00,btc-updown-15m-1772265600,0.0,55780105644982211968311513627258173142167949778330162092137743364900582349024
2026-02-28 08:15:00+00:00,btc-updown-15m-1772266500,1.0,86584789714940458524275875538028420697815378997123038376025898793426026988776
2026-02-28 08:30:00+00:00,btc-updown-15m-1772267400,0.0,104283768791187904306682051711905954738435175985666229025226191756725812335678
2026-02-28 08:45:00+00:00,btc-updown-15m-1772268300,0.0,106828691437288184222003578999926612700746481011668803373366659161322431771056
2026-02-28 09:00:00+00:00,btc-updown-15m-1772269200,1.0,92514417128464291867898879004947745022740645544647330862875682817897380821215
2026-02-28 09:15:00+00:00,btc-updown-15m-1772270100,1.0,58315136807232083014436091595843771618960450483314735973526592788691467589351
2026-02-28 09:30:00+00:00,btc-updown-15m-1772271000,0.0,43173167238694892058863917629334950130771359231299369214699644312252937650021
2026-02-28 09:45:00+00:00,btc-updown-15m-1772271900,1.0,94483179503372657980916759890434496552284762799923856052689275727021710742796
2026-02-28 10:00:00+00:00,btc-updown-15m-1772272800,0.0,36053349286263829424927120357405691856766014636915011796751525222097485656407
2026-02-28 10:15:00+00:00,btc-updown-15m-1772273700,1.0,15425820309554596073938947961054885346747932482195187699753650361958599405318
2026-02-28 10:30:00+00:00,btc-updown-15m-1772274600,1.0,26237352809175480636228368233213031861814541558982472063563461924617632854084
2026-02-28 10:45:00+00:00,btc-updown-15m-1772275500,1.0,6411506079514758299292128352447036165389257207198853072268999472632739598835
2026-02-28 11:00:00+00:00,btc-updown-15m-1772276400,1.0,33325810768994900227439106031481155961961263576622990019194913045205830891330
2026-02-28 11:15:00+00:00,btc-updown-15m-1772277300,1.0,75666297236450423156978729097090661969086767737497174667552430693842501967579
2026-02-28 11:30:00+00:00,btc-updown-15m-1772278200,0.0,58299130775939063978945204543370686998081215112991295157131014155818348992442
2026-02-28 11:45:00+00:00,btc-updown-15m-1772279100,0.0,27369823151893853322942942283903007522073891413185992344451706321868447448639
2026-02-28 12:00:00+00:00,btc-updown-15m-1772280000,1.0,106559626469753138568656012131029629926715743506334946245334788646319407485861
2026-02-28 12:15:00+00:00,btc-updown-15m-1772280900,1.0,12332541711319680513171123434978044762136250188455504017202607034802576535
2026-02-28 12:30:00+00:00,btc-updown-15m-1772281800,1.0,14132061240403853398674867840674345995949303122386687454653062369302717170858
2026-02-28 12:45:00+00:00,btc-updown-15m-1772282700,1.0,2317541483183230542239674494806234535076465325882999633012356211196919197697
2026-02-28 13:00:00+00:00,btc-updown-15m-1772283600,1.0,11826013741871439663124454651756136767225789497800230271665910852587467071395
2026-02-28 13:15:00+00:00,btc-updown-15m-1772284500,0.0,97991274420064235578067853219091236873737239265085596933266393007053683368397
2026-02-28 13:30:00+00:00,btc-updown-15m-1772285400,1.0,62833635718787392473080328757294353834555632859164820536347509119066684769843
2026-02-28 13:45:00+00:00,btc-updown-15m-1772286300,1.0,90588972520588475275852332277541718021881770932665780934911278131337653444775
2026-02-28 14:00:00+00:00,btc-updown-15m-1772287200,0.0,66661729852136393273263759071389675840539333884525023142990717159920280337640
2026-02-28 14:15:00+00:00,btc-updown-15m-1772288100,0.0,20919300650083415332787613501792746480683078556862551395653229307913067362518
2026-02-28 14:30:00+00:00,btc-updown-15m-1772289000,0.885,72796068276581724037806299415408126372955405961616746972904127408724057268173
