market_time,slug,poly_outcome,binance_momentum,binance_direction,binance_close,momentum_pct,correct_prediction,abs_momentum,momentum_size
2026-02-21 14:45:00+00:00,sol-updown-15m-1771685100,DOWN,0.17393320964750197,UP,86.39,0.17393320964750197,False,0.17393320964750197,Medium (0.15-0.5%)
2026-02-21 15:00:00+00:00,sol-updown-15m-1771686000,UP,-0.011575413821050025,DOWN,86.38,-0.011575413821050025,False,0.011575413821050025,Tiny (<0.05%)
2026-02-21 15:15:00+00:00,sol-updown-15m-1771686900,DOWN,0.2083815698078338,UP,86.56,0.2083815698078338,False,0.2083815698078338,Medium (0.15-0.5%)
2026-02-21 15:30:00+00:00,sol-updown-15m-1771687800,UP,-0.3812384473197762,DOWN,86.23,-0.3812384473197762,False,0.3812384473197762,Medium (0.15-0.5%)
2026-02-21 15:45:00+00:00,sol-updown-15m-1771688700,DOWN,0.4870694653832793,UP,86.65,0.4870694653832793,False,0.4870694653832793,Medium (0.15-0.5%)
2026-02-21 16:15:00+00:00,sol-updown-15m-1771690500,DOWN,-0.5424120023081349,DOWN,86.18,-0.5424120023081349,True,0.5424120023081349,Large (>0.5%)
2026-02-21 16:30:00+00:00,sol-updown-15m-1771691400,UP,-0.13924344395451907,DOWN,86.06,-0.13924344395451907,False,0.13924344395451907,Small (0.05-0.15%)
2026-02-21 16:45:00+00:00,sol-updown-15m-1771692300,DOWN,0.18591680223099766,UP,86.22,0.18591680223099766,False,0.18591680223099766,Medium (0.15-0.5%)
2026-02-21 17:00:00+00:00,sol-updown-15m-1771693200,DOWN,-0.2319647413593167,DOWN,86.02,-0.2319647413593167,True,0.2319647413593167,Medium (0.15-0.5%)
2026-02-21 17:15:00+00:00,sol-updown-15m-1771694100,UP,0.011625203441066167,UP,86.03,0.011625203441066167,True,0.011625203441066167,Tiny (<0.05%)
2026-02-21 17:30:00+00:00,sol-updown-15m-1771695000,UP,0.12786237359060726,UP,86.14,0.12786237359060726,True,0.12786237359060726,Small (0.05-0.15%)
2026-02-21 17:45:00+00:00,sol-updown-15m-1771695900,DOWN,0.19735314604133006,UP,86.31,0.19735314604133006,False,0.19735314604133006,Medium (0.15-0.5%)
2026-02-21 18:00:00+00:00,sol-updown-15m-1771696800,DOWN,-0.05793071486501814,DOWN,86.26,-0.05793071486501814,True,0.05793071486501814,Small (0.05-0.15%)
2026-02-21 18:15:00+00:00,sol-updown-15m-1771697700,UP,-0.0347785763969408,DOWN,86.23,-0.0347785763969408,False,0.0347785763969408,Tiny (<0.05%)
2026-02-21 18:30:00+00:00,sol-updown-15m-1771698600,UP,-0.02319378406588221,DOWN,86.21,-0.02319378406588221,False,0.02319378406588221,Tiny (<0.05%)
2026-02-21 18:45:00+00:00,sol-updown-15m-1771699500,UP,0.22039206588564197,UP,86.4,0.22039206588564197,True,0.22039206588564197,Medium (0.15-0.5%)
2026-02-21 19:00:00+00:00,sol-updown-15m-1771700400,UP,0.16203703703703767,UP,86.54,0.16203703703703767,True,0.16203703703703767,Medium (0.15-0.5%)
2026-02-21 19:15:00+00:00,sol-updown-15m-1771701300,DOWN,0.12710885139819672,UP,86.65,0.12710885139819672,False,0.12710885139819672,Small (0.05-0.15%)
2026-02-21 19:30:00+00:00,sol-updown-15m-1771702200,DOWN,-0.24235429890364446,DOWN,86.44,-0.24235429890364446,True,0.24235429890364446,Medium (0.15-0.5%)
2026-02-21 19:45:00+00:00,sol-updown-15m-1771703100,DOWN,-0.057843590930121654,DOWN,86.39,-0.057843590930121654,True,0.057843590930121654,Small (0.05-0.15%)
2026-02-21 20:00:00+00:00,sol-updown-15m-1771704000,DOWN,-0.2778099317050525,DOWN,86.15,-0.2778099317050525,True,0.2778099317050525,Medium (0.15-0.5%)
2026-02-21 20:15:00+00:00,sol-updown-15m-1771704900,UP,-0.2205455600696598,DOWN,85.96,-0.2205455600696598,False,0.2205455600696598,Medium (0.15-0.5%)
2026-02-21 20:30:00+00:00,sol-updown-15m-1771705800,DOWN,0.11633317822243898,UP,86.06,0.11633317822243898,False,0.11633317822243898,Small (0.05-0.15%)
2026-02-21 20:45:00+00:00,sol-updown-15m-1771706700,UP,-0.6739484080873789,DOWN,85.48,-0.6739484080873789,False,0.6739484080873789,Large (>0.5%)
2026-02-21 21:00:00+00:00,sol-updown-15m-1771707600,UP,-0.035095928872252144,DOWN,85.45,-0.035095928872252144,False,0.035095928872252144,Tiny (<0.05%)
2026-02-21 21:15:00+00:00,sol-updown-15m-1771708500,UP,0.11702750146283711,UP,85.55,0.11702750146283711,True,0.11702750146283711,Small (0.05-0.15%)
2026-02-21 21:30:00+00:00,sol-updown-15m-1771709400,UP,0.1753360607831744,UP,85.7,0.1753360607831744,True,0.1753360607831744,Medium (0.15-0.5%)
2026-02-21 21:45:00+00:00,sol-updown-15m-1771710300,UP,-0.011668611435245176,DOWN,85.69,-0.011668611435245176,False,0.011668611435245176,Tiny (<0.05%)
2026-02-21 22:00:00+00:00,sol-updown-15m-1771711200,DOWN,0.1400396779087461,UP,85.81,0.1400396779087461,False,0.1400396779087461,Small (0.05-0.15%)
2026-02-21 22:15:00+00:00,sol-updown-15m-1771712100,UP,-0.2563803752476388,DOWN,85.59,-0.2563803752476388,False,0.2563803752476388,Medium (0.15-0.5%)
2026-02-21 22:30:00+00:00,sol-updown-15m-1771713000,DOWN,0.03505082369435814,UP,85.62,0.03505082369435814,False,0.03505082369435814,Tiny (<0.05%)
2026-02-21 22:45:00+00:00,sol-updown-15m-1771713900,DOWN,-0.2335902826442453,DOWN,85.42,-0.2335902826442453,True,0.2335902826442453,Medium (0.15-0.5%)
2026-02-21 23:00:00+00:00,sol-updown-15m-1771714800,DOWN,0.058534301100441534,UP,85.47,0.058534301100441534,False,0.058534301100441534,Small (0.05-0.15%)
2026-02-21 23:15:00+00:00,sol-updown-15m-1771715700,UP,-0.2691002691002738,DOWN,85.24,-0.2691002691002738,False,0.2691002691002738,Medium (0.15-0.5%)
2026-02-21 23:30:00+00:00,sol-updown-15m-1771716600,DOWN,0.18770530267481325,UP,85.4,0.18770530267481325,False,0.18770530267481325,Medium (0.15-0.5%)
2026-02-21 23:45:00+00:00,sol-updown-15m-1771717500,DOWN,-0.16393442622950885,DOWN,85.26,-0.16393442622950885,True,0.16393442622950885,Medium (0.15-0.5%)
2026-02-22 00:00:00+00:00,sol-updown-15m-1771718400,DOWN,-0.14074595355384065,DOWN,85.14,-0.14074595355384065,True,0.14074595355384065,Small (0.05-0.15%)
2026-02-22 00:30:00+00:00,sol-updown-15m-1771720200,DOWN,-0.21141649048626596,DOWN,84.96,-0.21141649048626596,True,0.21141649048626596,Medium (0.15-0.5%)
2026-02-22 00:45:00+00:00,sol-updown-15m-1771721100,UP,-0.09416195856873623,DOWN,84.88,-0.09416195856873623,False,0.09416195856873623,Small (0.05-0.15%)
2026-02-22 01:00:00+00:00,sol-updown-15m-1771722000,UP,0.2591894439208281,UP,85.1,0.2591894439208281,True,0.2591894439208281,Medium (0.15-0.5%)
2026-02-22 01:15:00+00:00,sol-updown-15m-1771722900,UP,-0.02350176263219274,DOWN,85.08,-0.02350176263219274,False,0.02350176263219274,Tiny (<0.05%)
2026-02-22 01:30:00+00:00,sol-updown-15m-1771723800,DOWN,0.36436295251528245,UP,85.39,0.36436295251528245,False,0.36436295251528245,Medium (0.15-0.5%)
2026-02-22 01:45:00+00:00,sol-updown-15m-1771724700,UP,-0.09368778545496931,DOWN,85.31,-0.09368778545496931,False,0.09368778545496931,Small (0.05-0.15%)
2026-02-22 02:00:00+00:00,sol-updown-15m-1771725600,UP,-0.04688782088853154,DOWN,85.27,-0.04688782088853154,False,0.04688782088853154,Tiny (<0.05%)
2026-02-22 02:15:00+00:00,sol-updown-15m-1771726500,DOWN,0.22282162542511755,UP,85.46,0.22282162542511755,False,0.22282162542511755,Medium (0.15-0.5%)
2026-02-22 02:30:00+00:00,sol-updown-15m-1771727400,DOWN,-0.4212497074654803,DOWN,85.1,-0.4212497074654803,True,0.4212497074654803,Medium (0.15-0.5%)
2026-02-22 02:45:00+00:00,sol-updown-15m-1771728300,DOWN,-0.10575793184487568,DOWN,85.01,-0.10575793184487568,True,0.10575793184487568,Small (0.05-0.15%)
2026-02-22 03:00:00+00:00,sol-updown-15m-1771729200,UP,-0.035289965886367645,DOWN,84.98,-0.035289965886367645,False,0.035289965886367645,Tiny (<0.05%)
2026-02-22 03:15:00+00:00,sol-updown-15m-1771730100,DOWN,0.22358201929865582,UP,85.17,0.22358201929865582,False,0.22358201929865582,Medium (0.15-0.5%)
2026-02-22 03:30:00+00:00,sol-updown-15m-1771731000,UP,-0.3874603733709032,DOWN,84.84,-0.3874603733709032,False,0.3874603733709032,Medium (0.15-0.5%)
2026-02-22 03:45:00+00:00,sol-updown-15m-1771731900,UP,0.28288543140027683,UP,85.08,0.28288543140027683,True,0.28288543140027683,Medium (0.15-0.5%)
2026-02-22 04:00:00+00:00,sol-updown-15m-1771732800,UP,0.05876821814762242,UP,85.13,0.05876821814762242,True,0.05876821814762242,Small (0.05-0.15%)
2026-02-22 04:15:00+00:00,sol-updown-15m-1771733700,DOWN,0.04698696111829702,UP,85.17,0.04698696111829702,False,0.04698696111829702,Tiny (<0.05%)
2026-02-22 04:30:00+00:00,sol-updown-15m-1771734600,UP,-0.15263590466126037,DOWN,85.04,-0.15263590466126037,False,0.15263590466126037,Medium (0.15-0.5%)
2026-02-22 04:45:00+00:00,sol-updown-15m-1771735500,UP,0.11759172154279669,UP,85.14,0.11759172154279669,True,0.11759172154279669,Small (0.05-0.15%)
2026-02-22 05:00:00+00:00,sol-updown-15m-1771736400,DOWN,0.04698144233028688,UP,85.18,0.04698144233028688,False,0.04698144233028688,Tiny (<0.05%)
2026-02-22 05:15:00+00:00,sol-updown-15m-1771737300,UP,-0.23479690068091433,DOWN,84.98,-0.23479690068091433,False,0.23479690068091433,Medium (0.15-0.5%)
2026-02-22 05:30:00+00:00,sol-updown-15m-1771738200,DOWN,0.011767474699918692,UP,84.99,0.011767474699918692,False,0.011767474699918692,Tiny (<0.05%)
2026-02-22 05:45:00+00:00,sol-updown-15m-1771739100,UP,-0.10589481115424074,DOWN,84.9,-0.10589481115424074,False,0.10589481115424074,Small (0.05-0.15%)
2026-02-22 06:00:00+00:00,sol-updown-15m-1771740000,UP,0.16489988221437052,UP,85.04,0.16489988221437052,True,0.16489988221437052,Medium (0.15-0.5%)
2026-02-22 06:15:00+00:00,sol-updown-15m-1771740900,UP,-0.023518344308572706,DOWN,85.02,-0.023518344308572706,False,0.023518344308572706,Tiny (<0.05%)
2026-02-22 06:30:00+00:00,sol-updown-15m-1771741800,UP,0.15290519877676978,UP,85.15,0.15290519877676978,True,0.15290519877676978,Medium (0.15-0.5%)
2026-02-22 06:45:00+00:00,sol-updown-15m-1771742700,UP,0.1526717557251855,UP,85.28,0.1526717557251855,True,0.1526717557251855,Medium (0.15-0.5%)
2026-02-22 07:00:00+00:00,sol-updown-15m-1771743600,UP,-0.023452157598494394,DOWN,85.26,-0.023452157598494394,False,0.023452157598494394,Tiny (<0.05%)
2026-02-22 07:15:00+00:00,sol-updown-15m-1771744500,DOWN,0.058644147314094716,UP,85.31,0.058644147314094716,False,0.058644147314094716,Small (0.05-0.15%)
2026-02-22 07:45:00+00:00,sol-updown-15m-1771746300,DOWN,0.22271714922048733,UP,85.5,0.22271714922048733,False,0.22271714922048733,Medium (0.15-0.5%)
2026-02-22 08:00:00+00:00,sol-updown-15m-1771747200,DOWN,-0.37426900584794526,DOWN,85.18,-0.37426900584794526,True,0.37426900584794526,Medium (0.15-0.5%)
2026-02-22 08:15:00+00:00,sol-updown-15m-1771748100,DOWN,-0.04695938013618954,DOWN,85.14,-0.04695938013618954,True,0.04695938013618954,Tiny (<0.05%)
2026-02-22 08:30:00+00:00,sol-updown-15m-1771749000,UP,-0.22316185106882516,DOWN,84.95,-0.22316185106882516,False,0.22316185106882516,Medium (0.15-0.5%)
2026-02-22 08:45:00+00:00,sol-updown-15m-1771749900,DOWN,0.08240141259563646,UP,85.02,0.08240141259563646,False,0.08240141259563646,Small (0.05-0.15%)
2026-02-22 09:00:00+00:00,sol-updown-15m-1771750800,UP,-0.035285815102330205,DOWN,84.99,-0.035285815102330205,False,0.035285815102330205,Tiny (<0.05%)
2026-02-22 09:15:00+00:00,sol-updown-15m-1771751700,UP,0.08236263089776137,UP,85.06,0.08236263089776137,True,0.08236263089776137,Small (0.05-0.15%)
2026-02-22 09:45:00+00:00,sol-updown-15m-1771753500,DOWN,0.07053844345168384,UP,85.12,0.07053844345168384,False,0.07053844345168384,Small (0.05-0.15%)
2026-02-22 10:00:00+00:00,sol-updown-15m-1771754400,UP,-0.10573308270677093,DOWN,85.03,-0.10573308270677093,False,0.10573308270677093,Small (0.05-0.15%)
2026-02-22 10:15:00+00:00,sol-updown-15m-1771755300,UP,0.1764083264730162,UP,85.18,0.1764083264730162,True,0.1764083264730162,Medium (0.15-0.5%)
2026-02-22 10:30:00+00:00,sol-updown-15m-1771756200,UP,0.011739845034034873,UP,85.19,0.011739845034034873,True,0.011739845034034873,Tiny (<0.05%)
2026-02-22 10:45:00+00:00,sol-updown-15m-1771757100,DOWN,0.011738466956221525,UP,85.2,0.011738466956221525,False,0.011738466956221525,Tiny (<0.05%)
2026-02-22 11:00:00+00:00,sol-updown-15m-1771758000,UP,0.09389671361502147,UP,85.28,0.09389671361502147,True,0.09389671361502147,Small (0.05-0.15%)
2026-02-22 11:15:00+00:00,sol-updown-15m-1771758900,DOWN,0.1641651031894941,UP,85.42,0.1641651031894941,False,0.1641651031894941,Medium (0.15-0.5%)
2026-02-22 11:30:00+00:00,sol-updown-15m-1771759800,DOWN,-0.10536174198080475,DOWN,85.33,-0.10536174198080475,True,0.10536174198080475,Small (0.05-0.15%)
2026-02-22 11:45:00+00:00,sol-updown-15m-1771760700,UP,-0.15234970116019625,DOWN,85.2,-0.15234970116019625,False,0.15234970116019625,Medium (0.15-0.5%)
2026-02-22 12:00:00+00:00,sol-updown-15m-1771761600,DOWN,0.1291079812206566,UP,85.31,0.1291079812206566,False,0.1291079812206566,Small (0.05-0.15%)
2026-02-22 12:15:00+00:00,sol-updown-15m-1771762500,UP,-0.4337123432188542,DOWN,84.94,-0.4337123432188542,False,0.4337123432188542,Medium (0.15-0.5%)
2026-02-22 12:30:00+00:00,sol-updown-15m-1771763400,DOWN,-0.08241111372732891,DOWN,84.87,-0.08241111372732891,True,0.08241111372732891,Small (0.05-0.15%)
2026-02-22 12:45:00+00:00,sol-updown-15m-1771764300,UP,-0.44774360787087264,DOWN,84.49,-0.44774360787087264,False,0.44774360787087264,Medium (0.15-0.5%)
2026-02-22 13:00:00+00:00,sol-updown-15m-1771765200,DOWN,0.023671440407160887,UP,84.51,0.023671440407160887,False,0.023671440407160887,Tiny (<0.05%)
2026-02-22 13:15:00+00:00,sol-updown-15m-1771766100,DOWN,-0.13016211099278122,DOWN,84.4,-0.13016211099278122,True,0.13016211099278122,Small (0.05-0.15%)
2026-02-22 13:30:00+00:00,sol-updown-15m-1771767000,DOWN,-0.09478672985783472,DOWN,84.32,-0.09478672985783472,True,0.09478672985783472,Small (0.05-0.15%)
2026-02-22 13:45:00+00:00,sol-updown-15m-1771767900,UP,-0.6048387096774086,DOWN,83.81,-0.6048387096774086,False,0.6048387096774086,Large (>0.5%)
2026-02-22 14:00:00+00:00,sol-updown-15m-1771768800,DOWN,0.22670325736785313,UP,84.0,0.22670325736785313,False,0.22670325736785313,Medium (0.15-0.5%)
2026-02-22 14:15:00+00:00,sol-updown-15m-1771769700,UP,-0.15476190476189935,DOWN,83.87,-0.15476190476189935,False,0.15476190476189935,Medium (0.15-0.5%)
2026-02-22 14:30:00+00:00,sol-updown-15m-1771770600,DOWN,-0.02384642899726986,DOWN,83.85,-0.02384642899726986,True,0.02384642899726986,Tiny (<0.05%)
2026-02-22 14:45:00+00:00,sol-updown-15m-1771771500,DOWN,-0.16696481812760952,DOWN,83.71,-0.16696481812760952,True,0.16696481812760952,Medium (0.15-0.5%)
2026-02-22 15:00:00+00:00,sol-updown-15m-1771772400,DOWN,-0.10751403655475952,DOWN,83.62,-0.10751403655475952,True,0.10751403655475952,Small (0.05-0.15%)
2026-02-22 15:15:00+00:00,sol-updown-15m-1771773300,UP,-0.3348481224587433,DOWN,83.34,-0.3348481224587433,False,0.3348481224587433,Medium (0.15-0.5%)
2026-02-22 15:30:00+00:00,sol-updown-15m-1771774200,UP,0.0959923206143488,UP,83.42,0.0959923206143488,True,0.0959923206143488,Small (0.05-0.15%)
2026-02-22 15:45:00+00:00,sol-updown-15m-1771775100,DOWN,0.27571325821146486,UP,83.65,0.27571325821146486,False,0.27571325821146486,Medium (0.15-0.5%)
2026-02-22 16:00:00+00:00,sol-updown-15m-1771776000,DOWN,-0.2630005977286298,DOWN,83.43,-0.2630005977286298,True,0.2630005977286298,Medium (0.15-0.5%)
2026-02-22 16:15:00+00:00,sol-updown-15m-1771776900,DOWN,-0.14383315354189685,DOWN,83.31,-0.14383315354189685,True,0.14383315354189685,Small (0.05-0.15%)
2026-02-22 16:30:00+00:00,sol-updown-15m-1771777800,UP,-0.024006721882122217,DOWN,83.29,-0.024006721882122217,False,0.024006721882122217,Tiny (<0.05%)
2026-02-22 16:45:00+00:00,sol-updown-15m-1771778700,UP,0.1320686757113692,UP,83.4,0.1320686757113692,True,0.1320686757113692,Small (0.05-0.15%)
2026-02-22 17:00:00+00:00,sol-updown-15m-1771779600,DOWN,0.23980815347720458,UP,83.6,0.23980815347720458,False,0.23980815347720458,Medium (0.15-0.5%)
2026-02-22 17:15:00+00:00,sol-updown-15m-1771780500,UP,-0.3588516746411449,DOWN,83.3,-0.3588516746411449,False,0.3588516746411449,Medium (0.15-0.5%)
2026-02-22 17:30:00+00:00,sol-updown-15m-1771781400,DOWN,0.07202881152461257,UP,83.36,0.07202881152461257,False,0.07202881152461257,Small (0.05-0.15%)
2026-02-22 17:45:00+00:00,sol-updown-15m-1771782300,UP,-0.4918426103646792,DOWN,82.95,-0.4918426103646792,False,0.4918426103646792,Medium (0.15-0.5%)
2026-02-22 18:00:00+00:00,sol-updown-15m-1771783200,UP,0.06027727546714546,UP,83.0,0.06027727546714546,True,0.06027727546714546,Small (0.05-0.15%)
2026-02-22 18:15:00+00:00,sol-updown-15m-1771784100,DOWN,0.2530120481927636,UP,83.21,0.2530120481927636,False,0.2530120481927636,Medium (0.15-0.5%)
2026-02-22 18:30:00+00:00,sol-updown-15m-1771785000,UP,-0.15623122220886368,DOWN,83.08,-0.15623122220886368,False,0.15623122220886368,Medium (0.15-0.5%)
2026-02-22 18:45:00+00:00,sol-updown-15m-1771785900,UP,0.12036591237362605,UP,83.18,0.12036591237362605,True,0.12036591237362605,Small (0.05-0.15%)
2026-02-22 19:00:00+00:00,sol-updown-15m-1771786800,DOWN,0.08415484491463474,UP,83.25,0.08415484491463474,False,0.08415484491463474,Small (0.05-0.15%)
2026-02-22 19:15:00+00:00,sol-updown-15m-1771787700,UP,-0.1561561561561507,DOWN,83.12,-0.1561561561561507,False,0.1561561561561507,Medium (0.15-0.5%)
2026-02-22 19:30:00+00:00,sol-updown-15m-1771788600,UP,0.024061597690081832,UP,83.14,0.024061597690081832,True,0.024061597690081832,Tiny (<0.05%)
2026-02-22 19:45:00+00:00,sol-updown-15m-1771789500,DOWN,0.22853019004089214,UP,83.33,0.22853019004089214,False,0.22853019004089214,Medium (0.15-0.5%)
2026-02-22 20:00:00+00:00,sol-updown-15m-1771790400,DOWN,-0.03600144005760367,DOWN,83.3,-0.03600144005760367,True,0.03600144005760367,Tiny (<0.05%)
2026-02-22 20:15:00+00:00,sol-updown-15m-1771791300,UP,-0.20408163265306328,DOWN,83.13,-0.20408163265306328,False,0.20408163265306328,Medium (0.15-0.5%)
2026-02-22 20:30:00+00:00,sol-updown-15m-1771792200,DOWN,0.04811740647179869,UP,83.17,0.04811740647179869,False,0.04811740647179869,Tiny (<0.05%)
2026-02-22 20:45:00+00:00,sol-updown-15m-1771793100,DOWN,0.012023566189738025,UP,83.18,0.012023566189738025,False,0.012023566189738025,Tiny (<0.05%)
2026-02-22 21:00:00+00:00,sol-updown-15m-1771794000,UP,-0.060110603510472906,DOWN,83.13,-0.060110603510472906,False,0.060110603510472906,Small (0.05-0.15%)
2026-02-22 21:15:00+00:00,sol-updown-15m-1771794900,DOWN,0.04811740647179869,UP,83.17,0.04811740647179869,False,0.04811740647179869,Tiny (<0.05%)
2026-02-22 21:30:00+00:00,sol-updown-15m-1771795800,UP,-0.09618852951785294,DOWN,83.09,-0.09618852951785294,False,0.09618852951785294,Small (0.05-0.15%)
2026-02-22 21:45:00+00:00,sol-updown-15m-1771796700,UP,0.4091948489589643,UP,83.43,0.4091948489589643,True,0.4091948489589643,Medium (0.15-0.5%)
2026-02-22 22:00:00+00:00,sol-updown-15m-1771797600,DOWN,0.11986096128490267,UP,83.53,0.11986096128490267,False,0.11986096128490267,Small (0.05-0.15%)
2026-02-22 22:15:00+00:00,sol-updown-15m-1771798500,DOWN,-0.17957620016761125,DOWN,83.38,-0.17957620016761125,True,0.17957620016761125,Medium (0.15-0.5%)
2026-02-22 22:30:00+00:00,sol-updown-15m-1771799400,UP,-0.251858958982962,DOWN,83.17,-0.251858958982962,False,0.251858958982962,Medium (0.15-0.5%)
2026-02-22 22:45:00+00:00,sol-updown-15m-1771800300,UP,0.45689551520980576,UP,83.55,0.45689551520980576,True,0.45689551520980576,Medium (0.15-0.5%)
2026-02-22 23:00:00+00:00,sol-updown-15m-1771801200,DOWN,0.07181328545781242,UP,83.61,0.07181328545781242,False,0.07181328545781242,Small (0.05-0.15%)
2026-02-22 23:15:00+00:00,sol-updown-15m-1771802100,DOWN,-0.6817366343738706,DOWN,83.04,-0.6817366343738706,True,0.6817366343738706,Large (>0.5%)
2026-02-22 23:30:00+00:00,sol-updown-15m-1771803000,DOWN,-0.42148362235068465,DOWN,82.69,-0.42148362235068465,True,0.42148362235068465,Medium (0.15-0.5%)
2026-02-22 23:45:00+00:00,sol-updown-15m-1771803900,UP,-0.15721368968435778,DOWN,82.56,-0.15721368968435778,False,0.15721368968435778,Medium (0.15-0.5%)
2026-02-23 00:00:00+00:00,sol-updown-15m-1771804800,UP,0.23013565891472593,UP,82.75,0.23013565891472593,True,0.23013565891472593,Medium (0.15-0.5%)
2026-02-23 00:15:00+00:00,sol-updown-15m-1771805700,DOWN,-0.07250755287009338,DOWN,82.69,-0.07250755287009338,True,0.07250755287009338,Small (0.05-0.15%)
2026-02-23 00:30:00+00:00,sol-updown-15m-1771806600,DOWN,-0.6167613979924911,DOWN,82.18,-0.6167613979924911,True,0.6167613979924911,Large (>0.5%)
2026-02-23 00:45:00+00:00,sol-updown-15m-1771807500,DOWN,-0.27987344852762713,DOWN,81.95,-0.27987344852762713,True,0.27987344852762713,Medium (0.15-0.5%)
2026-02-23 01:00:00+00:00,sol-updown-15m-1771808400,DOWN,-1.0616229408175772,DOWN,81.08,-1.0616229408175772,True,1.0616229408175772,Large (>0.5%)
2026-02-23 01:15:00+00:00,sol-updown-15m-1771809300,DOWN,-2.8120374938332526,DOWN,78.8,-2.8120374938332526,True,2.8120374938332526,Large (>0.5%)
2026-02-23 01:30:00+00:00,sol-updown-15m-1771810200,DOWN,-0.35532994923858013,DOWN,78.52,-0.35532994923858013,True,0.35532994923858013,Medium (0.15-0.5%)
2026-02-23 01:45:00+00:00,sol-updown-15m-1771811100,DOWN,-0.24197656647987487,DOWN,78.33,-0.24197656647987487,True,0.24197656647987487,Medium (0.15-0.5%)
2026-02-23 02:00:00+00:00,sol-updown-15m-1771812000,UP,-0.3702285203625585,DOWN,78.04,-0.3702285203625585,False,0.3702285203625585,Medium (0.15-0.5%)
2026-02-23 02:15:00+00:00,sol-updown-15m-1771812900,DOWN,0.12813941568425719,UP,78.14,0.12813941568425719,False,0.12813941568425719,Small (0.05-0.15%)
2026-02-23 02:30:00+00:00,sol-updown-15m-1771813800,DOWN,-0.20476068594829358,DOWN,77.98,-0.20476068594829358,True,0.20476068594829358,Medium (0.15-0.5%)
2026-02-23 02:45:00+00:00,sol-updown-15m-1771814700,DOWN,-0.02564760194923087,DOWN,77.96,-0.02564760194923087,True,0.02564760194923087,Tiny (<0.05%)
2026-02-23 03:00:00+00:00,sol-updown-15m-1771815600,UP,-0.20523345305284327,DOWN,77.8,-0.20523345305284327,False,0.20523345305284327,Medium (0.15-0.5%)
2026-02-23 03:15:00+00:00,sol-updown-15m-1771816500,DOWN,0.1542416452442218,UP,77.92,0.1542416452442218,False,0.1542416452442218,Medium (0.15-0.5%)
2026-02-23 03:30:00+00:00,sol-updown-15m-1771817400,UP,-0.41067761806982467,DOWN,77.6,-0.41067761806982467,False,0.41067761806982467,Medium (0.15-0.5%)
2026-02-23 03:45:00+00:00,sol-updown-15m-1771818300,DOWN,0.19329896907217228,UP,77.75,0.19329896907217228,False,0.19329896907217228,Medium (0.15-0.5%)
2026-02-23 04:00:00+00:00,sol-updown-15m-1771819200,UP,-0.16720257234726102,DOWN,77.62,-0.16720257234726102,False,0.16720257234726102,Medium (0.15-0.5%)
2026-02-23 04:15:00+00:00,sol-updown-15m-1771820100,DOWN,-0.03864983251739389,DOWN,77.59,-0.03864983251739389,True,0.03864983251739389,Tiny (<0.05%)
2026-02-23 04:30:00+00:00,sol-updown-15m-1771821000,DOWN,0.012888258796224907,UP,77.6,0.012888258796224907,False,0.012888258796224907,Tiny (<0.05%)
2026-02-23 04:45:00+00:00,sol-updown-15m-1771821900,UP,-0.3350515463917409,DOWN,77.34,-0.3350515463917409,False,0.3350515463917409,Medium (0.15-0.5%)
2026-02-23 05:00:00+00:00,sol-updown-15m-1771822800,UP,0.038789759503492546,UP,77.37,0.038789759503492546,True,0.038789759503492546,Tiny (<0.05%)
2026-02-23 05:15:00+00:00,sol-updown-15m-1771823700,UP,0.45237172030502043,UP,77.72,0.45237172030502043,True,0.45237172030502043,Medium (0.15-0.5%)
2026-02-23 05:30:00+00:00,sol-updown-15m-1771824600,UP,0.308800823468856,UP,77.96,0.308800823468856,True,0.308800823468856,Medium (0.15-0.5%)
2026-02-23 05:45:00+00:00,sol-updown-15m-1771825500,DOWN,0.05130836326321992,UP,78.0,0.05130836326321992,False,0.05130836326321992,Small (0.05-0.15%)
2026-02-23 06:00:00+00:00,sol-updown-15m-1771826400,UP,-0.3333333333333399,DOWN,77.74,-0.3333333333333399,False,0.3333333333333399,Medium (0.15-0.5%)
2026-02-23 06:15:00+00:00,sol-updown-15m-1771827300,UP,1.0419346539747907,UP,78.55,1.0419346539747907,True,1.0419346539747907,Large (>0.5%)
2026-02-23 06:30:00+00:00,sol-updown-15m-1771828200,UP,-0.10184595798854017,DOWN,78.47,-0.10184595798854017,False,0.10184595798854017,Small (0.05-0.15%)
2026-02-23 06:45:00+00:00,sol-updown-15m-1771829100,UP,0.5862112909392225,UP,78.93,0.5862112909392225,True,0.5862112909392225,Large (>0.5%)
2026-02-23 07:00:00+00:00,sol-updown-15m-1771830000,UP,0.39275307234256684,UP,79.24,0.39275307234256684,True,0.39275307234256684,Medium (0.15-0.5%)
2026-02-23 07:15:00+00:00,sol-updown-15m-1771830900,DOWN,-0.12619888944976568,DOWN,79.14,-0.12619888944976568,True,0.12619888944976568,Small (0.05-0.15%)
2026-02-23 07:30:00+00:00,sol-updown-15m-1771831800,UP,0.012635835228715081,UP,79.15,0.012635835228715081,True,0.012635835228715081,Tiny (<0.05%)
2026-02-23 07:45:00+00:00,sol-updown-15m-1771832700,DOWN,0.41692987997472936,UP,79.48,0.41692987997472936,False,0.41692987997472936,Medium (0.15-0.5%)
2026-02-23 08:00:00+00:00,sol-updown-15m-1771833600,DOWN,-0.1509813789632669,DOWN,79.36,-0.1509813789632669,True,0.1509813789632669,Medium (0.15-0.5%)
2026-02-23 08:15:00+00:00,sol-updown-15m-1771834500,DOWN,-0.3402217741935434,DOWN,79.09,-0.3402217741935434,True,0.3402217741935434,Medium (0.15-0.5%)
2026-02-23 08:30:00+00:00,sol-updown-15m-1771835400,DOWN,-0.3160955873056012,DOWN,78.84,-0.3160955873056012,True,0.3160955873056012,Medium (0.15-0.5%)
2026-02-23 08:45:00+00:00,sol-updown-15m-1771836300,UP,-0.2536783358701203,DOWN,78.64,-0.2536783358701203,False,0.2536783358701203,Medium (0.15-0.5%)
2026-02-23 09:00:00+00:00,sol-updown-15m-1771837200,UP,0.292472024415061,UP,78.87,0.292472024415061,True,0.292472024415061,Medium (0.15-0.5%)
2026-02-23 09:15:00+00:00,sol-updown-15m-1771838100,UP,0.12679092176999404,UP,78.97,0.12679092176999404,True,0.12679092176999404,Small (0.05-0.15%)
2026-02-23 09:30:00+00:00,sol-updown-15m-1771839000,UP,0.21527162213499013,UP,79.14,0.21527162213499013,True,0.21527162213499013,Medium (0.15-0.5%)
2026-02-23 09:45:00+00:00,sol-updown-15m-1771839900,UP,1.4910285569876076,UP,80.32,1.4910285569876076,True,1.4910285569876076,Large (>0.5%)
2026-02-23 10:00:00+00:00,sol-updown-15m-1771840800,DOWN,-0.024900398406369553,DOWN,80.3,-0.024900398406369553,True,0.024900398406369553,Tiny (<0.05%)
2026-02-23 10:15:00+00:00,sol-updown-15m-1771841700,UP,-0.22415940224158482,DOWN,80.12,-0.22415940224158482,False,0.22415940224158482,Medium (0.15-0.5%)
2026-02-23 10:30:00+00:00,sol-updown-15m-1771842600,DOWN,0.36195706440338493,UP,80.41,0.36195706440338493,False,0.36195706440338493,Medium (0.15-0.5%)
2026-02-23 10:45:00+00:00,sol-updown-15m-1771843500,DOWN,-0.24872528292501286,DOWN,80.21,-0.24872528292501286,True,0.24872528292501286,Medium (0.15-0.5%)
2026-02-23 11:00:00+00:00,sol-updown-15m-1771844400,UP,0.07480364044383778,UP,80.27,0.07480364044383778,True,0.07480364044383778,Small (0.05-0.15%)
2026-02-23 11:15:00+00:00,sol-updown-15m-1771845300,DOWN,0.19932727046220355,UP,80.43,0.19932727046220355,False,0.19932727046220355,Medium (0.15-0.5%)
2026-02-23 11:30:00+00:00,sol-updown-15m-1771846200,DOWN,-0.09946537361682518,DOWN,80.35,-0.09946537361682518,True,0.09946537361682518,Small (0.05-0.15%)
2026-02-23 11:45:00+00:00,sol-updown-15m-1771847100,DOWN,-0.32358431860608705,DOWN,80.09,-0.32358431860608705,True,0.32358431860608705,Medium (0.15-0.5%)
2026-02-23 12:00:00+00:00,sol-updown-15m-1771848000,UP,-0.06242976651266969,DOWN,80.04,-0.06242976651266969,False,0.06242976651266969,Small (0.05-0.15%)
2026-02-23 12:15:00+00:00,sol-updown-15m-1771848900,UP,0.14992503748124728,UP,80.16,0.14992503748124728,True,0.14992503748124728,Small (0.05-0.15%)
2026-02-23 12:30:00+00:00,sol-updown-15m-1771849800,UP,-0.09980039920159467,DOWN,80.08,-0.09980039920159467,False,0.09980039920159467,Small (0.05-0.15%)
2026-02-23 12:45:00+00:00,sol-updown-15m-1771850700,DOWN,0.7992007992007999,UP,80.72,0.7992007992007999,False,0.7992007992007999,Large (>0.5%)
2026-02-23 13:00:00+00:00,sol-updown-15m-1771851600,DOWN,-0.012388503468787308,DOWN,80.71,-0.012388503468787308,True,0.012388503468787308,Tiny (<0.05%)
2026-02-23 13:15:00+00:00,sol-updown-15m-1771852500,UP,-0.11151034568205823,DOWN,80.62,-0.11151034568205823,False,0.11151034568205823,Small (0.05-0.15%)
2026-02-23 13:30:00+00:00,sol-updown-15m-1771853400,UP,0.09923096005953645,UP,80.7,0.09923096005953645,True,0.09923096005953645,Small (0.05-0.15%)
2026-02-23 13:45:00+00:00,sol-updown-15m-1771854300,DOWN,0.2602230483271298,UP,80.91,0.2602230483271298,False,0.2602230483271298,Medium (0.15-0.5%)
2026-02-23 14:00:00+00:00,sol-updown-15m-1771855200,UP,-0.3831417624521101,DOWN,80.6,-0.3831417624521101,False,0.3831417624521101,Medium (0.15-0.5%)
2026-02-23 14:15:00+00:00,sol-updown-15m-1771856100,DOWN,0.13647642679900676,UP,80.71,0.13647642679900676,False,0.13647642679900676,Small (0.05-0.15%)
2026-02-23 14:30:00+00:00,sol-updown-15m-1771857000,DOWN,-0.43365134431916036,DOWN,80.36,-0.43365134431916036,True,0.43365134431916036,Medium (0.15-0.5%)
2026-02-23 14:45:00+00:00,sol-updown-15m-1771857900,UP,-0.06222000995519805,DOWN,80.31,-0.06222000995519805,False,0.06222000995519805,Small (0.05-0.15%)
2026-02-23 15:00:00+00:00,sol-updown-15m-1771858800,DOWN,-0.14942099364961345,DOWN,80.19,-0.14942099364961345,True,0.14942099364961345,Small (0.05-0.15%)
2026-02-23 15:15:00+00:00,sol-updown-15m-1771859700,DOWN,-0.23693727397430817,DOWN,80.0,-0.23693727397430817,True,0.23693727397430817,Medium (0.15-0.5%)
2026-02-23 15:30:00+00:00,sol-updown-15m-1771860600,UP,-0.5749999999999922,DOWN,79.54,-0.5749999999999922,False,0.5749999999999922,Large (>0.5%)
2026-02-23 15:45:00+00:00,sol-updown-15m-1771861500,DOWN,0.35202413879807254,UP,79.82,0.35202413879807254,False,0.35202413879807254,Medium (0.15-0.5%)
2026-02-23 16:00:00+00:00,sol-updown-15m-1771862400,DOWN,-0.5136557253821056,DOWN,79.41,-0.5136557253821056,True,0.5136557253821056,Large (>0.5%)
2026-02-23 16:15:00+00:00,sol-updown-15m-1771863300,UP,-0.6044578768416947,DOWN,78.93,-0.6044578768416947,False,0.6044578768416947,Large (>0.5%)
2026-02-23 16:30:00+00:00,sol-updown-15m-1771864200,DOWN,1.0895730394020011,UP,79.79,1.0895730394020011,False,1.0895730394020011,Large (>0.5%)
2026-02-23 16:45:00+00:00,sol-updown-15m-1771865100,DOWN,-0.7895726281489028,DOWN,79.16,-0.7895726281489028,True,0.7895726281489028,Large (>0.5%)
2026-02-23 17:00:00+00:00,sol-updown-15m-1771866000,DOWN,-0.10106114199090234,DOWN,79.08,-0.10106114199090234,True,0.10106114199090234,Small (0.05-0.15%)
2026-02-23 17:15:00+00:00,sol-updown-15m-1771866900,DOWN,-0.4425897824987283,DOWN,78.73,-0.4425897824987283,True,0.4425897824987283,Medium (0.15-0.5%)
2026-02-23 17:30:00+00:00,sol-updown-15m-1771867800,DOWN,-0.6604852025911472,DOWN,78.21,-0.6604852025911472,True,0.6604852025911472,Large (>0.5%)
2026-02-23 17:45:00+00:00,sol-updown-15m-1771868700,UP,-0.3452243958573022,DOWN,77.94,-0.3452243958573022,False,0.3452243958573022,Medium (0.15-0.5%)
2026-02-23 18:00:00+00:00,sol-updown-15m-1771869600,UP,0.2052861175262979,UP,78.1,0.2052861175262979,True,0.2052861175262979,Medium (0.15-0.5%)
2026-02-23 18:15:00+00:00,sol-updown-15m-1771870500,UP,0.3713188220230554,UP,78.39,0.3713188220230554,True,0.3713188220230554,Medium (0.15-0.5%)
2026-02-23 18:30:00+00:00,sol-updown-15m-1771871400,UP,0.15308075009568126,UP,78.51,0.15308075009568126,True,0.15308075009568126,Medium (0.15-0.5%)
2026-02-23 18:45:00+00:00,sol-updown-15m-1771872300,DOWN,0.4075913896318853,UP,78.83,0.4075913896318853,False,0.4075913896318853,Medium (0.15-0.5%)
2026-02-23 19:00:00+00:00,sol-updown-15m-1771873200,UP,-0.2537105163009043,DOWN,78.63,-0.2537105163009043,False,0.2537105163009043,Medium (0.15-0.5%)
2026-02-23 19:15:00+00:00,sol-updown-15m-1771874100,DOWN,0.19076688286914117,UP,78.78,0.19076688286914117,False,0.19076688286914117,Medium (0.15-0.5%)
2026-02-23 19:30:00+00:00,sol-updown-15m-1771875000,DOWN,-0.5458238131505545,DOWN,78.35,-0.5458238131505545,True,0.5458238131505545,Large (>0.5%)
2026-02-23 19:45:00+00:00,sol-updown-15m-1771875900,DOWN,0.05105296745374123,UP,78.39,0.05105296745374123,False,0.05105296745374123,Small (0.05-0.15%)
2026-02-23 20:00:00+00:00,sol-updown-15m-1771876800,DOWN,-0.08929710422248678,DOWN,78.32,-0.08929710422248678,True,0.08929710422248678,Small (0.05-0.15%)
2026-02-23 20:15:00+00:00,sol-updown-15m-1771877700,DOWN,-0.3575076608784307,DOWN,78.04,-0.3575076608784307,True,0.3575076608784307,Medium (0.15-0.5%)
2026-02-23 20:30:00+00:00,sol-updown-15m-1771878600,UP,0.20502306509481877,UP,78.2,0.20502306509481877,True,0.20502306509481877,Medium (0.15-0.5%)
2026-02-23 20:45:00+00:00,sol-updown-15m-1771879500,DOWN,0.25575447570332843,UP,78.4,0.25575447570332843,False,0.25575447570332843,Medium (0.15-0.5%)
2026-02-23 21:00:00+00:00,sol-updown-15m-1771880400,UP,-0.16581632653062456,DOWN,78.27,-0.16581632653062456,False,0.16581632653062456,Medium (0.15-0.5%)
2026-02-23 21:15:00+00:00,sol-updown-15m-1771881300,DOWN,0.3066308930624877,UP,78.51,0.3066308930624877,False,0.3066308930624877,Medium (0.15-0.5%)
2026-02-23 21:45:00+00:00,sol-updown-15m-1771883100,DOWN,-0.21653292574194588,DOWN,78.34,-0.21653292574194588,True,0.21653292574194588,Medium (0.15-0.5%)
2026-02-23 22:00:00+00:00,sol-updown-15m-1771884000,UP,0.06382435537400709,UP,78.39,0.06382435537400709,True,0.06382435537400709,Small (0.05-0.15%)
2026-02-23 22:15:00+00:00,sol-updown-15m-1771884900,UP,0.5740528128587866,UP,78.84,0.5740528128587866,True,0.5740528128587866,Large (>0.5%)
2026-02-23 22:45:00+00:00,sol-updown-15m-1771886700,DOWN,-0.012683916793512323,DOWN,78.83,-0.012683916793512323,True,0.012683916793512323,Tiny (<0.05%)
2026-02-23 23:00:00+00:00,sol-updown-15m-1771887600,UP,-0.6723328681973882,DOWN,78.3,-0.6723328681973882,False,0.6723328681973882,Large (>0.5%)
2026-02-23 23:15:00+00:00,sol-updown-15m-1771888500,DOWN,0.06385696040868091,UP,78.35,0.06385696040868091,False,0.06385696040868091,Small (0.05-0.15%)
2026-02-23 23:30:00+00:00,sol-updown-15m-1771889400,DOWN,-0.14039566049776572,DOWN,78.24,-0.14039566049776572,True,0.14039566049776572,Small (0.05-0.15%)
2026-02-23 23:45:00+00:00,sol-updown-15m-1771890300,UP,-0.5240286298568464,DOWN,77.83,-0.5240286298568464,False,0.5240286298568464,Large (>0.5%)
2026-02-24 00:00:00+00:00,sol-updown-15m-1771891200,UP,0.39830399588847776,UP,78.14,0.39830399588847776,True,0.39830399588847776,Medium (0.15-0.5%)
2026-02-24 00:15:00+00:00,sol-updown-15m-1771892100,DOWN,0.1791656002047614,UP,78.28,0.1791656002047614,False,0.1791656002047614,Medium (0.15-0.5%)
2026-02-24 00:30:00+00:00,sol-updown-15m-1771893000,UP,-0.03832396525293962,DOWN,78.25,-0.03832396525293962,False,0.03832396525293962,Tiny (<0.05%)
2026-02-24 00:45:00+00:00,sol-updown-15m-1771893900,UP,0.268370607028746,UP,78.46,0.268370607028746,True,0.268370607028746,Medium (0.15-0.5%)
2026-02-24 01:00:00+00:00,sol-updown-15m-1771894800,DOWN,-0.12745347947998256,DOWN,78.36,-0.12745347947998256,True,0.12745347947998256,Small (0.05-0.15%)
2026-02-24 01:15:00+00:00,sol-updown-15m-1771895700,UP,-1.518631955079119,DOWN,77.17,-1.518631955079119,False,1.518631955079119,Large (>0.5%)
2026-02-24 01:30:00+00:00,sol-updown-15m-1771896600,DOWN,1.0496306854995494,UP,77.98,1.0496306854995494,False,1.0496306854995494,Large (>0.5%)
2026-02-24 01:45:00+00:00,sol-updown-15m-1771897500,DOWN,-0.17953321364452496,DOWN,77.84,-0.17953321364452496,True,0.17953321364452496,Medium (0.15-0.5%)
2026-02-24 02:00:00+00:00,sol-updown-15m-1771898400,UP,-0.17985611510791438,DOWN,77.7,-0.17985611510791438,False,0.17985611510791438,Medium (0.15-0.5%)
2026-02-24 02:15:00+00:00,sol-updown-15m-1771899300,UP,0.48906048906048316,UP,78.08,0.48906048906048316,True,0.48906048906048316,Medium (0.15-0.5%)
2026-02-24 02:30:00+00:00,sol-updown-15m-1771900200,DOWN,0.03842213114754244,UP,78.11,0.03842213114754244,False,0.03842213114754244,Tiny (<0.05%)
2026-02-24 02:45:00+00:00,sol-updown-15m-1771901100,DOWN,-0.5377032390218944,DOWN,77.69,-0.5377032390218944,True,0.5377032390218944,Large (>0.5%)
2026-02-24 03:00:00+00:00,sol-updown-15m-1771902000,DOWN,-0.14158836401081146,DOWN,77.58,-0.14158836401081146,True,0.14158836401081146,Small (0.05-0.15%)
2026-02-24 03:15:00+00:00,sol-updown-15m-1771902900,DOWN,-0.8636246455271999,DOWN,76.91,-0.8636246455271999,True,0.8636246455271999,Large (>0.5%)
2026-02-24 03:30:00+00:00,sol-updown-15m-1771903800,DOWN,0.09101547263035677,UP,76.98,0.09101547263035677,False,0.09101547263035677,Small (0.05-0.15%)
2026-02-24 03:45:00+00:00,sol-updown-15m-1771904700,UP,-0.14289425824889507,DOWN,76.87,-0.14289425824889507,False,0.14289425824889507,Small (0.05-0.15%)
2026-02-24 04:00:00+00:00,sol-updown-15m-1771905600,DOWN,0.13008976193572824,UP,76.97,0.13008976193572824,False,0.13008976193572824,Small (0.05-0.15%)
2026-02-24 04:15:00+00:00,sol-updown-15m-1771906500,UP,-1.0003897622450253,DOWN,76.2,-1.0003897622450253,False,1.0003897622450253,Large (>0.5%)
2026-02-24 04:30:00+00:00,sol-updown-15m-1771907400,DOWN,0.5643044619422475,UP,76.63,0.5643044619422475,False,0.5643044619422475,Large (>0.5%)
2026-02-24 04:45:00+00:00,sol-updown-15m-1771908300,UP,0.24794466918960947,UP,76.82,0.24794466918960947,True,0.24794466918960947,Medium (0.15-0.5%)
2026-02-24 05:00:00+00:00,sol-updown-15m-1771909200,UP,-0.013017443374109485,DOWN,76.81,-0.013017443374109485,False,0.013017443374109485,Tiny (<0.05%)
2026-02-24 05:15:00+00:00,sol-updown-15m-1771910100,DOWN,0.41661242025777007,UP,77.13,0.41661242025777007,False,0.41661242025777007,Medium (0.15-0.5%)
2026-02-24 05:30:00+00:00,sol-updown-15m-1771911000,UP,-0.8686632957344765,DOWN,76.46,-0.8686632957344765,False,0.8686632957344765,Large (>0.5%)
2026-02-24 05:45:00+00:00,sol-updown-15m-1771911900,UP,0.06539366989276926,UP,76.51,0.06539366989276926,True,0.06539366989276926,Small (0.05-0.15%)
2026-02-24 06:00:00+00:00,sol-updown-15m-1771912800,DOWN,0.14377205594039918,UP,76.62,0.14377205594039918,False,0.14377205594039918,Small (0.05-0.15%)
2026-02-24 06:15:00+00:00,sol-updown-15m-1771913700,UP,0.039154267815193336,UP,76.65,0.039154267815193336,True,0.039154267815193336,Tiny (<0.05%)
2026-02-24 06:30:00+00:00,sol-updown-15m-1771914600,UP,0.20874103065883443,UP,76.81,0.20874103065883443,True,0.20874103065883443,Medium (0.15-0.5%)
2026-02-24 06:45:00+00:00,sol-updown-15m-1771915500,DOWN,-0.11717224319750476,DOWN,76.72,-0.11717224319750476,True,0.11717224319750476,Small (0.05-0.15%)
2026-02-24 07:00:00+00:00,sol-updown-15m-1771916400,UP,-0.0782064650677819,DOWN,76.66,-0.0782064650677819,False,0.0782064650677819,Small (0.05-0.15%)
2026-02-24 07:15:00+00:00,sol-updown-15m-1771917300,UP,0.6261414036003183,UP,77.14,0.6261414036003183,True,0.6261414036003183,Large (>0.5%)
2026-02-24 07:30:00+00:00,sol-updown-15m-1771918200,DOWN,0.012963443090491465,UP,77.15,0.012963443090491465,False,0.012963443090491465,Tiny (<0.05%)
2026-02-24 07:45:00+00:00,sol-updown-15m-1771919100,UP,-0.5832793259883381,DOWN,76.7,-0.5832793259883381,False,0.5832793259883381,Large (>0.5%)
2026-02-24 08:00:00+00:00,sol-updown-15m-1771920000,DOWN,0.1434159061277698,UP,76.81,0.1434159061277698,False,0.1434159061277698,Small (0.05-0.15%)
2026-02-24 08:15:00+00:00,sol-updown-15m-1771920900,UP,-0.16924879572971677,DOWN,76.68,-0.16924879572971677,False,0.16924879572971677,Medium (0.15-0.5%)
2026-02-24 08:30:00+00:00,sol-updown-15m-1771921800,UP,0.3781950965049452,UP,76.97,0.3781950965049452,True,0.3781950965049452,Medium (0.15-0.5%)
2026-02-24 08:45:00+00:00,sol-updown-15m-1771922700,UP,0.15590489801221846,UP,77.09,0.15590489801221846,True,0.15590489801221846,Medium (0.15-0.5%)
2026-02-24 09:00:00+00:00,sol-updown-15m-1771923600,DOWN,-0.09080295758205653,DOWN,77.02,-0.09080295758205653,True,0.09080295758205653,Small (0.05-0.15%)
2026-02-24 09:15:00+00:00,sol-updown-15m-1771924500,DOWN,-0.23370553103089145,DOWN,76.84,-0.23370553103089145,True,0.23370553103089145,Medium (0.15-0.5%)
2026-02-24 09:30:00+00:00,sol-updown-15m-1771925400,UP,-0.3383654346694496,DOWN,76.58,-0.3383654346694496,False,0.3383654346694496,Medium (0.15-0.5%)
2026-02-24 09:45:00+00:00,sol-updown-15m-1771926300,UP,-0.07834943849569376,DOWN,76.52,-0.07834943849569376,False,0.07834943849569376,Small (0.05-0.15%)
2026-02-24 10:00:00+00:00,sol-updown-15m-1771927200,UP,0.07841087297438876,UP,76.58,0.07841087297438876,True,0.07841087297438876,Small (0.05-0.15%)
2026-02-24 10:15:00+00:00,sol-updown-15m-1771928100,DOWN,-0.026116479498558397,DOWN,76.56,-0.026116479498558397,True,0.026116479498558397,Tiny (<0.05%)
2026-02-24 10:30:00+00:00,sol-updown-15m-1771929000,DOWN,0.11755485893417374,UP,76.65,0.11755485893417374,False,0.11755485893417374,Small (0.05-0.15%)
2026-02-24 10:45:00+00:00,sol-updown-15m-1771929900,UP,-0.1565557729941351,DOWN,76.53,-0.1565557729941351,False,0.1565557729941351,Medium (0.15-0.5%)
2026-02-24 11:00:00+00:00,sol-updown-15m-1771930800,DOWN,0.4181366784267519,UP,76.85,0.4181366784267519,False,0.4181366784267519,Medium (0.15-0.5%)
2026-02-24 11:15:00+00:00,sol-updown-15m-1771931700,DOWN,-0.14313597918022047,DOWN,76.74,-0.14313597918022047,True,0.14313597918022047,Small (0.05-0.15%)
2026-02-24 11:30:00+00:00,sol-updown-15m-1771932600,DOWN,-0.11727912431585771,DOWN,76.65,-0.11727912431585771,True,0.11727912431585771,Small (0.05-0.15%)
2026-02-24 11:45:00+00:00,sol-updown-15m-1771933500,UP,0.052185257664699336,UP,76.69,0.052185257664699336,True,0.052185257664699336,Small (0.05-0.15%)
2026-02-24 12:00:00+00:00,sol-updown-15m-1771934400,UP,-0.026079019428864286,DOWN,76.67,-0.026079019428864286,False,0.026079019428864286,Tiny (<0.05%)
2026-02-24 12:15:00+00:00,sol-updown-15m-1771935300,UP,0.24781531237771975,UP,76.86,0.24781531237771975,True,0.24781531237771975,Medium (0.15-0.5%)
2026-02-24 12:30:00+00:00,sol-updown-15m-1771936200,DOWN,0.15612802498048992,UP,76.98,0.15612802498048992,False,0.15612802498048992,Medium (0.15-0.5%)
2026-02-24 12:45:00+00:00,sol-updown-15m-1771937100,DOWN,-0.46765393608729466,DOWN,76.62,-0.46765393608729466,True,0.46765393608729466,Medium (0.15-0.5%)
2026-02-24 13:00:00+00:00,sol-updown-15m-1771938000,UP,0.06525711302531605,UP,76.67,0.06525711302531605,True,0.06525711302531605,Small (0.05-0.15%)
2026-02-24 13:15:00+00:00,sol-updown-15m-1771938900,DOWN,0.10434328942219681,UP,76.75,0.10434328942219681,False,0.10434328942219681,Small (0.05-0.15%)
2026-02-24 13:30:00+00:00,sol-updown-15m-1771939800,UP,-0.35179153094462023,DOWN,76.48,-0.35179153094462023,False,0.35179153094462023,Medium (0.15-0.5%)
2026-02-24 13:45:00+00:00,sol-updown-15m-1771940700,UP,-0.02615062761507614,DOWN,76.46,-0.02615062761507614,False,0.02615062761507614,Tiny (<0.05%)
2026-02-24 14:15:00+00:00,sol-updown-15m-1771942500,DOWN,-0.0523149359141931,DOWN,76.42,-0.0523149359141931,True,0.0523149359141931,Small (0.05-0.15%)
2026-02-24 14:30:00+00:00,sol-updown-15m-1771943400,UP,-0.0785134781470849,DOWN,76.36,-0.0785134781470849,False,0.0785134781470849,Small (0.05-0.15%)
2026-02-24 14:45:00+00:00,sol-updown-15m-1771944300,UP,0.510738606600315,UP,76.75,0.510738606600315,True,0.510738606600315,Large (>0.5%)
2026-02-24 15:00:00+00:00,sol-updown-15m-1771945200,UP,0.1302931596091131,UP,76.85,0.1302931596091131,True,0.1302931596091131,Small (0.05-0.15%)
2026-02-24 15:15:00+00:00,sol-updown-15m-1771946100,UP,0.37735849056604587,UP,77.14,0.37735849056604587,True,0.37735849056604587,Medium (0.15-0.5%)
2026-02-24 15:30:00+00:00,sol-updown-15m-1771947000,DOWN,0.19445164635727985,UP,77.29,0.19445164635727985,False,0.19445164635727985,Medium (0.15-0.5%)
2026-02-24 15:45:00+00:00,sol-updown-15m-1771947900,UP,-0.16819769698539222,DOWN,77.16,-0.16819769698539222,False,0.16819769698539222,Medium (0.15-0.5%)
2026-02-24 16:00:00+00:00,sol-updown-15m-1771948800,UP,0.1684810782789135,UP,77.29,0.1684810782789135,True,0.1684810782789135,Medium (0.15-0.5%)
2026-02-24 16:15:00+00:00,sol-updown-15m-1771949700,DOWN,0.918618191227835,UP,78.0,0.918618191227835,False,0.918618191227835,Large (>0.5%)
2026-02-24 16:30:00+00:00,sol-updown-15m-1771950600,DOWN,-0.41025641025640147,DOWN,77.68,-0.41025641025640147,True,0.41025641025640147,Medium (0.15-0.5%)
2026-02-24 16:45:00+00:00,sol-updown-15m-1771951500,UP,0.02574665293511331,UP,77.7,0.02574665293511331,True,0.02574665293511331,Tiny (<0.05%)
2026-02-24 17:00:00+00:00,sol-updown-15m-1771952400,UP,0.5791505791505828,UP,78.15,0.5791505791505828,True,0.5791505791505828,Large (>0.5%)
2026-02-24 17:15:00+00:00,sol-updown-15m-1771953300,DOWN,0.35828534868842116,UP,78.43,0.35828534868842116,False,0.35828534868842116,Medium (0.15-0.5%)
2026-02-24 17:30:00+00:00,sol-updown-15m-1771954200,DOWN,-0.4207573632538729,DOWN,78.1,-0.4207573632538729,True,0.4207573632538729,Medium (0.15-0.5%)
2026-02-24 17:45:00+00:00,sol-updown-15m-1771955100,DOWN,-0.10243277848911433,DOWN,78.02,-0.10243277848911433,True,0.10243277848911433,Small (0.05-0.15%)
2026-02-24 18:00:00+00:00,sol-updown-15m-1771956000,DOWN,-0.012817226352205726,DOWN,78.01,-0.012817226352205726,True,0.012817226352205726,Tiny (<0.05%)
2026-02-24 18:15:00+00:00,sol-updown-15m-1771956900,UP,-0.4358415587745204,DOWN,77.67,-0.4358415587745204,False,0.4358415587745204,Medium (0.15-0.5%)
2026-02-24 18:30:00+00:00,sol-updown-15m-1771957800,UP,0.37337453328182313,UP,77.96,0.37337453328182313,True,0.37337453328182313,Medium (0.15-0.5%)
2026-02-24 18:45:00+00:00,sol-updown-15m-1771958700,DOWN,0.37198563365829435,UP,78.25,0.37198563365829435,False,0.37198563365829435,Medium (0.15-0.5%)
2026-02-24 19:00:00+00:00,sol-updown-15m-1771959600,DOWN,-0.06389776357827114,DOWN,78.2,-0.06389776357827114,True,0.06389776357827114,Small (0.05-0.15%)
2026-02-24 19:15:00+00:00,sol-updown-15m-1771960500,UP,-0.19181585677750088,DOWN,78.05,-0.19181585677750088,False,0.19181585677750088,Medium (0.15-0.5%)
2026-02-24 19:30:00+00:00,sol-updown-15m-1771961400,UP,0.20499679692504372,UP,78.21,0.20499679692504372,True,0.20499679692504372,Medium (0.15-0.5%)
2026-02-24 19:45:00+00:00,sol-updown-15m-1771962300,UP,0.17900524229638226,UP,78.35,0.17900524229638226,True,0.17900524229638226,Medium (0.15-0.5%)
2026-02-24 20:00:00+00:00,sol-updown-15m-1771963200,UP,0.20421186981494677,UP,78.51,0.20421186981494677,True,0.20421186981494677,Medium (0.15-0.5%)
2026-02-24 20:15:00+00:00,sol-updown-15m-1771964100,UP,0.2929563112979108,UP,78.74,0.2929563112979108,True,0.2929563112979108,Medium (0.15-0.5%)
2026-02-24 20:30:00+00:00,sol-updown-15m-1771965000,UP,-0.06350012700025039,DOWN,78.69,-0.06350012700025039,False,0.06350012700025039,Small (0.05-0.15%)
2026-02-24 20:45:00+00:00,sol-updown-15m-1771965900,DOWN,0.038124285169654513,UP,78.72,0.038124285169654513,False,0.038124285169654513,Tiny (<0.05%)
2026-02-24 21:00:00+00:00,sol-updown-15m-1771966800,DOWN,-0.4065040650406418,DOWN,78.4,-0.4065040650406418,True,0.4065040650406418,Medium (0.15-0.5%)
2026-02-24 21:15:00+00:00,sol-updown-15m-1771967700,DOWN,-0.038265306122450424,DOWN,78.37,-0.038265306122450424,True,0.038265306122450424,Tiny (<0.05%)
2026-02-24 21:30:00+00:00,sol-updown-15m-1771968600,UP,-0.12759984688019463,DOWN,78.27,-0.12759984688019463,False,0.12759984688019463,Small (0.05-0.15%)
2026-02-24 21:45:00+00:00,sol-updown-15m-1771969500,UP,0.16609173374218686,UP,78.4,0.16609173374218686,True,0.16609173374218686,Medium (0.15-0.5%)
2026-02-24 22:00:00+00:00,sol-updown-15m-1771970400,UP,0.08928571428570557,UP,78.47,0.08928571428570557,True,0.08928571428570557,Small (0.05-0.15%)
2026-02-24 22:15:00+00:00,sol-updown-15m-1771971300,DOWN,0.9557792787052377,UP,79.22,0.9557792787052377,False,0.9557792787052377,Large (>0.5%)
2026-02-24 22:30:00+00:00,sol-updown-15m-1771972200,DOWN,-0.2903307245645089,DOWN,78.99,-0.2903307245645089,True,0.2903307245645089,Medium (0.15-0.5%)
2026-02-24 22:45:00+00:00,sol-updown-15m-1771973100,UP,0.012659830358279677,UP,79.0,0.012659830358279677,True,0.012659830358279677,Tiny (<0.05%)
2026-02-24 23:00:00+00:00,sol-updown-15m-1771974000,UP,0.11392405063291572,UP,79.09,0.11392405063291572,True,0.11392405063291572,Small (0.05-0.15%)
2026-02-24 23:15:00+00:00,sol-updown-15m-1771974900,UP,0.06321911746111665,UP,79.14,0.06321911746111665,True,0.06321911746111665,Small (0.05-0.15%)
2026-02-24 23:30:00+00:00,sol-updown-15m-1771975800,UP,0.49279757391963686,UP,79.53,0.49279757391963686,True,0.49279757391963686,Medium (0.15-0.5%)
2026-02-24 23:45:00+00:00,sol-updown-15m-1771976700,DOWN,-0.15088645794040556,DOWN,79.41,-0.15088645794040556,True,0.15088645794040556,Medium (0.15-0.5%)
2026-02-25 00:00:00+00:00,sol-updown-15m-1771977600,DOWN,-0.4911220249338881,DOWN,79.02,-0.4911220249338881,True,0.4911220249338881,Medium (0.15-0.5%)
2026-02-25 00:15:00+00:00,sol-updown-15m-1771978500,DOWN,-0.08858516831181117,DOWN,78.95,-0.08858516831181117,True,0.08858516831181117,Small (0.05-0.15%)
2026-02-25 00:30:00+00:00,sol-updown-15m-1771979400,UP,-0.13932868904369783,DOWN,78.84,-0.13932868904369783,False,0.13932868904369783,Small (0.05-0.15%)
2026-02-25 00:45:00+00:00,sol-updown-15m-1771980300,DOWN,0.49467275494672824,UP,79.23,0.49467275494672824,False,0.49467275494672824,Medium (0.15-0.5%)
2026-02-25 01:00:00+00:00,sol-updown-15m-1771981200,UP,-0.1262148176195993,DOWN,79.13,-0.1262148176195993,False,0.1262148176195993,Small (0.05-0.15%)
2026-02-25 01:15:00+00:00,sol-updown-15m-1771982100,UP,2.6285858713509396,UP,81.21,2.6285858713509396,True,2.6285858713509396,Large (>0.5%)
2026-02-25 01:30:00+00:00,sol-updown-15m-1771983000,DOWN,1.1205516561999889,UP,82.12,1.1205516561999889,False,1.1205516561999889,Large (>0.5%)
2026-02-25 01:45:00+00:00,sol-updown-15m-1771983900,UP,-0.28007793472966874,DOWN,81.89,-0.28007793472966874,False,0.28007793472966874,Medium (0.15-0.5%)
2026-02-25 02:00:00+00:00,sol-updown-15m-1771984800,UP,0.5006716326779785,UP,82.3,0.5006716326779785,True,0.5006716326779785,Large (>0.5%)
2026-02-25 02:15:00+00:00,sol-updown-15m-1771985700,DOWN,0.3037667071688943,UP,82.55,0.3037667071688943,False,0.3037667071688943,Medium (0.15-0.5%)
2026-02-25 02:30:00+00:00,sol-updown-15m-1771986600,DOWN,-0.18170805572379345,DOWN,82.4,-0.18170805572379345,True,0.18170805572379345,Medium (0.15-0.5%)
2026-02-25 02:45:00+00:00,sol-updown-15m-1771987500,UP,-0.09708737864079188,DOWN,82.32,-0.09708737864079188,False,0.09708737864079188,Small (0.05-0.15%)
2026-02-25 03:00:00+00:00,sol-updown-15m-1771988400,DOWN,0.08503401360545117,UP,82.39,0.08503401360545117,False,0.08503401360545117,Small (0.05-0.15%)
2026-02-25 03:15:00+00:00,sol-updown-15m-1771989300,DOWN,-0.21847311566938563,DOWN,82.21,-0.21847311566938563,True,0.21847311566938563,Medium (0.15-0.5%)
2026-02-25 03:30:00+00:00,sol-updown-15m-1771990200,DOWN,-0.41357499087700916,DOWN,81.87,-0.41357499087700916,True,0.41357499087700916,Medium (0.15-0.5%)
2026-02-25 03:45:00+00:00,sol-updown-15m-1771991100,DOWN,-0.02442897276170787,DOWN,81.85,-0.02442897276170787,True,0.02442897276170787,Tiny (<0.05%)
2026-02-25 04:00:00+00:00,sol-updown-15m-1771992000,UP,-0.14660965180206517,DOWN,81.73,-0.14660965180206517,False,0.14660965180206517,Small (0.05-0.15%)
2026-02-25 04:15:00+00:00,sol-updown-15m-1771992900,UP,0.12235409274439533,UP,81.83,0.12235409274439533,True,0.12235409274439533,Small (0.05-0.15%)
2026-02-25 04:30:00+00:00,sol-updown-15m-1771993800,UP,0.5377001099841106,UP,82.27,0.5377001099841106,True,0.5377001099841106,Large (>0.5%)
2026-02-25 04:45:00+00:00,sol-updown-15m-1771994700,DOWN,0.1093958915765205,UP,82.36,0.1093958915765205,False,0.1093958915765205,Small (0.05-0.15%)
2026-02-25 05:00:00+00:00,sol-updown-15m-1771995600,DOWN,-0.3885381253035371,DOWN,82.04,-0.3885381253035371,True,0.3885381253035371,Medium (0.15-0.5%)
2026-02-25 05:15:00+00:00,sol-updown-15m-1771996500,DOWN,-0.1706484641638232,DOWN,81.9,-0.1706484641638232,True,0.1706484641638232,Medium (0.15-0.5%)
2026-02-25 05:30:00+00:00,sol-updown-15m-1771997400,DOWN,-0.4273504273504377,DOWN,81.55,-0.4273504273504377,True,0.4273504273504377,Medium (0.15-0.5%)
2026-02-25 05:45:00+00:00,sol-updown-15m-1771998300,UP,-0.44144696505211456,DOWN,81.19,-0.44144696505211456,False,0.44144696505211456,Medium (0.15-0.5%)
2026-02-25 06:00:00+00:00,sol-updown-15m-1771999200,DOWN,0.14780145338096384,UP,81.31,0.14780145338096384,False,0.14780145338096384,Small (0.05-0.15%)
2026-02-25 06:15:00+00:00,sol-updown-15m-1772000100,UP,-0.09838888205632554,DOWN,81.23,-0.09838888205632554,False,0.09838888205632554,Small (0.05-0.15%)
2026-02-25 06:30:00+00:00,sol-updown-15m-1772001000,UP,0.4801181829373391,UP,81.62,0.4801181829373391,True,0.4801181829373391,Medium (0.15-0.5%)
2026-02-25 06:45:00+00:00,sol-updown-15m-1772001900,DOWN,0.1592746875765688,UP,81.75,0.1592746875765688,False,0.1592746875765688,Medium (0.15-0.5%)
2026-02-25 07:00:00+00:00,sol-updown-15m-1772002800,UP,-0.15902140672782317,DOWN,81.62,-0.15902140672782317,False,0.15902140672782317,Medium (0.15-0.5%)
2026-02-25 07:15:00+00:00,sol-updown-15m-1772003700,UP,0.5023278608184227,UP,82.03,0.5023278608184227,True,0.5023278608184227,Large (>0.5%)
2026-02-25 07:30:00+00:00,sol-updown-15m-1772004600,DOWN,0.31695721077655137,UP,82.29,0.31695721077655137,False,0.31695721077655137,Medium (0.15-0.5%)
2026-02-25 07:45:00+00:00,sol-updown-15m-1772005500,UP,-0.3402600558998677,DOWN,82.01,-0.3402600558998677,False,0.3402600558998677,Medium (0.15-0.5%)
2026-02-25 08:00:00+00:00,sol-updown-15m-1772006400,DOWN,0.20729179368369918,UP,82.18,0.20729179368369918,False,0.20729179368369918,Medium (0.15-0.5%)
2026-02-25 08:15:00+00:00,sol-updown-15m-1772007300,UP,-0.18252616208323882,DOWN,82.03,-0.18252616208323882,False,0.18252616208323882,Medium (0.15-0.5%)
2026-02-25 08:30:00+00:00,sol-updown-15m-1772008200,DOWN,0.4632451542118682,UP,82.41,0.4632451542118682,False,0.4632451542118682,Medium (0.15-0.5%)
2026-02-25 08:45:00+00:00,sol-updown-15m-1772009100,UP,-0.13347894672976512,DOWN,82.3,-0.13347894672976512,False,0.13347894672976512,Small (0.05-0.15%)
2026-02-25 09:00:00+00:00,sol-updown-15m-1772010000,UP,0.1822600243013435,UP,82.45,0.1822600243013435,True,0.1822600243013435,Medium (0.15-0.5%)
2026-02-25 09:15:00+00:00,sol-updown-15m-1772010900,DOWN,-0.012128562765318516,DOWN,82.44,-0.012128562765318516,True,0.012128562765318516,Tiny (<0.05%)
2026-02-25 09:30:00+00:00,sol-updown-15m-1772011800,DOWN,-0.07278020378457335,DOWN,82.38,-0.07278020378457335,True,0.07278020378457335,Small (0.05-0.15%)
2026-02-25 09:45:00+00:00,sol-updown-15m-1772012700,UP,-0.012138868657430087,DOWN,82.37,-0.012138868657430087,False,0.012138868657430087,Tiny (<0.05%)
2026-02-25 10:00:00+00:00,sol-updown-15m-1772013600,UP,0.3642102707296311,UP,82.67,0.3642102707296311,True,0.3642102707296311,Medium (0.15-0.5%)
2026-02-25 10:15:00+00:00,sol-updown-15m-1772014500,DOWN,-0.012096286440069088,DOWN,82.66,-0.012096286440069088,True,0.012096286440069088,Tiny (<0.05%)
2026-02-25 10:30:00+00:00,sol-updown-15m-1772015400,UP,-0.08468424872972802,DOWN,82.59,-0.08468424872972802,False,0.08468424872972802,Small (0.05-0.15%)
2026-02-25 10:45:00+00:00,sol-updown-15m-1772016300,DOWN,0.09686402712192553,UP,82.67,0.09686402712192553,False,0.09686402712192553,Small (0.05-0.15%)
2026-02-25 11:00:00+00:00,sol-updown-15m-1772017200,DOWN,-0.18144429660095038,DOWN,82.52,-0.18144429660095038,True,0.18144429660095038,Medium (0.15-0.5%)
2026-02-25 11:15:00+00:00,sol-updown-15m-1772018100,UP,0.07270964614639151,UP,82.58,0.07270964614639151,True,0.07270964614639151,Small (0.05-0.15%)
2026-02-25 11:30:00+00:00,sol-updown-15m-1772019000,UP,0.33906514894647755,UP,82.86,0.33906514894647755,True,0.33906514894647755,Medium (0.15-0.5%)
2026-02-25 11:45:00+00:00,sol-updown-15m-1772019900,UP,0.16895969104513706,UP,83.0,0.16895969104513706,True,0.16895969104513706,Medium (0.15-0.5%)
2026-02-25 12:00:00+00:00,sol-updown-15m-1772020800,DOWN,0.3373493975903628,UP,83.28,0.3373493975903628,False,0.3373493975903628,Medium (0.15-0.5%)
2026-02-25 12:15:00+00:00,sol-updown-15m-1772021700,UP,-0.31219980787704743,DOWN,83.02,-0.31219980787704743,False,0.31219980787704743,Medium (0.15-0.5%)
2026-02-25 12:30:00+00:00,sol-updown-15m-1772022600,UP,0.38544928932788175,UP,83.34,0.38544928932788175,True,0.38544928932788175,Medium (0.15-0.5%)
2026-02-25 12:45:00+00:00,sol-updown-15m-1772023500,UP,0.22798176145908053,UP,83.53,0.22798176145908053,True,0.22798176145908053,Medium (0.15-0.5%)
2026-02-25 13:00:00+00:00,sol-updown-15m-1772024400,DOWN,0.33520890697952965,UP,83.81,0.33520890697952965,False,0.33520890697952965,Medium (0.15-0.5%)
2026-02-25 13:15:00+00:00,sol-updown-15m-1772025300,UP,-0.27443025891898815,DOWN,83.58,-0.27443025891898815,False,0.27443025891898815,Medium (0.15-0.5%)
2026-02-25 13:30:00+00:00,sol-updown-15m-1772026200,UP,0.2751854510648528,UP,83.81,0.2751854510648528,True,0.2751854510648528,Medium (0.15-0.5%)
2026-02-25 13:45:00+00:00,sol-updown-15m-1772027100,DOWN,0.3460207612456653,UP,84.1,0.3460207612456653,False,0.3460207612456653,Medium (0.15-0.5%)
2026-02-25 14:00:00+00:00,sol-updown-15m-1772028000,UP,-0.30915576694410335,DOWN,83.84,-0.30915576694410335,False,0.30915576694410335,Medium (0.15-0.5%)
2026-02-25 14:15:00+00:00,sol-updown-15m-1772028900,UP,0.5367366412213774,UP,84.29,0.5367366412213774,True,0.5367366412213774,Large (>0.5%)
2026-02-25 14:30:00+00:00,sol-updown-15m-1772029800,UP,-0.05931901767708075,DOWN,84.24,-0.05931901767708075,False,0.05931901767708075,Small (0.05-0.15%)
2026-02-25 14:45:00+00:00,sol-updown-15m-1772030700,UP,0.6528964862298331,UP,84.79,0.6528964862298331,True,0.6528964862298331,Large (>0.5%)
2026-02-25 15:00:00+00:00,sol-updown-15m-1772031600,DOWN,1.2265597358178937,UP,85.83,1.2265597358178937,False,1.2265597358178937,Large (>0.5%)
2026-02-25 15:15:00+00:00,sol-updown-15m-1772032500,UP,-0.43108470231854196,DOWN,85.46,-0.43108470231854196,False,0.43108470231854196,Medium (0.15-0.5%)
2026-02-25 15:30:00+00:00,sol-updown-15m-1772033400,UP,-0.16381933068102103,DOWN,85.32,-0.16381933068102103,False,0.16381933068102103,Medium (0.15-0.5%)
2026-02-25 15:45:00+00:00,sol-updown-15m-1772034300,DOWN,1.0548523206751121,UP,86.22,1.0548523206751121,False,1.0548523206751121,Large (>0.5%)
2026-02-25 16:15:00+00:00,sol-updown-15m-1772036100,UP,0.06958942240779666,UP,86.28,0.06958942240779666,True,0.06958942240779666,Small (0.05-0.15%)
2026-02-25 16:30:00+00:00,sol-updown-15m-1772037000,UP,1.2053778395920167,UP,87.32,1.2053778395920167,True,1.2053778395920167,Large (>0.5%)
2026-02-25 16:45:00+00:00,sol-updown-15m-1772037900,UP,0.19468621163536615,UP,87.49,0.19468621163536615,True,0.19468621163536615,Medium (0.15-0.5%)
2026-02-25 17:00:00+00:00,sol-updown-15m-1772038800,UP,-0.022859755400612667,DOWN,87.47,-0.022859755400612667,False,0.022859755400612667,Tiny (<0.05%)
2026-02-25 17:15:00+00:00,sol-updown-15m-1772039700,DOWN,0.9374642734651965,UP,88.29,0.9374642734651965,False,0.9374642734651965,Large (>0.5%)
2026-02-25 17:30:00+00:00,sol-updown-15m-1772040600,UP,0.06795786612299021,UP,88.35,0.06795786612299021,True,0.06795786612299021,Small (0.05-0.15%)
2026-02-25 17:45:00+00:00,sol-updown-15m-1772041500,DOWN,0.18109790605547346,UP,88.51,0.18109790605547346,False,0.18109790605547346,Medium (0.15-0.5%)
2026-02-25 18:00:00+00:00,sol-updown-15m-1772042400,DOWN,-0.0225963168003731,DOWN,88.49,-0.0225963168003731,True,0.0225963168003731,Tiny (<0.05%)
2026-02-25 18:15:00+00:00,sol-updown-15m-1772043300,UP,-0.04520284777940111,DOWN,88.45,-0.04520284777940111,False,0.04520284777940111,Tiny (<0.05%)
2026-02-25 18:30:00+00:00,sol-updown-15m-1772044200,UP,0.24872809496890771,UP,88.67,0.24872809496890771,True,0.24872809496890771,Medium (0.15-0.5%)
2026-02-25 18:45:00+00:00,sol-updown-15m-1772045100,DOWN,0.10149994361114628,UP,88.76,0.10149994361114628,False,0.10149994361114628,Small (0.05-0.15%)
2026-02-25 19:00:00+00:00,sol-updown-15m-1772046000,DOWN,0.14646237043712873,UP,88.89,0.14646237043712873,False,0.14646237043712873,Small (0.05-0.15%)
2026-02-25 19:15:00+00:00,sol-updown-15m-1772046900,UP,-0.07874901563731285,DOWN,88.82,-0.07874901563731285,False,0.07874901563731285,Small (0.05-0.15%)
2026-02-25 19:30:00+00:00,sol-updown-15m-1772047800,UP,0.14636343165954702,UP,88.95,0.14636343165954702,True,0.14636343165954702,Small (0.05-0.15%)
2026-02-25 19:45:00+00:00,sol-updown-15m-1772048700,UP,0.21360314783586026,UP,89.14,0.21360314783586026,True,0.21360314783586026,Medium (0.15-0.5%)
2026-02-25 20:00:00+00:00,sol-updown-15m-1772049600,DOWN,0.41507740632713097,UP,89.51,0.41507740632713097,False,0.41507740632713097,Medium (0.15-0.5%)
2026-02-25 20:15:00+00:00,sol-updown-15m-1772050500,DOWN,-0.4468774438610274,DOWN,89.11,-0.4468774438610274,True,0.4468774438610274,Medium (0.15-0.5%)
2026-02-25 20:30:00+00:00,sol-updown-15m-1772051400,UP,-0.04488834025362614,DOWN,89.07,-0.04488834025362614,False,0.04488834025362614,Tiny (<0.05%)
2026-02-25 20:45:00+00:00,sol-updown-15m-1772052300,DOWN,0.7971258560682698,UP,89.78,0.7971258560682698,False,0.7971258560682698,Large (>0.5%)
2026-02-25 21:15:00+00:00,sol-updown-15m-1772054100,UP,-0.022333891680620905,DOWN,89.53,-0.022333891680620905,False,0.022333891680620905,Tiny (<0.05%)
2026-02-25 21:30:00+00:00,sol-updown-15m-1772055000,UP,0.25689712945381876,UP,89.76,0.25689712945381876,True,0.25689712945381876,Medium (0.15-0.5%)
2026-02-25 21:45:00+00:00,sol-updown-15m-1772055900,DOWN,0.6238859180035518,UP,90.32,0.6238859180035518,False,0.6238859180035518,Large (>0.5%)
2026-02-25 22:00:00+00:00,sol-updown-15m-1772056800,UP,-0.14393268379096041,DOWN,90.19,-0.14393268379096041,False,0.14393268379096041,Small (0.05-0.15%)
2026-02-25 22:15:00+00:00,sol-updown-15m-1772057700,DOWN,0.14414014857522503,UP,90.32,0.14414014857522503,False,0.14414014857522503,Small (0.05-0.15%)
2026-02-25 22:30:00+00:00,sol-updown-15m-1772058600,DOWN,-0.5868024800708448,DOWN,89.79,-0.5868024800708448,True,0.5868024800708448,Large (>0.5%)
2026-02-25 22:45:00+00:00,sol-updown-15m-1772059500,UP,-0.7239113487025344,DOWN,89.14,-0.7239113487025344,False,0.7239113487025344,Large (>0.5%)
2026-02-25 23:00:00+00:00,sol-updown-15m-1772060400,DOWN,-0.15705631590756178,DOWN,89.0,-0.15705631590756178,True,0.15705631590756178,Medium (0.15-0.5%)
2026-02-25 23:15:00+00:00,sol-updown-15m-1772061300,DOWN,-0.0674157303370812,DOWN,88.94,-0.0674157303370812,True,0.0674157303370812,Small (0.05-0.15%)
2026-02-25 23:30:00+00:00,sol-updown-15m-1772062200,DOWN,-0.685855633011018,DOWN,88.33,-0.685855633011018,True,0.685855633011018,Large (>0.5%)
2026-02-25 23:45:00+00:00,sol-updown-15m-1772063100,UP,-1.075512283482399,DOWN,87.38,-1.075512283482399,False,1.075512283482399,Large (>0.5%)
2026-02-26 00:00:00+00:00,sol-updown-15m-1772064000,UP,0.7438773174639571,UP,88.03,0.7438773174639571,True,0.7438773174639571,Large (>0.5%)
2026-02-26 00:15:00+00:00,sol-updown-15m-1772064900,UP,0.7951834601840313,UP,88.73,0.7951834601840313,True,0.7951834601840313,Large (>0.5%)
2026-02-26 00:30:00+00:00,sol-updown-15m-1772065800,DOWN,0.3381043615462607,UP,89.03,0.3381043615462607,False,0.3381043615462607,Medium (0.15-0.5%)
2026-02-26 00:45:00+00:00,sol-updown-15m-1772066700,UP,-0.7300909805683541,DOWN,88.38,-0.7300909805683541,False,0.7300909805683541,Large (>0.5%)
2026-02-26 01:00:00+00:00,sol-updown-15m-1772067600,UP,0.19235121068115152,UP,88.55,0.19235121068115152,True,0.19235121068115152,Medium (0.15-0.5%)
2026-02-26 01:15:00+00:00,sol-updown-15m-1772068500,DOWN,0.5081874647092071,UP,89.0,0.5081874647092071,False,0.5081874647092071,Large (>0.5%)
2026-02-26 01:30:00+00:00,sol-updown-15m-1772069400,DOWN,-0.5280898876404482,DOWN,88.53,-0.5280898876404482,True,0.5280898876404482,Large (>0.5%)
2026-02-26 01:45:00+00:00,sol-updown-15m-1772070300,DOWN,-0.27109454422229173,DOWN,88.29,-0.27109454422229173,True,0.27109454422229173,Medium (0.15-0.5%)
2026-02-26 02:00:00+00:00,sol-updown-15m-1772071200,DOWN,0.10193679918449336,UP,88.38,0.10193679918449336,False,0.10193679918449336,Small (0.05-0.15%)
2026-02-26 02:15:00+00:00,sol-updown-15m-1772072100,UP,-0.7920343969223679,DOWN,87.68,-0.7920343969223679,False,0.7920343969223679,Large (>0.5%)
2026-02-26 02:30:00+00:00,sol-updown-15m-1772073000,UP,0.2509124087591228,UP,87.9,0.2509124087591228,True,0.2509124087591228,Medium (0.15-0.5%)
2026-02-26 02:45:00+00:00,sol-updown-15m-1772073900,DOWN,0.3526734926052196,UP,88.21,0.3526734926052196,False,0.3526734926052196,Medium (0.15-0.5%)
2026-02-26 03:00:00+00:00,sol-updown-15m-1772074800,DOWN,-0.04534633261534072,DOWN,88.17,-0.04534633261534072,True,0.04534633261534072,Tiny (<0.05%)
2026-02-26 03:15:00+00:00,sol-updown-15m-1772075700,DOWN,-0.2268345242145887,DOWN,87.97,-0.2268345242145887,True,0.2268345242145887,Medium (0.15-0.5%)
2026-02-26 03:30:00+00:00,sol-updown-15m-1772076600,UP,-0.15914516312379284,DOWN,87.83,-0.15914516312379284,False,0.15914516312379284,Medium (0.15-0.5%)
2026-02-26 03:45:00+00:00,sol-updown-15m-1772077500,DOWN,0.2846407833314357,UP,88.08,0.2846407833314357,False,0.2846407833314357,Medium (0.15-0.5%)
2026-02-26 04:00:00+00:00,sol-updown-15m-1772078400,UP,-0.10217983651226545,DOWN,87.99,-0.10217983651226545,False,0.10217983651226545,Small (0.05-0.15%)
2026-02-26 04:15:00+00:00,sol-updown-15m-1772079300,UP,0.4886918968064631,UP,88.42,0.4886918968064631,True,0.4886918968064631,Medium (0.15-0.5%)
2026-02-26 04:30:00+00:00,sol-updown-15m-1772080200,UP,-0.011309658448320646,DOWN,88.41,-0.011309658448320646,False,0.011309658448320646,Tiny (<0.05%)
2026-02-26 04:45:00+00:00,sol-updown-15m-1772081100,DOWN,0.5203031331297455,UP,88.87,0.5203031331297455,False,0.5203031331297455,Large (>0.5%)
2026-02-26 05:00:00+00:00,sol-updown-15m-1772082000,DOWN,-0.3150669517272433,DOWN,88.59,-0.3150669517272433,True,0.3150669517272433,Medium (0.15-0.5%)
2026-02-26 05:15:00+00:00,sol-updown-15m-1772082900,DOWN,-1.2529630883846927,DOWN,87.48,-1.2529630883846927,True,1.2529630883846927,Large (>0.5%)
2026-02-26 05:30:00+00:00,sol-updown-15m-1772083800,UP,0.0914494741655216,UP,87.56,0.0914494741655216,True,0.0914494741655216,Small (0.05-0.15%)
2026-02-26 05:45:00+00:00,sol-updown-15m-1772084700,DOWN,0.3197807217907733,UP,87.84,0.3197807217907733,False,0.3197807217907733,Medium (0.15-0.5%)
2026-02-26 06:00:00+00:00,sol-updown-15m-1772085600,UP,-0.14799635701276145,DOWN,87.71,-0.14799635701276145,False,0.14799635701276145,Small (0.05-0.15%)
2026-02-26 06:15:00+00:00,sol-updown-15m-1772086500,DOWN,0.14821571086536275,UP,87.84,0.14821571086536275,False,0.14821571086536275,Small (0.05-0.15%)
2026-02-26 06:30:00+00:00,sol-updown-15m-1772087400,DOWN,-0.2276867030965424,DOWN,87.64,-0.2276867030965424,True,0.2276867030965424,Medium (0.15-0.5%)
2026-02-26 07:00:00+00:00,sol-updown-15m-1772089200,UP,0.04564125969877482,UP,87.68,0.04564125969877482,True,0.04564125969877482,Tiny (<0.05%)
2026-02-26 07:15:00+00:00,sol-updown-15m-1772090100,UP,0.022810218978097648,UP,87.7,0.022810218978097648,True,0.022810218978097648,Tiny (<0.05%)
2026-02-26 07:30:00+00:00,sol-updown-15m-1772091000,DOWN,0.03420752565564554,UP,87.73,0.03420752565564554,False,0.03420752565564554,Tiny (<0.05%)
2026-02-26 07:45:00+00:00,sol-updown-15m-1772091900,DOWN,-0.29636384361108525,DOWN,87.47,-0.29636384361108525,True,0.29636384361108525,Medium (0.15-0.5%)
2026-02-26 08:00:00+00:00,sol-updown-15m-1772092800,UP,-0.09145992911855298,DOWN,87.39,-0.09145992911855298,False,0.09145992911855298,Small (0.05-0.15%)
2026-02-26 08:15:00+00:00,sol-updown-15m-1772093700,UP,0.16020139604073758,UP,87.53,0.16020139604073758,True,0.16020139604073758,Medium (0.15-0.5%)
2026-02-26 08:30:00+00:00,sol-updown-15m-1772094600,DOWN,0.07997258082942212,UP,87.6,0.07997258082942212,False,0.07997258082942212,Small (0.05-0.15%)
2026-02-26 08:45:00+00:00,sol-updown-15m-1772095500,DOWN,-0.12557077625570712,DOWN,87.49,-0.12557077625570712,True,0.12557077625570712,Small (0.05-0.15%)
2026-02-26 09:00:00+00:00,sol-updown-15m-1772096400,UP,-0.10286889930276513,DOWN,87.4,-0.10286889930276513,False,0.10286889930276513,Small (0.05-0.15%)
2026-02-26 09:15:00+00:00,sol-updown-15m-1772097300,DOWN,0.9610983981693239,UP,88.24,0.9610983981693239,False,0.9610983981693239,Large (>0.5%)
2026-02-26 09:30:00+00:00,sol-updown-15m-1772098200,UP,-0.3853127833182108,DOWN,87.9,-0.3853127833182108,False,0.3853127833182108,Medium (0.15-0.5%)
2026-02-26 09:45:00+00:00,sol-updown-15m-1772099100,UP,0.5233219567690486,UP,88.36,0.5233219567690486,True,0.5233219567690486,Large (>0.5%)
2026-02-26 10:00:00+00:00,sol-updown-15m-1772100000,DOWN,0.09053870529651233,UP,88.44,0.09053870529651233,False,0.09053870529651233,Small (0.05-0.15%)
2026-02-26 10:15:00+00:00,sol-updown-15m-1772100900,DOWN,-0.49751243781094273,DOWN,88.0,-0.49751243781094273,True,0.49751243781094273,Medium (0.15-0.5%)
2026-02-26 10:30:00+00:00,sol-updown-15m-1772101800,UP,-0.5681818181818182,DOWN,87.5,-0.5681818181818182,False,0.5681818181818182,Large (>0.5%)
2026-02-26 10:45:00+00:00,sol-updown-15m-1772102700,DOWN,0.23999999999999286,UP,87.71,0.23999999999999286,False,0.23999999999999286,Medium (0.15-0.5%)
2026-02-26 11:00:00+00:00,sol-updown-15m-1772103600,DOWN,-0.3078326302588029,DOWN,87.44,-0.3078326302588029,True,0.3078326302588029,Medium (0.15-0.5%)
2026-02-26 11:15:00+00:00,sol-updown-15m-1772104500,DOWN,-0.09149130832570711,DOWN,87.36,-0.09149130832570711,True,0.09149130832570711,Small (0.05-0.15%)
2026-02-26 11:30:00+00:00,sol-updown-15m-1772105400,UP,-0.5036630036630011,DOWN,86.92,-0.5036630036630011,False,0.5036630036630011,Large (>0.5%)
2026-02-26 11:45:00+00:00,sol-updown-15m-1772106300,DOWN,-0.184077312471234,DOWN,86.76,-0.184077312471234,True,0.184077312471234,Medium (0.15-0.5%)
2026-02-26 12:00:00+00:00,sol-updown-15m-1772107200,UP,0.1613646841862616,UP,86.9,0.1613646841862616,True,0.1613646841862616,Medium (0.15-0.5%)
2026-02-26 12:15:00+00:00,sol-updown-15m-1772108100,UP,0.32220943613348807,UP,87.18,0.32220943613348807,True,0.32220943613348807,Medium (0.15-0.5%)
2026-02-26 12:30:00+00:00,sol-updown-15m-1772109000,UP,0.18352833218627732,UP,87.34,0.18352833218627732,True,0.18352833218627732,Medium (0.15-0.5%)
2026-02-26 12:45:00+00:00,sol-updown-15m-1772109900,UP,0.1602931073963826,UP,87.48,0.1602931073963826,True,0.1602931073963826,Medium (0.15-0.5%)
2026-02-26 13:00:00+00:00,sol-updown-15m-1772110800,UP,0.14860539551897056,UP,87.61,0.14860539551897056,True,0.14860539551897056,Small (0.05-0.15%)
2026-02-26 13:15:00+00:00,sol-updown-15m-1772111700,UP,0.05707111060380911,UP,87.66,0.05707111060380911,True,0.05707111060380911,Small (0.05-0.15%)
2026-02-26 13:30:00+00:00,sol-updown-15m-1772112600,DOWN,0.05703855806524887,UP,87.71,0.05703855806524887,False,0.05703855806524887,Small (0.05-0.15%)
2026-02-26 13:45:00+00:00,sol-updown-15m-1772113500,DOWN,0.05700604264053286,UP,87.76,0.05700604264053286,False,0.05700604264053286,Small (0.05-0.15%)
2026-02-26 14:00:00+00:00,sol-updown-15m-1772114400,UP,-0.21649954421149947,DOWN,87.57,-0.21649954421149947,False,0.21649954421149947,Medium (0.15-0.5%)
2026-02-26 14:15:00+00:00,sol-updown-15m-1772115300,DOWN,0.2969053328765618,UP,87.83,0.2969053328765618,False,0.2969053328765618,Medium (0.15-0.5%)
2026-02-26 14:30:00+00:00,sol-updown-15m-1772116200,DOWN,-0.5123534099965876,DOWN,87.38,-0.5123534099965876,True,0.5123534099965876,Large (>0.5%)
2026-02-26 14:45:00+00:00,sol-updown-15m-1772117100,DOWN,-0.617990386816196,DOWN,86.84,-0.617990386816196,True,0.617990386816196,Large (>0.5%)
2026-02-26 15:00:00+00:00,sol-updown-15m-1772118000,DOWN,0.12666973744817991,UP,86.95,0.12666973744817991,False,0.12666973744817991,Small (0.05-0.15%)
2026-02-26 15:15:00+00:00,sol-updown-15m-1772118900,DOWN,-0.7245543415756293,DOWN,86.32,-0.7245543415756293,True,0.7245543415756293,Large (>0.5%)
2026-02-26 15:30:00+00:00,sol-updown-15m-1772119800,UP,-0.40546802594994713,DOWN,85.97,-0.40546802594994713,False,0.40546802594994713,Medium (0.15-0.5%)
2026-02-26 15:45:00+00:00,sol-updown-15m-1772120700,UP,0.7793416308014444,UP,86.64,0.7793416308014444,True,0.7793416308014444,Large (>0.5%)
2026-02-26 16:00:00+00:00,sol-updown-15m-1772121600,DOWN,0.1269621421975986,UP,86.75,0.1269621421975986,False,0.1269621421975986,Small (0.05-0.15%)
2026-02-26 16:15:00+00:00,sol-updown-15m-1772122500,UP,-0.5878962536023113,DOWN,86.24,-0.5878962536023113,False,0.5878962536023113,Large (>0.5%)
2026-02-26 16:30:00+00:00,sol-updown-15m-1772123400,DOWN,0.4058441558441658,UP,86.59,0.4058441558441658,False,0.4058441558441658,Medium (0.15-0.5%)
2026-02-26 16:45:00+00:00,sol-updown-15m-1772124300,DOWN,-1.8131423951957586,DOWN,85.02,-1.8131423951957586,True,1.8131423951957586,Large (>0.5%)
2026-02-26 17:00:00+00:00,sol-updown-15m-1772125200,UP,-0.27052458245117594,DOWN,84.79,-0.27052458245117594,False,0.27052458245117594,Medium (0.15-0.5%)
2026-02-26 17:15:00+00:00,sol-updown-15m-1772126100,DOWN,0.25946455949993963,UP,85.01,0.25946455949993963,False,0.25946455949993963,Medium (0.15-0.5%)
2026-02-26 17:30:00+00:00,sol-updown-15m-1772127000,DOWN,0.07057993177271857,UP,85.07,0.07057993177271857,False,0.07057993177271857,Small (0.05-0.15%)
2026-02-26 17:45:00+00:00,sol-updown-15m-1772127900,DOWN,0.058775126366535056,UP,85.12,0.058775126366535056,False,0.058775126366535056,Small (0.05-0.15%)
2026-02-26 18:00:00+00:00,sol-updown-15m-1772128800,DOWN,-0.19971804511278393,DOWN,84.95,-0.19971804511278393,True,0.19971804511278393,Medium (0.15-0.5%)
2026-02-26 18:15:00+00:00,sol-updown-15m-1772129700,UP,-0.23543260741613045,DOWN,84.75,-0.23543260741613045,False,0.23543260741613045,Medium (0.15-0.5%)
2026-02-26 18:30:00+00:00,sol-updown-15m-1772130600,UP,0.18879056047197237,UP,84.91,0.18879056047197237,True,0.18879056047197237,Medium (0.15-0.5%)
2026-02-26 18:45:00+00:00,sol-updown-15m-1772131500,DOWN,0.6948533741608803,UP,85.5,0.6948533741608803,False,0.6948533741608803,Large (>0.5%)
2026-02-26 19:00:00+00:00,sol-updown-15m-1772132400,UP,0.023391812865492422,UP,85.52,0.023391812865492422,True,0.023391812865492422,Tiny (<0.05%)
2026-02-26 19:15:00+00:00,sol-updown-15m-1772133300,UP,0.608044901777374,UP,86.04,0.608044901777374,True,0.608044901777374,Large (>0.5%)
2026-02-26 19:30:00+00:00,sol-updown-15m-1772134200,DOWN,0.023245002324495605,UP,86.06,0.023245002324495605,False,0.023245002324495605,Tiny (<0.05%)
2026-02-26 19:45:00+00:00,sol-updown-15m-1772135100,UP,-0.04647920055775767,DOWN,86.02,-0.04647920055775767,False,0.04647920055775767,Tiny (<0.05%)
2026-02-26 20:00:00+00:00,sol-updown-15m-1772136000,UP,0.592885375494077,UP,86.53,0.592885375494077,True,0.592885375494077,Large (>0.5%)
2026-02-26 20:15:00+00:00,sol-updown-15m-1772136900,DOWN,0.16179359759621006,UP,86.67,0.16179359759621006,False,0.16179359759621006,Medium (0.15-0.5%)
2026-02-26 20:30:00+00:00,sol-updown-15m-1772137800,DOWN,-0.36921656859352414,DOWN,86.35,-0.36921656859352414,True,0.36921656859352414,Medium (0.15-0.5%)
2026-02-26 20:45:00+00:00,sol-updown-15m-1772138700,DOWN,-0.26635784597566853,DOWN,86.12,-0.26635784597566853,True,0.26635784597566853,Medium (0.15-0.5%)
2026-02-26 21:00:00+00:00,sol-updown-15m-1772139600,UP,-0.02322340919648192,DOWN,86.1,-0.02322340919648192,False,0.02322340919648192,Tiny (<0.05%)
2026-02-26 21:15:00+00:00,sol-updown-15m-1772140500,UP,-0.011614401858293735,DOWN,86.09,-0.011614401858293735,False,0.011614401858293735,Tiny (<0.05%)
2026-02-26 21:30:00+00:00,sol-updown-15m-1772141400,DOWN,0.1510047624578876,UP,86.22,0.1510047624578876,False,0.1510047624578876,Medium (0.15-0.5%)
2026-02-26 21:45:00+00:00,sol-updown-15m-1772142300,DOWN,-0.18557179308744676,DOWN,86.06,-0.18557179308744676,True,0.18557179308744676,Medium (0.15-0.5%)
2026-02-26 22:00:00+00:00,sol-updown-15m-1772143200,UP,-0.16267720195212707,DOWN,85.92,-0.16267720195212707,False,0.16267720195212707,Medium (0.15-0.5%)
2026-02-26 22:15:00+00:00,sol-updown-15m-1772144100,DOWN,0.12802607076350028,UP,86.03,0.12802607076350028,False,0.12802607076350028,Small (0.05-0.15%)
2026-02-26 22:30:00+00:00,sol-updown-15m-1772145000,UP,-0.12786237359060726,DOWN,85.92,-0.12786237359060726,False,0.12786237359060726,Small (0.05-0.15%)
2026-02-26 22:45:00+00:00,sol-updown-15m-1772145900,DOWN,0.3608007448789598,UP,86.23,0.3608007448789598,False,0.3608007448789598,Medium (0.15-0.5%)
2026-02-26 23:00:00+00:00,sol-updown-15m-1772146800,DOWN,-0.1971471645598999,DOWN,86.06,-0.1971471645598999,True,0.1971471645598999,Medium (0.15-0.5%)
2026-02-26 23:15:00+00:00,sol-updown-15m-1772147700,DOWN,-0.15105740181268354,DOWN,85.93,-0.15105740181268354,True,0.15105740181268354,Medium (0.15-0.5%)
2026-02-26 23:30:00+00:00,sol-updown-15m-1772148600,DOWN,0.046549517048751356,UP,85.97,0.046549517048751356,False,0.046549517048751356,Tiny (<0.05%)
2026-02-26 23:45:00+00:00,sol-updown-15m-1772149500,UP,-0.22100732813771984,DOWN,85.78,-0.22100732813771984,False,0.22100732813771984,Medium (0.15-0.5%)
2026-02-27 00:00:00+00:00,sol-updown-15m-1772150400,DOWN,0.11657729074375647,UP,85.88,0.11657729074375647,False,0.11657729074375647,Small (0.05-0.15%)
2026-02-27 00:15:00+00:00,sol-updown-15m-1772151300,DOWN,0.023288309268759005,UP,85.9,0.023288309268759005,False,0.023288309268759005,Tiny (<0.05%)
2026-02-27 00:30:00+00:00,sol-updown-15m-1772152200,DOWN,-0.24447031431898478,DOWN,85.69,-0.24447031431898478,True,0.24447031431898478,Medium (0.15-0.5%)
2026-02-27 00:45:00+00:00,sol-updown-15m-1772153100,UP,-0.4784688995215271,DOWN,85.28,-0.4784688995215271,False,0.4784688995215271,Medium (0.15-0.5%)
2026-02-27 01:00:00+00:00,sol-updown-15m-1772154000,DOWN,0.6097560975609709,UP,85.8,0.6097560975609709,False,0.6097560975609709,Large (>0.5%)
2026-02-27 01:15:00+00:00,sol-updown-15m-1772154900,UP,-0.43123543123541996,DOWN,85.43,-0.43123543123541996,False,0.43123543123541996,Medium (0.15-0.5%)
2026-02-27 01:30:00+00:00,sol-updown-15m-1772155800,UP,0.17558234812125886,UP,85.58,0.17558234812125886,True,0.17558234812125886,Medium (0.15-0.5%)
2026-02-27 01:45:00+00:00,sol-updown-15m-1772156700,UP,0.24538443561580736,UP,85.79,0.24538443561580736,True,0.24538443561580736,Medium (0.15-0.5%)
2026-02-27 02:00:00+00:00,sol-updown-15m-1772157600,DOWN,0.4312856976337456,UP,86.16,0.4312856976337456,False,0.4312856976337456,Medium (0.15-0.5%)
2026-02-27 02:15:00+00:00,sol-updown-15m-1772158500,UP,-0.23212627669452512,DOWN,85.96,-0.23212627669452512,False,0.23212627669452512,Medium (0.15-0.5%)
2026-02-27 02:30:00+00:00,sol-updown-15m-1772159400,UP,0.488599348534204,UP,86.38,0.488599348534204,True,0.488599348534204,Medium (0.15-0.5%)
2026-02-27 02:45:00+00:00,sol-updown-15m-1772160300,DOWN,0.24311183144247275,UP,86.59,0.24311183144247275,False,0.24311183144247275,Medium (0.15-0.5%)
2026-02-27 03:00:00+00:00,sol-updown-15m-1772161200,DOWN,0.05774338838202697,UP,86.64,0.05774338838202697,False,0.05774338838202697,Small (0.05-0.15%)
2026-02-27 03:15:00+00:00,sol-updown-15m-1772162100,DOWN,-0.24238227146813682,DOWN,86.43,-0.24238227146813682,True,0.24238227146813682,Medium (0.15-0.5%)
2026-02-27 03:30:00+00:00,sol-updown-15m-1772163000,UP,-0.04628022677311842,DOWN,86.39,-0.04628022677311842,False,0.04628022677311842,Tiny (<0.05%)
2026-02-27 03:45:00+00:00,sol-updown-15m-1772163900,UP,0.7755527260099568,UP,87.06,0.7755527260099568,True,0.7755527260099568,Large (>0.5%)
2026-02-27 04:00:00+00:00,sol-updown-15m-1772164800,UP,0.5513439007581025,UP,87.54,0.5513439007581025,True,0.5513439007581025,Large (>0.5%)
2026-02-27 04:15:00+00:00,sol-updown-15m-1772165700,UP,0.4340872743888456,UP,87.92,0.4340872743888456,True,0.4340872743888456,Medium (0.15-0.5%)
2026-02-27 04:30:00+00:00,sol-updown-15m-1772166600,DOWN,-0.1933575978161985,DOWN,87.75,-0.1933575978161985,True,0.1933575978161985,Medium (0.15-0.5%)
2026-02-27 04:45:00+00:00,sol-updown-15m-1772167500,DOWN,-0.1139601139601075,DOWN,87.65,-0.1139601139601075,True,0.1139601139601075,Small (0.05-0.15%)
2026-02-27 05:00:00+00:00,sol-updown-15m-1772168400,UP,-0.06845407872219311,DOWN,87.59,-0.06845407872219311,False,0.06845407872219311,Small (0.05-0.15%)
2026-02-27 05:15:00+00:00,sol-updown-15m-1772169300,DOWN,0.20550291129123485,UP,87.77,0.20550291129123485,False,0.20550291129123485,Medium (0.15-0.5%)
2026-02-27 05:30:00+00:00,sol-updown-15m-1772170200,UP,-0.1367209752762793,DOWN,87.65,-0.1367209752762793,False,0.1367209752762793,Small (0.05-0.15%)
2026-02-27 05:45:00+00:00,sol-updown-15m-1772171100,DOWN,0.057045065601822195,UP,87.7,0.057045065601822195,False,0.057045065601822195,Small (0.05-0.15%)
2026-02-27 06:00:00+00:00,sol-updown-15m-1772172000,DOWN,-0.18244013683009874,DOWN,87.54,-0.18244013683009874,True,0.18244013683009874,Medium (0.15-0.5%)
2026-02-27 06:15:00+00:00,sol-updown-15m-1772172900,DOWN,-0.2741603838245477,DOWN,87.3,-0.2741603838245477,True,0.2741603838245477,Medium (0.15-0.5%)
2026-02-27 06:30:00+00:00,sol-updown-15m-1772173800,UP,-0.12600229095074392,DOWN,87.19,-0.12600229095074392,False,0.12600229095074392,Small (0.05-0.15%)
2026-02-27 06:45:00+00:00,sol-updown-15m-1772174700,UP,0.12616125702488754,UP,87.3,0.12616125702488754,True,0.12616125702488754,Small (0.05-0.15%)
2026-02-27 07:00:00+00:00,sol-updown-15m-1772175600,DOWN,0.10309278350515855,UP,87.39,0.10309278350515855,False,0.10309278350515855,Small (0.05-0.15%)
2026-02-27 07:15:00+00:00,sol-updown-15m-1772176500,DOWN,-0.228859137201056,DOWN,87.19,-0.228859137201056,True,0.228859137201056,Medium (0.15-0.5%)
2026-02-27 07:30:00+00:00,sol-updown-15m-1772177400,DOWN,-0.14909966739304445,DOWN,87.06,-0.14909966739304445,True,0.14909966739304445,Small (0.05-0.15%)
2026-02-27 07:45:00+00:00,sol-updown-15m-1772178300,UP,-0.08040431886056443,DOWN,86.99,-0.08040431886056443,False,0.08040431886056443,Small (0.05-0.15%)
2026-02-27 08:00:00+00:00,sol-updown-15m-1772179200,UP,0.44832739395332866,UP,87.38,0.44832739395332866,True,0.44832739395332866,Medium (0.15-0.5%)
2026-02-27 08:15:00+00:00,sol-updown-15m-1772180100,DOWN,0.34332799267568254,UP,87.68,0.34332799267568254,False,0.34332799267568254,Medium (0.15-0.5%)
2026-02-27 08:30:00+00:00,sol-updown-15m-1772181000,DOWN,0.15967153284669977,UP,87.82,0.15967153284669977,False,0.15967153284669977,Medium (0.15-0.5%)
2026-02-27 08:45:00+00:00,sol-updown-15m-1772181900,UP,-0.25051241175130823,DOWN,87.6,-0.25051241175130823,False,0.25051241175130823,Medium (0.15-0.5%)
2026-02-27 09:00:00+00:00,sol-updown-15m-1772182800,UP,-0.01141552511414487,DOWN,87.59,-0.01141552511414487,False,0.01141552511414487,Tiny (<0.05%)
2026-02-27 09:15:00+00:00,sol-updown-15m-1772183700,DOWN,0.25117022491151825,UP,87.81,0.25117022491151825,False,0.25117022491151825,Medium (0.15-0.5%)
2026-02-27 09:30:00+00:00,sol-updown-15m-1772184600,DOWN,-0.38719963557681747,DOWN,87.47,-0.38719963557681747,True,0.38719963557681747,Medium (0.15-0.5%)
2026-02-27 09:45:00+00:00,sol-updown-15m-1772185500,DOWN,-1.3376014633588678,DOWN,86.3,-1.3376014633588678,True,1.3376014633588678,Large (>0.5%)
2026-02-27 10:00:00+00:00,sol-updown-15m-1772186400,DOWN,0.10428736964079191,UP,86.39,0.10428736964079191,False,0.10428736964079191,Small (0.05-0.15%)
2026-02-27 10:15:00+00:00,sol-updown-15m-1772187300,DOWN,-1.1112397268202265,DOWN,85.43,-1.1112397268202265,True,1.1112397268202265,Large (>0.5%)
2026-02-27 10:30:00+00:00,sol-updown-15m-1772188200,UP,-0.10534940887276531,DOWN,85.34,-0.10534940887276531,False,0.10534940887276531,Small (0.05-0.15%)
2026-02-27 11:00:00+00:00,sol-updown-15m-1772190000,UP,-0.5038668853995861,DOWN,84.91,-0.5038668853995861,False,0.5038668853995861,Large (>0.5%)
2026-02-27 11:15:00+00:00,sol-updown-15m-1772190900,DOWN,-0.18843481333175904,DOWN,84.75,-0.18843481333175904,True,0.18843481333175904,Medium (0.15-0.5%)
2026-02-27 11:30:00+00:00,sol-updown-15m-1772191800,DOWN,-0.4011799410029539,DOWN,84.41,-0.4011799410029539,True,0.4011799410029539,Medium (0.15-0.5%)
2026-02-27 11:45:00+00:00,sol-updown-15m-1772192700,UP,-1.137306006397339,DOWN,83.45,-1.137306006397339,False,1.137306006397339,Large (>0.5%)
2026-02-27 12:15:00+00:00,sol-updown-15m-1772194500,DOWN,-0.14379868184542188,DOWN,83.33,-0.14379868184542188,True,0.14379868184542188,Small (0.05-0.15%)
2026-02-27 12:30:00+00:00,sol-updown-15m-1772195400,DOWN,0.024000960038396763,UP,83.35,0.024000960038396763,False,0.024000960038396763,Tiny (<0.05%)
2026-02-27 12:45:00+00:00,sol-updown-15m-1772196300,UP,-0.7918416316736612,DOWN,82.69,-0.7918416316736612,False,0.7918416316736612,Large (>0.5%)
2026-02-27 13:00:00+00:00,sol-updown-15m-1772197200,DOWN,0.6409481194824055,UP,83.22,0.6409481194824055,False,0.6409481194824055,Large (>0.5%)
2026-02-27 13:15:00+00:00,sol-updown-15m-1772198100,DOWN,-0.07209805335256221,DOWN,83.16,-0.07209805335256221,True,0.07209805335256221,Small (0.05-0.15%)
2026-02-27 13:30:00+00:00,sol-updown-15m-1772199000,DOWN,-0.5291005291005264,DOWN,82.72,-0.5291005291005264,True,0.5291005291005264,Large (>0.5%)
2026-02-27 13:45:00+00:00,sol-updown-15m-1772199900,UP,-0.16924564796905292,DOWN,82.58,-0.16924564796905292,False,0.16924564796905292,Medium (0.15-0.5%)
2026-02-27 14:00:00+00:00,sol-updown-15m-1772200800,UP,0.5691450714458693,UP,83.05,0.5691450714458693,True,0.5691450714458693,Large (>0.5%)
2026-02-27 14:15:00+00:00,sol-updown-15m-1772201700,DOWN,0.06020469596628195,UP,83.1,0.06020469596628195,False,0.06020469596628195,Small (0.05-0.15%)
2026-02-27 14:30:00+00:00,sol-updown-15m-1772202600,DOWN,-0.4091456077015514,DOWN,82.76,-0.4091456077015514,True,0.4091456077015514,Medium (0.15-0.5%)
2026-02-27 14:45:00+00:00,sol-updown-15m-1772203500,DOWN,-0.2899951667472318,DOWN,82.52,-0.2899951667472318,True,0.2899951667472318,Medium (0.15-0.5%)
2026-02-27 15:00:00+00:00,sol-updown-15m-1772204400,UP,0.36354823073194037,UP,82.82,0.36354823073194037,True,0.36354823073194037,Medium (0.15-0.5%)
2026-02-27 15:15:00+00:00,sol-updown-15m-1772205300,UP,0.20526442888191468,UP,82.99,0.20526442888191468,True,0.20526442888191468,Medium (0.15-0.5%)
2026-02-27 15:30:00+00:00,sol-updown-15m-1772206200,DOWN,-0.19279431256777516,DOWN,82.83,-0.19279431256777516,True,0.19279431256777516,Medium (0.15-0.5%)
2026-02-27 15:45:00+00:00,sol-updown-15m-1772207100,DOWN,-0.024145840878903806,DOWN,82.81,-0.024145840878903806,True,0.024145840878903806,Tiny (<0.05%)
2026-02-27 16:00:00+00:00,sol-updown-15m-1772208000,DOWN,-0.32604757879482676,DOWN,82.54,-0.32604757879482676,True,0.32604757879482676,Medium (0.15-0.5%)
2026-02-27 16:15:00+00:00,sol-updown-15m-1772208900,UP,-0.41192149260964794,DOWN,82.2,-0.41192149260964794,False,0.41192149260964794,Medium (0.15-0.5%)
2026-02-27 16:30:00+00:00,sol-updown-15m-1772209800,DOWN,0.02433090024330416,UP,82.22,0.02433090024330416,False,0.02433090024330416,Tiny (<0.05%)
2026-02-27 16:45:00+00:00,sol-updown-15m-1772210700,DOWN,-0.6932619800535067,DOWN,81.65,-0.6932619800535067,True,0.6932619800535067,Large (>0.5%)
2026-02-27 17:00:00+00:00,sol-updown-15m-1772211600,UP,-0.13472137170851123,DOWN,81.54,-0.13472137170851123,False,0.13472137170851123,Small (0.05-0.15%)
2026-02-27 17:15:00+00:00,sol-updown-15m-1772212500,DOWN,0.049055678194741284,UP,81.58,0.049055678194741284,False,0.049055678194741284,Tiny (<0.05%)
2026-02-27 17:30:00+00:00,sol-updown-15m-1772213400,UP,-0.2696739396910994,DOWN,81.36,-0.2696739396910994,False,0.2696739396910994,Medium (0.15-0.5%)
2026-02-27 17:45:00+00:00,sol-updown-15m-1772214300,UP,0.13520157325466992,UP,81.47,0.13520157325466992,True,0.13520157325466992,Small (0.05-0.15%)
2026-02-27 18:00:00+00:00,sol-updown-15m-1772215200,DOWN,0.4664293605007923,UP,81.85,0.4664293605007923,False,0.4664293605007923,Medium (0.15-0.5%)
2026-02-27 18:15:00+00:00,sol-updown-15m-1772216100,UP,-0.1710445937690905,DOWN,81.71,-0.1710445937690905,False,0.1710445937690905,Medium (0.15-0.5%)
2026-02-27 18:30:00+00:00,sol-updown-15m-1772217000,UP,0.3304369110268146,UP,81.98,0.3304369110268146,True,0.3304369110268146,Medium (0.15-0.5%)
2026-02-27 18:45:00+00:00,sol-updown-15m-1772217900,DOWN,-0.19516955354965942,DOWN,81.82,-0.19516955354965942,True,0.19516955354965942,Medium (0.15-0.5%)
2026-02-27 19:00:00+00:00,sol-updown-15m-1772218800,DOWN,-0.3911024199462151,DOWN,81.5,-0.3911024199462151,True,0.3911024199462151,Medium (0.15-0.5%)
2026-02-27 19:15:00+00:00,sol-updown-15m-1772219700,UP,-0.13496932515337354,DOWN,81.39,-0.13496932515337354,False,0.13496932515337354,Small (0.05-0.15%)
2026-02-27 19:30:00+00:00,sol-updown-15m-1772220600,DOWN,0.17201130359995156,UP,81.53,0.17201130359995156,False,0.17201130359995156,Medium (0.15-0.5%)
2026-02-27 19:45:00+00:00,sol-updown-15m-1772221500,UP,-0.13491966147430323,DOWN,81.42,-0.13491966147430323,False,0.13491966147430323,Small (0.05-0.15%)
2026-02-27 20:00:00+00:00,sol-updown-15m-1772222400,UP,0.19651191353475386,UP,81.58,0.19651191353475386,True,0.19651191353475386,Medium (0.15-0.5%)
2026-02-27 20:15:00+00:00,sol-updown-15m-1772223300,DOWN,0.24515812699191325,UP,81.78,0.24515812699191325,False,0.24515812699191325,Medium (0.15-0.5%)
2026-02-27 20:30:00+00:00,sol-updown-15m-1772224200,DOWN,-0.11005135730007753,DOWN,81.69,-0.11005135730007753,True,0.11005135730007753,Small (0.05-0.15%)
2026-02-27 20:45:00+00:00,sol-updown-15m-1772225100,DOWN,-0.09793120332965884,DOWN,81.61,-0.09793120332965884,True,0.09793120332965884,Small (0.05-0.15%)
2026-02-27 21:00:00+00:00,sol-updown-15m-1772226000,UP,-0.19605440509741037,DOWN,81.45,-0.19605440509741037,False,0.19605440509741037,Medium (0.15-0.5%)
2026-02-27 21:15:00+00:00,sol-updown-15m-1772226900,DOWN,0.22099447513811246,UP,81.63,0.22099447513811246,False,0.22099447513811246,Medium (0.15-0.5%)
2026-02-27 21:30:00+00:00,sol-updown-15m-1772227800,DOWN,-0.09800318510351379,DOWN,81.55,-0.09800318510351379,True,0.09800318510351379,Small (0.05-0.15%)
2026-02-27 21:45:00+00:00,sol-updown-15m-1772228700,DOWN,-0.110361741263033,DOWN,81.46,-0.110361741263033,True,0.110361741263033,Small (0.05-0.15%)
2026-02-27 22:00:00+00:00,sol-updown-15m-1772229600,UP,-0.28234716425238127,DOWN,81.23,-0.28234716425238127,False,0.28234716425238127,Medium (0.15-0.5%)
2026-02-27 22:15:00+00:00,sol-updown-15m-1772230500,DOWN,0.13541794903360757,UP,81.34,0.13541794903360757,False,0.13541794903360757,Small (0.05-0.15%)
2026-02-27 22:30:00+00:00,sol-updown-15m-1772231400,UP,-0.3073518564052127,DOWN,81.09,-0.3073518564052127,False,0.3073518564052127,Medium (0.15-0.5%)
2026-02-27 22:45:00+00:00,sol-updown-15m-1772232300,DOWN,0.542606979898875,UP,81.53,0.542606979898875,False,0.542606979898875,Large (>0.5%)
2026-02-27 23:00:00+00:00,sol-updown-15m-1772233200,UP,-0.2085122040966536,DOWN,81.36,-0.2085122040966536,False,0.2085122040966536,Medium (0.15-0.5%)
2026-02-27 23:15:00+00:00,sol-updown-15m-1772234100,UP,0.08603736479843584,UP,81.43,0.08603736479843584,True,0.08603736479843584,Small (0.05-0.15%)
2026-02-27 23:30:00+00:00,sol-updown-15m-1772235000,UP,0.3192926439886908,UP,81.69,0.3192926439886908,True,0.3192926439886908,Medium (0.15-0.5%)
2026-02-27 23:45:00+00:00,sol-updown-15m-1772235900,UP,0.1101726037458727,UP,81.78,0.1101726037458727,True,0.1101726037458727,Small (0.05-0.15%)
2026-02-28 00:00:00+00:00,sol-updown-15m-1772236800,UP,0.03668378576669251,UP,81.81,0.03668378576669251,True,0.03668378576669251,Tiny (<0.05%)
2026-02-28 00:15:00+00:00,sol-updown-15m-1772237700,DOWN,0.2811392250336193,UP,82.04,0.2811392250336193,False,0.2811392250336193,Medium (0.15-0.5%)
2026-02-28 00:30:00+00:00,sol-updown-15m-1772238600,UP,-0.450999512432965,DOWN,81.67,-0.450999512432965,False,0.450999512432965,Medium (0.15-0.5%)
2026-02-28 00:45:00+00:00,sol-updown-15m-1772239500,UP,0.46528713113749903,UP,82.05,0.46528713113749903,True,0.46528713113749903,Medium (0.15-0.5%)
2026-02-28 01:00:00+00:00,sol-updown-15m-1772240400,DOWN,0.08531383302865009,UP,82.12,0.08531383302865009,False,0.08531383302865009,Small (0.05-0.15%)
2026-02-28 01:15:00+00:00,sol-updown-15m-1772241300,DOWN,-0.10959571358987263,DOWN,82.03,-0.10959571358987263,True,0.10959571358987263,Small (0.05-0.15%)
2026-02-28 01:30:00+00:00,sol-updown-15m-1772242200,DOWN,-0.08533463367061732,DOWN,81.96,-0.08533463367061732,True,0.08533463367061732,Small (0.05-0.15%)
2026-02-28 01:45:00+00:00,sol-updown-15m-1772243100,DOWN,-0.1708150317227923,DOWN,81.82,-0.1708150317227923,True,0.1708150317227923,Medium (0.15-0.5%)
2026-02-28 02:15:00+00:00,sol-updown-15m-1772244900,UP,0.13444145685653097,UP,81.93,0.13444145685653097,True,0.13444145685653097,Small (0.05-0.15%)
2026-02-28 02:30:00+00:00,sol-updown-15m-1772245800,UP,0.1830831197363499,UP,82.08,0.1830831197363499,True,0.1830831197363499,Medium (0.15-0.5%)
2026-02-28 02:45:00+00:00,sol-updown-15m-1772246700,UP,0.04873294346979319,UP,82.12,0.04873294346979319,True,0.04873294346979319,Tiny (<0.05%)
2026-02-28 03:00:00+00:00,sol-updown-15m-1772247600,DOWN,-0.012177301509991616,DOWN,82.11,-0.012177301509991616,True,0.012177301509991616,Tiny (<0.05%)
2026-02-28 03:15:00+00:00,sol-updown-15m-1772248500,DOWN,-0.12178784557300489,DOWN,82.01,-0.12178784557300489,True,0.12178784557300489,Small (0.05-0.15%)
2026-02-28 03:30:00+00:00,sol-updown-15m-1772249400,DOWN,-0.060968174612865945,DOWN,81.96,-0.060968174612865945,True,0.060968174612865945,Small (0.05-0.15%)
2026-02-28 03:45:00+00:00,sol-updown-15m-1772250300,UP,-0.37823328452902405,DOWN,81.65,-0.37823328452902405,False,0.37823328452902405,Medium (0.15-0.5%)
2026-02-28 04:00:00+00:00,sol-updown-15m-1772251200,UP,0.11022657685240562,UP,81.74,0.11022657685240562,True,0.11022657685240562,Small (0.05-0.15%)
2026-02-28 04:15:00+00:00,sol-updown-15m-1772252100,DOWN,0.06116956202594981,UP,81.79,0.06116956202594981,False,0.06116956202594981,Small (0.05-0.15%)
2026-02-28 04:30:00+00:00,sol-updown-15m-1772253000,UP,-0.562415943269358,DOWN,81.33,-0.562415943269358,False,0.562415943269358,Large (>0.5%)
2026-02-28 04:45:00+00:00,sol-updown-15m-1772253900,DOWN,0.4303455059633697,UP,81.68,0.4303455059633697,False,0.4303455059633697,Medium (0.15-0.5%)
2026-02-28 05:00:00+00:00,sol-updown-15m-1772254800,UP,-0.036728697355535175,DOWN,81.65,-0.036728697355535175,False,0.036728697355535175,Tiny (<0.05%)
2026-02-28 05:15:00+00:00,sol-updown-15m-1772255700,DOWN,0.09797917942437023,UP,81.73,0.09797917942437023,False,0.09797917942437023,Small (0.05-0.15%)
2026-02-28 05:30:00+00:00,sol-updown-15m-1772256600,DOWN,-0.2324727762143616,DOWN,81.54,-0.2324727762143616,True,0.2324727762143616,Medium (0.15-0.5%)
2026-02-28 05:45:00+00:00,sol-updown-15m-1772257500,UP,-0.18395879323032338,DOWN,81.39,-0.18395879323032338,False,0.18395879323032338,Medium (0.15-0.5%)
2026-02-28 06:00:00+00:00,sol-updown-15m-1772258400,DOWN,0.15972478191423448,UP,81.52,0.15972478191423448,False,0.15972478191423448,Medium (0.15-0.5%)
2026-02-28 06:15:00+00:00,sol-updown-15m-1772259300,DOWN,-0.650147203140335,DOWN,80.99,-0.650147203140335,True,0.650147203140335,Large (>0.5%)
2026-02-28 06:30:00+00:00,sol-updown-15m-1772260200,DOWN,-1.568094826521788,DOWN,79.72,-1.568094826521788,True,1.568094826521788,Large (>0.5%)
2026-02-28 06:45:00+00:00,sol-updown-15m-1772261100,DOWN,-1.542900150526849,DOWN,78.49,-1.542900150526849,True,1.542900150526849,Large (>0.5%)
2026-02-28 07:00:00+00:00,sol-updown-15m-1772262000,UP,-1.3377500318511877,DOWN,77.44,-1.3377500318511877,False,1.3377500318511877,Large (>0.5%)
2026-02-28 07:15:00+00:00,sol-updown-15m-1772262900,DOWN,1.5625000000000104,UP,78.65,1.5625000000000104,False,1.5625000000000104,Large (>0.5%)
2026-02-28 07:30:00+00:00,sol-updown-15m-1772263800,UP,-0.8264462809917427,DOWN,78.0,-0.8264462809917427,False,0.8264462809917427,Large (>0.5%)
2026-02-28 07:45:00+00:00,sol-updown-15m-1772264700,DOWN,1.3461538461538425,UP,79.05,1.3461538461538425,False,1.3461538461538425,Large (>0.5%)
2026-02-28 08:00:00+00:00,sol-updown-15m-1772265600,DOWN,-0.6578115117014498,DOWN,78.53,-0.6578115117014498,True,0.6578115117014498,Large (>0.5%)
2026-02-28 08:15:00+00:00,sol-updown-15m-1772266500,DOWN,-0.05093594804534095,DOWN,78.49,-0.05093594804534095,True,0.05093594804534095,Small (0.05-0.15%)
2026-02-28 08:30:00+00:00,sol-updown-15m-1772267400,DOWN,-0.1656261944196655,DOWN,78.36,-0.1656261944196655,True,0.1656261944196655,Medium (0.15-0.5%)
2026-02-28 08:45:00+00:00,sol-updown-15m-1772268300,DOWN,-0.21694742215416246,DOWN,78.19,-0.21694742215416246,True,0.21694742215416246,Medium (0.15-0.5%)
2026-02-28 09:00:00+00:00,sol-updown-15m-1772269200,UP,-0.11510423327791713,DOWN,78.1,-0.11510423327791713,False,0.11510423327791713,Small (0.05-0.15%)
2026-02-28 09:15:00+00:00,sol-updown-15m-1772270100,UP,0.12804097311140658,UP,78.2,0.12804097311140658,True,0.12804097311140658,Small (0.05-0.15%)
2026-02-28 09:30:00+00:00,sol-updown-15m-1772271000,DOWN,0.37084398976981076,UP,78.49,0.37084398976981076,False,0.37084398976981076,Medium (0.15-0.5%)
2026-02-28 09:45:00+00:00,sol-updown-15m-1772271900,UP,-0.10192381195056478,DOWN,78.41,-0.10192381195056478,False,0.10192381195056478,Small (0.05-0.15%)
2026-02-28 10:00:00+00:00,sol-updown-15m-1772272800,DOWN,-0.03826042596607721,DOWN,78.38,-0.03826042596607721,True,0.03826042596607721,Tiny (<0.05%)
2026-02-28 10:15:00+00:00,sol-updown-15m-1772273700,UP,-0.33171727481499225,DOWN,78.12,-0.33171727481499225,False,0.33171727481499225,Medium (0.15-0.5%)
2026-02-28 10:30:00+00:00,sol-updown-15m-1772274600,UP,0.5120327700972753,UP,78.52,0.5120327700972753,True,0.5120327700972753,Large (>0.5%)
2026-02-28 10:45:00+00:00,sol-updown-15m-1772275500,UP,0.6367804381049414,UP,79.02,0.6367804381049414,True,0.6367804381049414,Large (>0.5%)
2026-02-28 11:00:00+00:00,sol-updown-15m-1772276400,UP,0.08858516831182915,UP,79.09,0.08858516831182915,True,0.08858516831182915,Small (0.05-0.15%)
2026-02-28 11:15:00+00:00,sol-updown-15m-1772277300,UP,0.26552029333669713,UP,79.3,0.26552029333669713,True,0.26552029333669713,Medium (0.15-0.5%)
2026-02-28 11:30:00+00:00,sol-updown-15m-1772278200,DOWN,0.2900378310214426,UP,79.53,0.2900378310214426,False,0.2900378310214426,Medium (0.15-0.5%)
2026-02-28 11:45:00+00:00,sol-updown-15m-1772279100,DOWN,-0.6789890607318072,DOWN,78.99,-0.6789890607318072,True,0.6789890607318072,Large (>0.5%)
2026-02-28 12:00:00+00:00,sol-updown-15m-1772280000,UP,-0.21521711609064656,DOWN,78.82,-0.21521711609064656,False,0.21521711609064656,Medium (0.15-0.5%)
2026-02-28 12:15:00+00:00,sol-updown-15m-1772280900,UP,0.30449124587669263,UP,79.06,0.30449124587669263,True,0.30449124587669263,Medium (0.15-0.5%)
2026-02-28 12:30:00+00:00,sol-updown-15m-1772281800,DOWN,-0.01264862130028474,DOWN,79.05,-0.01264862130028474,True,0.01264862130028474,Tiny (<0.05%)
2026-02-28 12:45:00+00:00,sol-updown-15m-1772282700,DOWN,-0.025300442757743225,DOWN,79.03,-0.025300442757743225,True,0.025300442757743225,Tiny (<0.05%)
2026-02-28 13:15:00+00:00,sol-updown-15m-1772284500,DOWN,0.31633556877135266,UP,79.28,0.31633556877135266,False,0.31633556877135266,Medium (0.15-0.5%)
2026-02-28 13:30:00+00:00,sol-updown-15m-1772285400,UP,-0.491927346115036,DOWN,78.89,-0.491927346115036,False,0.491927346115036,Medium (0.15-0.5%)
2026-02-28 13:45:00+00:00,sol-updown-15m-1772286300,UP,0.5830903790087385,UP,79.35,0.5830903790087385,True,0.5830903790087385,Large (>0.5%)
2026-02-28 14:00:00+00:00,sol-updown-15m-1772287200,DOWN,2.696912413358539,UP,81.49,2.696912413358539,False,2.696912413358539,Large (>0.5%)
2026-02-28 14:15:00+00:00,sol-updown-15m-1772288100,UP,-1.1780586575039806,DOWN,80.53,-1.1780586575039806,False,1.1780586575039806,Large (>0.5%)
