recorded_at,wallet,wallet_label,coin,market_type,slug,side,size_usd,price,trade_timestamp,gap_at_time,gap_seconds_diff,both_sides_flag
2026-03-01T12:11:30.826615+00:00,0x1979ae6b7e6534de9c4539d0c205e582ca637c9d,0x1979ae6B7E6534dE9c4539D0c205E582cA637C9D-1769439463256,eth,15m,eth-updown-15m-1772365500,UP,9.8384,0.43,1772365913,,993,False
2026-03-01T12:11:30.826615+00:00,0x1979ae6b7e6534de9c4539d0c205e582ca637c9d,0x1979ae6B7E6534dE9c4539D0c205E582cA637C9D-1769439463256,eth,5m,eth-updown-5m-1772365800,UP,16.52,0.28,1772365913,,993,False
2026-03-01T12:11:30.826615+00:00,0x1979ae6b7e6534de9c4539d0c205e582ca637c9d,0x1979ae6B7E6534dE9c4539D0c205E582cA637C9D-1769439463256,sol,5m,sol-updown-5m-1772365800,DOWN,20.25,0.675,1772365913,,993,False
2026-03-01T12:11:30.826615+00:00,0x1979ae6b7e6534de9c4539d0c205e582ca637c9d,0x1979ae6B7E6534dE9c4539D0c205E582cA637C9D-1769439463256,btc,5m,btc-updown-5m-1772365800,DOWN,30.470791,0.5400000070887561,1772365911,,995,False
2026-03-01T12:11:30.826615+00:00,0x1979ae6b7e6534de9c4539d0c205e582ca637c9d,0x1979ae6B7E6534dE9c4539D0c205E582cA637C9D-1769439463256,sol,15m,sol-updown-15m-1772365500,DOWN,10.0,0.49504950495049505,1772365911,,995,False
2026-03-01T12:11:30.826615+00:00,0x1979ae6b7e6534de9c4539d0c205e582ca637c9d,0x1979ae6B7E6534dE9c4539D0c205E582cA637C9D-1769439463256,eth,5m,eth-updown-5m-1772365800,DOWN,14.8,0.74,1772365911,,995,True
2026-03-01T12:11:30.826615+00:00,0x1979ae6b7e6534de9c4539d0c205e582ca637c9d,0x1979ae6B7E6534dE9c4539D0c205E582cA637C9D-1769439463256,eth,15m,eth-updown-15m-1772365500,DOWN,3.009,0.59,1772365911,,995,True
2026-03-01T12:11:30.826615+00:00,0x1979ae6b7e6534de9c4539d0c205e582ca637c9d,0x1979ae6B7E6534dE9c4539D0c205E582cA637C9D-1769439463256,sol,5m,sol-updown-5m-1772365800,DOWN,2.886,0.65,1772365911,,995,False
2026-03-01T12:11:30.826615+00:00,0x1979ae6b7e6534de9c4539d0c205e582ca637c9d,0x1979ae6B7E6534dE9c4539D0c205E582cA637C9D-1769439463256,eth,15m,eth-updown-15m-1772365500,DOWN,52.8,0.6,1772365911,,995,True
2026-03-01T12:11:30.826615+00:00,0x1979ae6b7e6534de9c4539d0c205e582ca637c9d,0x1979ae6B7E6534dE9c4539D0c205E582cA637C9D-1769439463256,btc,5m,btc-updown-5m-1772365800,DOWN,41.3336,0.56,1772365911,,995,False
2026-03-01T12:11:30.826615+00:00,0x1979ae6b7e6534de9c4539d0c205e582ca637c9d,0x1979ae6B7E6534dE9c4539D0c205E582cA637C9D-1769439463256,btc,15m,btc-updown-15m-1772365500,UP,67.2,0.7,1772365909,,997,False
2026-03-01T12:11:30.826615+00:00,0x1979ae6b7e6534de9c4539d0c205e582ca637c9d,0x1979ae6B7E6534dE9c4539D0c205E582cA637C9D-1769439463256,btc,5m,btc-updown-5m-1772365800,DOWN,45.65,0.55,1772365909,,997,False
2026-03-01T12:11:30.826615+00:00,0x1979ae6b7e6534de9c4539d0c205e582ca637c9d,0x1979ae6B7E6534dE9c4539D0c205E582cA637C9D-1769439463256,eth,5m,eth-updown-5m-1772365800,DOWN,14.6,0.73,1772365909,,997,True
2026-03-01T12:11:30.826615+00:00,0x1979ae6b7e6534de9c4539d0c205e582ca637c9d,0x1979ae6B7E6534dE9c4539D0c205E582cA637C9D-1769439463256,btc,5m,btc-updown-5m-1772365800,DOWN,13.26,0.5061068702290077,1772365907,,999,False
2026-03-01T12:11:30.826615+00:00,0x1979ae6b7e6534de9c4539d0c205e582ca637c9d,0x1979ae6B7E6534dE9c4539D0c205E582cA637C9D-1769439463256,eth,15m,eth-updown-15m-1772365500,UP,2.8665,0.45,1772365905,,1001,True
2026-03-01T12:11:30.826615+00:00,0x1979ae6b7e6534de9c4539d0c205e582ca637c9d,0x1979ae6B7E6534dE9c4539D0c205E582cA637C9D-1769439463256,btc,5m,btc-updown-5m-1772365800,UP,44.59,0.49,1772365905,,1001,True
2026-03-01T12:11:30.826615+00:00,0x1979ae6b7e6534de9c4539d0c205e582ca637c9d,0x1979ae6B7E6534dE9c4539D0c205E582cA637C9D-1769439463256,btc,5m,btc-updown-5m-1772365800,UP,55.0,0.5,1772365905,,1001,True
2026-03-01T12:11:30.826615+00:00,0x1979ae6b7e6534de9c4539d0c205e582ca637c9d,0x1979ae6B7E6534dE9c4539D0c205E582cA637C9D-1769439463256,btc,15m,btc-updown-15m-1772365500,UP,12.3192,0.72,1772365903,,1003,False
2026-03-01T12:11:30.826615+00:00,0x1979ae6b7e6534de9c4539d0c205e582ca637c9d,0x1979ae6B7E6534dE9c4539D0c205E582cA637C9D-1769439463256,sol,5m,sol-updown-5m-1772365800,DOWN,17.01,0.63,1772365903,,1003,False
2026-03-01T12:11:30.826615+00:00,0x1979ae6b7e6534de9c4539d0c205e582ca637c9d,0x1979ae6B7E6534dE9c4539D0c205E582cA637C9D-1769439463256,sol,5m,sol-updown-5m-1772365800,DOWN,4.7678,0.62,1772365899,,1007,False
2026-03-01T12:11:30.826615+00:00,0x1979ae6b7e6534de9c4539d0c205e582ca637c9d,0x1979ae6B7E6534dE9c4539D0c205E582cA637C9D-1769439463256,btc,5m,btc-updown-5m-1772365800,DOWN,125.84,0.52,1772365899,,1007,True
2026-03-01T12:11:30.826615+00:00,0x1979ae6b7e6534de9c4539d0c205e582ca637c9d,0x1979ae6B7E6534dE9c4539D0c205E582cA637C9D-1769439463256,btc,5m,btc-updown-5m-1772365800,DOWN,59.89,0.53,1772365899,,1007,True
2026-03-01T12:11:30.826615+00:00,0x1979ae6b7e6534de9c4539d0c205e582ca637c9d,0x1979ae6B7E6534dE9c4539D0c205E582cA637C9D-1769439463256,eth,5m,eth-updown-5m-1772365800,DOWN,19.067,0.7085470085470086,1772365899,,1007,True
2026-03-01T12:11:30.826615+00:00,0x1979ae6b7e6534de9c4539d0c205e582ca637c9d,0x1979ae6B7E6534dE9c4539D0c205E582cA637C9D-1769439463256,eth,15m,eth-updown-15m-1772365500,DOWN,25.96,0.59,1772365899,,1007,True
2026-03-01T12:11:30.826615+00:00,0x1979ae6b7e6534de9c4539d0c205e582ca637c9d,0x1979ae6B7E6534dE9c4539D0c205E582cA637C9D-1769439463256,eth,5m,eth-updown-5m-1772365800,DOWN,9.648,0.72,1772365899,,1007,True
2026-03-01T12:11:30.826615+00:00,0x1979ae6b7e6534de9c4539d0c205e582ca637c9d,0x1979ae6B7E6534dE9c4539D0c205E582cA637C9D-1769439463256,eth,15m,eth-updown-15m-1772365500,DOWN,4.452,0.53,1772365897,,1009,True
2026-03-01T12:11:30.826615+00:00,0x1979ae6b7e6534de9c4539d0c205e582ca637c9d,0x1979ae6B7E6534dE9c4539D0c205E582cA637C9D-1769439463256,eth,5m,eth-updown-5m-1772365800,UP,8.739999,0.3738868896204924,1772365891,,1015,True
2026-03-01T12:11:30.826615+00:00,0x1979ae6b7e6534de9c4539d0c205e582ca637c9d,0x1979ae6B7E6534dE9c4539D0c205E582cA637C9D-1769439463256,eth,15m,eth-updown-15m-1772365500,UP,12.96,0.48,1772365891,,1015,True
2026-03-01T12:11:30.826615+00:00,0x1979ae6b7e6534de9c4539d0c205e582ca637c9d,0x1979ae6B7E6534dE9c4539D0c205E582cA637C9D-1769439463256,sol,5m,sol-updown-5m-1772365800,UP,44.1,0.48,1772365889,,1017,True
2026-03-01T12:11:30.826615+00:00,0x1979ae6b7e6534de9c4539d0c205e582ca637c9d,0x1979ae6B7E6534dE9c4539D0c205E582cA637C9D-1769439463256,btc,5m,btc-updown-5m-1772365800,UP,104.879999,0.5599999985049581,1772365887,,1019,True
2026-03-01T12:11:30.826615+00:00,0x1979ae6b7e6534de9c4539d0c205e582ca637c9d,0x1979ae6B7E6534dE9c4539D0c205E582cA637C9D-1769439463256,btc,5m,btc-updown-5m-1772365800,UP,122.549999,0.5599999998172175,1772365887,,1019,True
2026-03-01T12:11:30.826615+00:00,0x1979ae6b7e6534de9c4539d0c205e582ca637c9d,0x1979ae6B7E6534dE9c4539D0c205E582cA637C9D-1769439463256,btc,15m,btc-updown-15m-1772365500,UP,30.4,0.76,1772365887,,1019,False
2026-03-01T12:11:30.826615+00:00,0x1979ae6b7e6534de9c4539d0c205e582ca637c9d,0x1979ae6B7E6534dE9c4539D0c205E582cA637C9D-1769439463256,eth,5m,eth-updown-5m-1772365800,UP,27.359999,0.373859193089945,1772365887,,1019,True
2026-03-01T12:11:30.826615+00:00,0x1979ae6b7e6534de9c4539d0c205e582ca637c9d,0x1979ae6B7E6534dE9c4539D0c205E582cA637C9D-1769439463256,btc,15m,btc-updown-15m-1772365500,UP,1.7082,0.73,1772365885,,1021,False
2026-03-01T12:11:30.826615+00:00,0x1979ae6b7e6534de9c4539d0c205e582ca637c9d,0x1979ae6B7E6534dE9c4539D0c205E582cA637C9D-1769439463256,eth,15m,eth-updown-15m-1772365500,DOWN,9.845,0.55,1772365883,,1023,True
2026-03-01T12:11:30.826615+00:00,0x1979ae6b7e6534de9c4539d0c205e582ca637c9d,0x1979ae6B7E6534dE9c4539D0c205E582cA637C9D-1769439463256,btc,5m,btc-updown-5m-1772365800,DOWN,31.3196,0.52,1772365879,,1027,True
2026-03-01T12:11:30.826615+00:00,0x1979ae6b7e6534de9c4539d0c205e582ca637c9d,0x1979ae6B7E6534dE9c4539D0c205E582cA637C9D-1769439463256,btc,5m,btc-updown-5m-1772365800,DOWN,18.6004,0.52,1772365877,,1029,True
2026-03-01T12:11:30.826615+00:00,0x1979ae6b7e6534de9c4539d0c205e582ca637c9d,0x1979ae6B7E6534dE9c4539D0c205E582cA637C9D-1769439463256,sol,5m,sol-updown-5m-1772365800,DOWN,3.92,0.56,1772365877,,1029,True
2026-03-01T12:11:30.826615+00:00,0x1979ae6b7e6534de9c4539d0c205e582ca637c9d,0x1979ae6B7E6534dE9c4539D0c205E582cA637C9D-1769439463256,sol,5m,sol-updown-5m-1772365800,DOWN,3.1304,0.56,1772365877,,1029,True
2026-03-01T12:11:30.826615+00:00,0x1979ae6b7e6534de9c4539d0c205e582ca637c9d,0x1979ae6B7E6534dE9c4539D0c205E582cA637C9D-1769439463256,btc,5m,btc-updown-5m-1772365800,DOWN,56.699999,0.5346394610170317,1772365877,,1029,True
2026-03-01T12:11:30.826615+00:00,0x1979ae6b7e6534de9c4539d0c205e582ca637c9d,0x1979ae6B7E6534dE9c4539D0c205E582cA637C9D-1769439463256,eth,15m,eth-updown-15m-1772365500,DOWN,0.8313,0.51,1772365877,,1029,True
2026-03-01T12:11:30.826615+00:00,0x1979ae6b7e6534de9c4539d0c205e582ca637c9d,0x1979ae6B7E6534dE9c4539D0c205E582cA637C9D-1769439463256,eth,15m,eth-updown-15m-1772365500,DOWN,1.5476,0.53,1772365877,,1029,True
2026-03-01T12:11:30.826615+00:00,0x1979ae6b7e6534de9c4539d0c205e582ca637c9d,0x1979ae6B7E6534dE9c4539D0c205E582cA637C9D-1769439463256,eth,5m,eth-updown-5m-1772365800,DOWN,32.64,0.64,1772365877,,1029,True
2026-03-01T12:11:30.826615+00:00,0x1979ae6b7e6534de9c4539d0c205e582ca637c9d,0x1979ae6B7E6534dE9c4539D0c205E582cA637C9D-1769439463256,btc,5m,btc-updown-5m-1772365800,DOWN,62.009999,0.5283835757727239,1772365877,,1029,True
2026-03-01T12:11:30.826615+00:00,0x1979ae6b7e6534de9c4539d0c205e582ca637c9d,0x1979ae6B7E6534dE9c4539D0c205E582cA637C9D-1769439463256,eth,5m,eth-updown-5m-1772365800,DOWN,48.75,0.65,1772365877,,1029,True
2026-03-01T12:11:30.826615+00:00,0x1979ae6b7e6534de9c4539d0c205e582ca637c9d,0x1979ae6B7E6534dE9c4539D0c205E582cA637C9D-1769439463256,sol,15m,sol-updown-15m-1772365500,DOWN,5.28,0.44,1772365875,,1031,False
2026-03-01T12:11:30.826615+00:00,0x1979ae6b7e6534de9c4539d0c205e582ca637c9d,0x1979ae6B7E6534dE9c4539D0c205E582cA637C9D-1769439463256,eth,5m,eth-updown-5m-1772365800,DOWN,34.099999,0.6141163673830794,1772365875,,1031,True
2026-03-01T12:11:30.826615+00:00,0x1d0034134e339a309700ff2d34e99fa2d48b0313,0x1d0034134e,sol,5m,sol-updown-5m-1772356200,DOWN,1.8288,0.09,1772356485,,10421,False
2026-03-01T12:11:30.826615+00:00,0x1d0034134e339a309700ff2d34e99fa2d48b0313,0x1d0034134e,btc,5m,btc-updown-5m-1772356200,DOWN,1.151052,0.810000485556113,1772356483,,10423,False
2026-03-01T12:11:30.826615+00:00,0x1d0034134e339a309700ff2d34e99fa2d48b0313,0x1d0034134e,btc,5m,btc-updown-5m-1772356200,DOWN,69.2712,0.81,1772356483,,10423,False
2026-03-01T12:11:30.826615+00:00,0x1d0034134e339a309700ff2d34e99fa2d48b0313,0x1d0034134e,btc,5m,btc-updown-5m-1772356200,DOWN,53.801052,0.8100000103882729,1772356483,,10423,False
2026-03-01T12:11:30.826615+00:00,0x1d0034134e339a309700ff2d34e99fa2d48b0313,0x1d0034134e,btc,5m,btc-updown-5m-1772356200,DOWN,55.037368,0.8100000107436098,1772356483,,10423,False
2026-03-01T12:11:30.826615+00:00,0x1d0034134e339a309700ff2d34e99fa2d48b0313,0x1d0034134e,btc,5m,btc-updown-5m-1772356200,DOWN,77.2254,0.81,1772356483,,10423,False
2026-03-01T12:11:30.826615+00:00,0x1d0034134e339a309700ff2d34e99fa2d48b0313,0x1d0034134e,sol,5m,sol-updown-5m-1772356200,DOWN,0.118681,0.09000005308350718,1772356483,,10423,False
2026-03-01T12:11:30.826615+00:00,0x1d0034134e339a309700ff2d34e99fa2d48b0313,0x1d0034134e,btc,5m,btc-updown-5m-1772356200,DOWN,40.201578,0.8100000126935318,1772356483,,10423,False
2026-03-01T12:11:30.826615+00:00,0x1d0034134e339a309700ff2d34e99fa2d48b0313,0x1d0034134e,btc,5m,btc-updown-5m-1772356200,DOWN,10.615263,0.8100000595180775,1772356483,,10423,False
2026-03-01T12:11:30.826615+00:00,0x1d0034134e339a309700ff2d34e99fa2d48b0313,0x1d0034134e,sol,5m,sol-updown-5m-1772356200,DOWN,0.125604,0.09,1772356483,,10423,False
2026-03-01T12:11:30.826615+00:00,0x1d0034134e339a309700ff2d34e99fa2d48b0313,0x1d0034134e,btc,5m,btc-updown-5m-1772356200,DOWN,36.918947,0.8100000162355663,1772356483,,10423,False
2026-03-01T12:11:30.826615+00:00,0x1d0034134e339a309700ff2d34e99fa2d48b0313,0x1d0034134e,btc,5m,btc-updown-5m-1772356200,DOWN,46.383157,0.8100000111764709,1772356483,,10423,False
2026-03-01T12:11:30.826615+00:00,0x1d0034134e339a309700ff2d34e99fa2d48b0313,0x1d0034134e,btc,5m,btc-updown-5m-1772356200,DOWN,4.263157,0.8100001216000438,1772356483,,10423,False
2026-03-01T12:11:30.826615+00:00,0x1d0034134e339a309700ff2d34e99fa2d48b0313,0x1d0034134e,btc,5m,btc-updown-5m-1772356200,DOWN,12.491052,0.8100000447440321,1772356483,,10423,False
2026-03-01T12:11:30.826615+00:00,0x1d0034134e339a309700ff2d34e99fa2d48b0313,0x1d0034134e,btc,5m,btc-updown-5m-1772356200,DOWN,40.926315,0.8100000130625005,1772356483,,10423,False
2026-03-01T12:11:30.826615+00:00,0x1d0034134e339a309700ff2d34e99fa2d48b0313,0x1d0034134e,btc,5m,btc-updown-5m-1772356200,DOWN,23.276842,0.8100000274908435,1772356483,,10423,False
2026-03-01T12:11:30.826615+00:00,0x1d0034134e339a309700ff2d34e99fa2d48b0313,0x1d0034134e,sol,5m,sol-updown-5m-1772356200,DOWN,4.5,0.09,1772356483,,10423,False
2026-03-01T12:11:30.826615+00:00,0x1d0034134e339a309700ff2d34e99fa2d48b0313,0x1d0034134e,sol,5m,sol-updown-5m-1772356200,DOWN,0.124615,0.09000000722224509,1772356483,,10423,False
2026-03-01T12:11:30.826615+00:00,0x1d0034134e339a309700ff2d34e99fa2d48b0313,0x1d0034134e,sol,5m,sol-updown-5m-1772356200,DOWN,0.124615,0.09000000722224509,1772356483,,10423,False
2026-03-01T12:11:30.826615+00:00,0x1d0034134e339a309700ff2d34e99fa2d48b0313,0x1d0034134e,btc,5m,btc-updown-5m-1772356200,DOWN,36.833684,0.8100000169328708,1772356483,,10423,False
2026-03-01T12:11:30.826615+00:00,0x1d0034134e339a309700ff2d34e99fa2d48b0313,0x1d0034134e,sol,5m,sol-updown-5m-1772356200,DOWN,0.45989,0.09000001565592045,1772356483,,10423,False
2026-03-01T12:11:30.826615+00:00,0x1d0034134e339a309700ff2d34e99fa2d48b0313,0x1d0034134e,btc,5m,btc-updown-5m-1772356200,DOWN,10.2708,0.81,1772356483,,10423,False
2026-03-01T12:11:30.826615+00:00,0x1d0034134e339a309700ff2d34e99fa2d48b0313,0x1d0034134e,sol,5m,sol-updown-5m-1772356200,DOWN,0.27,0.09,1772356483,,10423,False
2026-03-01T12:11:30.826615+00:00,0x1d0034134e339a309700ff2d34e99fa2d48b0313,0x1d0034134e,eth,5m,eth-updown-5m-1772356200,UP,18.75,0.75,1772356483,,10423,False
2026-03-01T12:11:30.826615+00:00,0x1d0034134e339a309700ff2d34e99fa2d48b0313,0x1d0034134e,eth,5m,eth-updown-5m-1772356200,UP,22.799998,0.7383807360853434,1772356483,,10423,False
2026-03-01T12:11:30.826615+00:00,0x1d0034134e339a309700ff2d34e99fa2d48b0313,0x1d0034134e,btc,5m,btc-updown-5m-1772356200,DOWN,14.449997,0.8299999971280271,1772356481,,10425,False
2026-03-01T12:11:30.826615+00:00,0x1d0034134e339a309700ff2d34e99fa2d48b0313,0x1d0034134e,eth,5m,eth-updown-5m-1772356200,UP,18.46,0.71,1772356481,,10425,False
2026-03-01T12:11:30.826615+00:00,0x1d0034134e339a309700ff2d34e99fa2d48b0313,0x1d0034134e,btc,15m,btc-updown-15m-1772355600,DOWN,10.658571,0.09000000050663452,1772356481,,10425,False
2026-03-01T12:11:30.826615+00:00,0x1d0034134e339a309700ff2d34e99fa2d48b0313,0x1d0034134e,btc,5m,btc-updown-5m-1772356200,DOWN,9.890526,0.8100000614224204,1772356481,,10425,False
2026-03-01T12:11:30.826615+00:00,0x1d0034134e339a309700ff2d34e99fa2d48b0313,0x1d0034134e,btc,5m,btc-updown-5m-1772356200,DOWN,25.706842,0.8100000248922065,1772356481,,10425,False
2026-03-01T12:11:30.826615+00:00,0x1d0034134e339a309700ff2d34e99fa2d48b0313,0x1d0034134e,btc,15m,btc-updown-15m-1772355600,DOWN,0.45,0.09,1772356481,,10425,False
2026-03-01T12:11:30.826615+00:00,0x1d0034134e339a309700ff2d34e99fa2d48b0313,0x1d0034134e,btc,5m,btc-updown-5m-1772356200,DOWN,5.926642,0.8100001079700926,1772356481,,10425,False
2026-03-01T12:11:30.826615+00:00,0x1d0034134e339a309700ff2d34e99fa2d48b0313,0x1d0034134e,btc,5m,btc-updown-5m-1772356200,DOWN,22.125789,0.810000026358383,1772356481,,10425,False
2026-03-01T12:11:30.826615+00:00,0x1d0034134e339a309700ff2d34e99fa2d48b0313,0x1d0034134e,sol,5m,sol-updown-5m-1772356200,DOWN,0.545934,0.09000000494565304,1772356481,,10425,False
2026-03-01T12:11:30.826615+00:00,0x1d0034134e339a309700ff2d34e99fa2d48b0313,0x1d0034134e,eth,5m,eth-updown-5m-1772356200,DOWN,3.6,0.318232044198895,1772356481,,10425,True
2026-03-01T12:11:30.826615+00:00,0x1d0034134e339a309700ff2d34e99fa2d48b0313,0x1d0034134e,btc,5m,btc-updown-5m-1772356200,DOWN,28.6923,0.8242545245619075,1772356481,,10425,False
2026-03-01T12:11:30.826615+00:00,0x1d0034134e339a309700ff2d34e99fa2d48b0313,0x1d0034134e,eth,5m,eth-updown-5m-1772356200,UP,29.149999,0.5338881142270784,1772356479,,10427,True
2026-03-01T12:11:30.826615+00:00,0x1d0034134e339a309700ff2d34e99fa2d48b0313,0x1d0034134e,btc,5m,btc-updown-5m-1772356200,UP,0.353763,0.07000000197872593,1772356479,,10427,True
2026-03-01T12:11:30.826615+00:00,0x1d0034134e339a309700ff2d34e99fa2d48b0313,0x1d0034134e,btc,5m,btc-updown-5m-1772356200,UP,15.053763,0.0700000000465,1772356479,,10427,True
2026-03-01T12:11:30.826615+00:00,0x1d0034134e339a309700ff2d34e99fa2d48b0313,0x1d0034134e,btc,5m,btc-updown-5m-1772356200,UP,1.3272,0.08,1772356479,,10427,True
2026-03-01T12:11:30.826615+00:00,0x1d0034134e339a309700ff2d34e99fa2d48b0313,0x1d0034134e,btc,5m,btc-updown-5m-1772356200,UP,8.465875,0.0700000002480547,1772356479,,10427,True
2026-03-01T12:11:30.826615+00:00,0x1d0034134e339a309700ff2d34e99fa2d48b0313,0x1d0034134e,btc,5m,btc-updown-5m-1772356200,UP,0.136236,0.07000002055257658,1772356479,,10427,True
2026-03-01T12:11:30.826615+00:00,0x1d0034134e339a309700ff2d34e99fa2d48b0313,0x1d0034134e,sol,5m,sol-updown-5m-1772356200,UP,15.36,0.8,1772356479,,10427,True
2026-03-01T12:11:30.826615+00:00,0x1d0034134e339a309700ff2d34e99fa2d48b0313,0x1d0034134e,btc,5m,btc-updown-5m-1772356200,UP,2.73,0.07,1772356479,,10427,True
2026-03-01T12:11:30.826615+00:00,0x1d0034134e339a309700ff2d34e99fa2d48b0313,0x1d0034134e,btc,5m,btc-updown-5m-1772356200,UP,10.0023,0.07,1772356479,,10427,True
2026-03-01T12:11:30.826615+00:00,0x1d0034134e339a309700ff2d34e99fa2d48b0313,0x1d0034134e,sol,5m,sol-updown-5m-1772356200,UP,21.6,0.8,1772356479,,10427,True
2026-03-01T12:11:30.826615+00:00,0x1d0034134e339a309700ff2d34e99fa2d48b0313,0x1d0034134e,eth,15m,eth-updown-15m-1772355600,UP,182.6132,0.98,1772356479,,10427,False
2026-03-01T12:11:30.826615+00:00,0xd0d6053c3c37e727402d84c14069780d360993aa,k9Q2mX4L8A7ZP3R,btc,5m,btc-updown-5m-1772367000,UP,20.0913,0.39394705882352943,1772367087,0.0,164,False
2026-03-01T12:11:30.826615+00:00,0xd0d6053c3c37e727402d84c14069780d360993aa,k9Q2mX4L8A7ZP3R,btc,15m,btc-updown-15m-1772366400,DOWN,0.0378,0.09,1772367085,0.0,162,False
2026-03-01T12:11:30.826615+00:00,0xd0d6053c3c37e727402d84c14069780d360993aa,k9Q2mX4L8A7ZP3R,btc,15m,btc-updown-15m-1772366400,DOWN,0.098901,0.09,1772367085,0.0,162,False
2026-03-01T12:11:30.826615+00:00,0xd0d6053c3c37e727402d84c14069780d360993aa,k9Q2mX4L8A7ZP3R,btc,15m,btc-updown-15m-1772366400,DOWN,7.7832,0.09,1772367085,0.0,162,False
2026-03-01T12:11:30.826615+00:00,0xd0d6053c3c37e727402d84c14069780d360993aa,k9Q2mX4L8A7ZP3R,btc,15m,btc-updown-15m-1772366400,DOWN,0.3087,0.09,1772367079,0.0,156,False
2026-03-01T12:11:30.826615+00:00,0xd0d6053c3c37e727402d84c14069780d360993aa,k9Q2mX4L8A7ZP3R,btc,15m,btc-updown-15m-1772366400,DOWN,0.54,0.09,1772367077,0.0,154,False
2026-03-01T12:11:30.826615+00:00,0xd0d6053c3c37e727402d84c14069780d360993aa,k9Q2mX4L8A7ZP3R,btc,15m,btc-updown-15m-1772366400,DOWN,7.160498,0.09000000100551667,1772367077,0.0,154,False
2026-03-01T12:11:30.826615+00:00,0xd0d6053c3c37e727402d84c14069780d360993aa,k9Q2mX4L8A7ZP3R,btc,15m,btc-updown-15m-1772366400,DOWN,0.54,0.09,1772367077,0.0,154,False
2026-03-01T12:11:30.826615+00:00,0xd0d6053c3c37e727402d84c14069780d360993aa,k9Q2mX4L8A7ZP3R,btc,15m,btc-updown-15m-1772366400,DOWN,0.323,0.1,1772367073,0.0,150,False
2026-03-01T12:11:30.826615+00:00,0xd0d6053c3c37e727402d84c14069780d360993aa,k9Q2mX4L8A7ZP3R,btc,15m,btc-updown-15m-1772366400,DOWN,9.077,0.1,1772367071,0.0,148,False
2026-03-01T12:11:30.826615+00:00,0xd0d6053c3c37e727402d84c14069780d360993aa,k9Q2mX4L8A7ZP3R,btc,5m,btc-updown-5m-1772367000,DOWN,26.52,0.52,1772367065,0.0,142,True
2026-03-01T12:11:30.826615+00:00,0xd0d6053c3c37e727402d84c14069780d360993aa,k9Q2mX4L8A7ZP3R,btc,5m,btc-updown-5m-1772367000,UP,8.867924,0.4700000100700008,1772367053,0.0,130,True
2026-03-01T12:11:30.826615+00:00,0xd0d6053c3c37e727402d84c14069780d360993aa,k9Q2mX4L8A7ZP3R,btc,5m,btc-updown-5m-1772367000,UP,23.46,0.46,1772367053,0.0,130,True
2026-03-01T12:11:30.826615+00:00,0xd0d6053c3c37e727402d84c14069780d360993aa,k9Q2mX4L8A7ZP3R,btc,5m,btc-updown-5m-1772367000,UP,4.433962,0.4700000349800047,1772367047,0.0,124,True
2026-03-01T12:11:30.826615+00:00,0xd0d6053c3c37e727402d84c14069780d360993aa,k9Q2mX4L8A7ZP3R,btc,5m,btc-updown-5m-1772367000,UP,22.95,0.45,1772367037,0.0,114,True
2026-03-01T12:11:30.826615+00:00,0xd0d6053c3c37e727402d84c14069780d360993aa,k9Q2mX4L8A7ZP3R,eth,15m,eth-updown-15m-1772366400,UP,12.7715,0.89,1772367033,-0.0,110,False
2026-03-01T12:11:30.826615+00:00,0xd0d6053c3c37e727402d84c14069780d360993aa,k9Q2mX4L8A7ZP3R,btc,5m,btc-updown-5m-1772367000,UP,23.97,0.47,1772367033,0.0,110,True
2026-03-01T12:11:30.826615+00:00,0xd0d6053c3c37e727402d84c14069780d360993aa,k9Q2mX4L8A7ZP3R,btc,5m,btc-updown-5m-1772367000,DOWN,1.344444,0.5500001431819028,1772367027,0.0,104,True
2026-03-01T12:11:30.826615+00:00,0xd0d6053c3c37e727402d84c14069780d360993aa,k9Q2mX4L8A7ZP3R,btc,5m,btc-updown-5m-1772367000,DOWN,5.6925,0.55,1772367027,0.0,104,True
2026-03-01T12:11:30.826615+00:00,0xd0d6053c3c37e727402d84c14069780d360993aa,k9Q2mX4L8A7ZP3R,btc,5m,btc-updown-5m-1772367000,DOWN,9.68,0.55,1772367027,0.0,104,True
2026-03-01T12:11:30.826615+00:00,0xd0d6053c3c37e727402d84c14069780d360993aa,k9Q2mX4L8A7ZP3R,btc,5m,btc-updown-5m-1772367000,DOWN,5.412,0.55,1772367027,0.0,104,True
2026-03-01T12:11:30.826615+00:00,0xd0d6053c3c37e727402d84c14069780d360993aa,k9Q2mX4L8A7ZP3R,btc,5m,btc-updown-5m-1772367000,DOWN,5.915555,0.550000027892566,1772367027,0.0,104,True
2026-03-01T12:11:30.826615+00:00,0xd0d6053c3c37e727402d84c14069780d360993aa,k9Q2mX4L8A7ZP3R,btc,5m,btc-updown-5m-1772367000,UP,22.44,0.44,1772367025,0.0,102,True
2026-03-01T12:11:30.826615+00:00,0xd0d6053c3c37e727402d84c14069780d360993aa,k9Q2mX4L8A7ZP3R,btc,5m,btc-updown-5m-1772367000,DOWN,28.56,0.56,1772367025,0.0,102,True
2026-03-01T12:11:30.826615+00:00,0xd0d6053c3c37e727402d84c14069780d360993aa,k9Q2mX4L8A7ZP3R,btc,5m,btc-updown-5m-1772367000,DOWN,28.56,0.56,1772367025,0.0,102,True
2026-03-01T12:11:30.826615+00:00,0xd0d6053c3c37e727402d84c14069780d360993aa,k9Q2mX4L8A7ZP3R,eth,15m,eth-updown-15m-1772366400,DOWN,2.3862,0.06,1772367025,-0.0,102,True
2026-03-01T12:11:30.826615+00:00,0xd0d6053c3c37e727402d84c14069780d360993aa,k9Q2mX4L8A7ZP3R,btc,5m,btc-updown-5m-1772367000,DOWN,28.56,0.56,1772367025,0.0,102,True
2026-03-01T12:11:30.826615+00:00,0xd0d6053c3c37e727402d84c14069780d360993aa,k9Q2mX4L8A7ZP3R,btc,5m,btc-updown-5m-1772367000,UP,11.2944,0.48,1772367023,0.0,100,True
2026-03-01T12:11:30.826615+00:00,0xd0d6053c3c37e727402d84c14069780d360993aa,k9Q2mX4L8A7ZP3R,btc,5m,btc-updown-5m-1772367000,UP,13.184861,0.480000007281078,1772367023,0.0,100,True
2026-03-01T12:11:30.826615+00:00,0xd0d6053c3c37e727402d84c14069780d360993aa,k9Q2mX4L8A7ZP3R,btc,5m,btc-updown-5m-1772367000,UP,24.99,0.49,1772367023,0.0,100,True
2026-03-01T12:11:30.826615+00:00,0xd0d6053c3c37e727402d84c14069780d360993aa,k9Q2mX4L8A7ZP3R,btc,15m,btc-updown-15m-1772366400,UP,51.039187,0.8400000125080365,1772367015,0.0,92,True
2026-03-01T12:11:30.826615+00:00,0xd0d6053c3c37e727402d84c14069780d360993aa,k9Q2mX4L8A7ZP3R,btc,15m,btc-updown-15m-1772366400,UP,10.827624,0.8400000372380882,1772367015,0.0,92,True
2026-03-01T12:11:30.826615+00:00,0xd0d6053c3c37e727402d84c14069780d360993aa,k9Q2mX4L8A7ZP3R,btc,5m,btc-updown-5m-1772367000,UP,25.5,0.5,1772367013,0.0,90,True
2026-03-01T12:11:30.826615+00:00,0xd0d6053c3c37e727402d84c14069780d360993aa,k9Q2mX4L8A7ZP3R,btc,15m,btc-updown-15m-1772366400,DOWN,3.532592,0.1900000048406384,1772366943,0.0,20,True
2026-03-01T12:11:30.826615+00:00,0xd0d6053c3c37e727402d84c14069780d360993aa,k9Q2mX4L8A7ZP3R,btc,15m,btc-updown-15m-1772366400,DOWN,5.151499,0.1697363868030568,1772366935,0.0,12,True
2026-03-01T12:11:30.826615+00:00,0xd0d6053c3c37e727402d84c14069780d360993aa,k9Q2mX4L8A7ZP3R,btc,5m,btc-updown-5m-1772366700,DOWN,3.06,0.06,1772366915,-0.0,0,False
2026-03-01T12:11:30.826615+00:00,0xd0d6053c3c37e727402d84c14069780d360993aa,k9Q2mX4L8A7ZP3R,btc,5m,btc-updown-5m-1772366700,DOWN,3.06,0.06,1772366913,-0.0,1,False
2026-03-01T12:11:30.826615+00:00,0x63ce342161250d705dc0b16df89036c8e5f9ba9a,0x8dxd,btc,5m,btc-updown-5m-1772367000,UP,2.3,0.46,1772367035,0.0,112,False
2026-03-01T12:11:30.826615+00:00,0x63ce342161250d705dc0b16df89036c8e5f9ba9a,0x8dxd,btc,5m,btc-updown-5m-1772367000,UP,9.2,0.46,1772367035,0.0,112,False
2026-03-01T12:11:30.826615+00:00,0x63ce342161250d705dc0b16df89036c8e5f9ba9a,0x8dxd,btc,5m,btc-updown-5m-1772367000,UP,1.6284,0.46,1772367035,0.0,112,False
2026-03-01T12:11:30.826615+00:00,0x63ce342161250d705dc0b16df89036c8e5f9ba9a,0x8dxd,btc,5m,btc-updown-5m-1772367000,UP,2.3,0.46,1772367035,0.0,112,False
2026-03-01T12:11:30.826615+00:00,0x63ce342161250d705dc0b16df89036c8e5f9ba9a,0x8dxd,btc,5m,btc-updown-5m-1772366700,DOWN,6.66,0.06,1772366915,-0.0,0,False
2026-03-01T12:11:30.826615+00:00,0x63ce342161250d705dc0b16df89036c8e5f9ba9a,0x8dxd,btc,15m,btc-updown-15m-1772366400,UP,19.3404,0.71,1772366873,0.0,33,False
2026-03-01T12:11:30.826615+00:00,0x63ce342161250d705dc0b16df89036c8e5f9ba9a,0x8dxd,btc,5m,btc-updown-5m-1772366700,DOWN,0.4092,0.31,1772366851,-0.0,55,False
2026-03-01T12:11:30.826615+00:00,0x63ce342161250d705dc0b16df89036c8e5f9ba9a,0x8dxd,btc,5m,btc-updown-5m-1772366700,DOWN,12.5705,0.31,1772366851,-0.0,55,False
2026-03-01T12:11:30.826615+00:00,0x63ce342161250d705dc0b16df89036c8e5f9ba9a,0x8dxd,btc,5m,btc-updown-5m-1772366700,DOWN,4.492753,0.31000001311000236,1772366851,-0.0,55,False
2026-03-01T12:11:30.826615+00:00,0x63ce342161250d705dc0b16df89036c8e5f9ba9a,0x8dxd,btc,5m,btc-updown-5m-1772366700,DOWN,0.0062,0.31,1772366851,-0.0,55,False
2026-03-01T12:11:30.826615+00:00,0x63ce342161250d705dc0b16df89036c8e5f9ba9a,0x8dxd,btc,5m,btc-updown-5m-1772366700,DOWN,11.222898,0.31000000662930394,1772366851,-0.0,55,False
2026-03-01T12:11:30.826615+00:00,0x63ce342161250d705dc0b16df89036c8e5f9ba9a,0x8dxd,btc,5m,btc-updown-5m-1772366700,DOWN,0.449275,0.3100000414000389,1772366851,-0.0,55,False
2026-03-01T12:11:30.826615+00:00,0x63ce342161250d705dc0b16df89036c8e5f9ba9a,0x8dxd,btc,5m,btc-updown-5m-1772366700,DOWN,0.992898,0.3100000749321864,1772366851,-0.0,55,False
2026-03-01T12:11:30.826615+00:00,0x63ce342161250d705dc0b16df89036c8e5f9ba9a,0x8dxd,btc,5m,btc-updown-5m-1772366700,DOWN,4.2594,0.31,1772366851,-0.0,55,False
2026-03-01T12:11:30.826615+00:00,0x63ce342161250d705dc0b16df89036c8e5f9ba9a,0x8dxd,btc,5m,btc-updown-5m-1772366700,DOWN,34.01649999999999,0.31,1772366837,-0.0,69,False
2026-03-01T12:11:30.826615+00:00,0x63ce342161250d705dc0b16df89036c8e5f9ba9a,0x8dxd,btc,5m,btc-updown-5m-1772366700,DOWN,26.3048,0.3,1772366837,-0.0,69,False
2026-03-01T12:11:30.826615+00:00,0x63ce342161250d705dc0b16df89036c8e5f9ba9a,0x8dxd,btc,5m,btc-updown-5m-1772366700,DOWN,2.04,0.34,1772366837,-0.0,69,False
2026-03-01T12:11:30.826615+00:00,0x63ce342161250d705dc0b16df89036c8e5f9ba9a,0x8dxd,btc,5m,btc-updown-5m-1772366700,DOWN,4.4642,0.34,1772366837,-0.0,69,False
2026-03-01T12:11:30.826615+00:00,0x63ce342161250d705dc0b16df89036c8e5f9ba9a,0x8dxd,btc,5m,btc-updown-5m-1772366700,DOWN,21.4596,0.36,1772366837,-0.0,69,False
2026-03-01T12:11:30.826615+00:00,0x63ce342161250d705dc0b16df89036c8e5f9ba9a,0x8dxd,btc,5m,btc-updown-5m-1772366700,DOWN,5.535799,0.3599999635824965,1772366837,-0.0,69,False
2026-03-01T12:11:30.826615+00:00,0x63ce342161250d705dc0b16df89036c8e5f9ba9a,0x8dxd,btc,5m,btc-updown-5m-1772366700,DOWN,4.999999,0.35999997695999686,1772366837,-0.0,69,False
2026-03-01T12:11:30.826615+00:00,0x63ce342161250d705dc0b16df89036c8e5f9ba9a,0x8dxd,btc,5m,btc-updown-5m-1772366700,DOWN,2.559999,0.35999991562498684,1772366837,-0.0,69,False
2026-03-01T12:11:30.826615+00:00,0x63ce342161250d705dc0b16df89036c8e5f9ba9a,0x8dxd,btc,5m,btc-updown-5m-1772366700,DOWN,6.7456,0.34,1772366837,-0.0,69,False
2026-03-01T12:11:30.826615+00:00,0x63ce342161250d705dc0b16df89036c8e5f9ba9a,0x8dxd,btc,5m,btc-updown-5m-1772366700,DOWN,23.0808,0.34,1772366835,-0.0,71,False
2026-03-01T12:11:30.826615+00:00,0x63ce342161250d705dc0b16df89036c8e5f9ba9a,0x8dxd,btc,5m,btc-updown-5m-1772366700,DOWN,42.8465,0.39156036036036035,1772366835,-0.0,71,False
2026-03-01T12:11:30.826615+00:00,0x63ce342161250d705dc0b16df89036c8e5f9ba9a,0x8dxd,btc,5m,btc-updown-5m-1772366700,DOWN,36.1824,0.33,1772366835,-0.0,71,False
2026-03-01T12:11:30.826615+00:00,0x63ce342161250d705dc0b16df89036c8e5f9ba9a,0x8dxd,btc,5m,btc-updown-5m-1772366700,DOWN,38.3474,0.35,1772366835,-0.0,71,False
2026-03-01T12:11:30.826615+00:00,0x63ce342161250d705dc0b16df89036c8e5f9ba9a,0x8dxd,btc,5m,btc-updown-5m-1772366700,DOWN,2.5824,0.29,1772366835,-0.0,71,False
2026-03-01T12:11:30.826615+00:00,0x63ce342161250d705dc0b16df89036c8e5f9ba9a,0x8dxd,btc,5m,btc-updown-5m-1772366700,DOWN,32.5003,0.32,1772366835,-0.0,71,False
2026-03-01T12:11:30.826615+00:00,0x63ce342161250d705dc0b16df89036c8e5f9ba9a,0x8dxd,btc,5m,btc-updown-5m-1772366700,DOWN,1.1152,0.34,1772366835,-0.0,71,False
2026-03-01T12:11:30.826615+00:00,0x63ce342161250d705dc0b16df89036c8e5f9ba9a,0x8dxd,btc,5m,btc-updown-5m-1772366700,DOWN,6.84,0.36,1772366835,-0.0,71,False
2026-03-01T12:11:30.826615+00:00,0x63ce342161250d705dc0b16df89036c8e5f9ba9a,0x8dxd,btc,5m,btc-updown-5m-1772366700,DOWN,0.41,0.41,1772366835,-0.0,71,False
2026-03-01T12:11:30.826615+00:00,0x63ce342161250d705dc0b16df89036c8e5f9ba9a,0x8dxd,btc,5m,btc-updown-5m-1772366700,DOWN,1.8,0.36,1772366835,-0.0,71,False
2026-03-01T12:11:30.826615+00:00,0x63ce342161250d705dc0b16df89036c8e5f9ba9a,0x8dxd,btc,5m,btc-updown-5m-1772366700,DOWN,1.8,0.36,1772366835,-0.0,71,False
2026-03-01T12:11:30.826615+00:00,0x63ce342161250d705dc0b16df89036c8e5f9ba9a,0x8dxd,btc,5m,btc-updown-5m-1772366700,DOWN,18.36,0.36,1772366835,-0.0,71,False
2026-03-01T12:11:30.826615+00:00,0x63ce342161250d705dc0b16df89036c8e5f9ba9a,0x8dxd,btc,5m,btc-updown-5m-1772366700,DOWN,1.95,0.39,1772366835,-0.0,71,False
2026-03-01T12:11:30.826615+00:00,0x63ce342161250d705dc0b16df89036c8e5f9ba9a,0x8dxd,btc,5m,btc-updown-5m-1772366700,DOWN,1.8,0.36,1772366835,-0.0,71,False
2026-03-01T12:11:30.826615+00:00,0x63ce342161250d705dc0b16df89036c8e5f9ba9a,0x8dxd,btc,5m,btc-updown-5m-1772366700,DOWN,1.95,0.39,1772366835,-0.0,71,False
2026-03-01T12:11:30.826615+00:00,0x63ce342161250d705dc0b16df89036c8e5f9ba9a,0x8dxd,btc,5m,btc-updown-5m-1772366700,DOWN,1.95,0.39,1772366835,-0.0,71,False
2026-03-01T12:11:30.826615+00:00,0x63ce342161250d705dc0b16df89036c8e5f9ba9a,0x8dxd,btc,5m,btc-updown-5m-1772366700,DOWN,1.44,0.36,1772366835,-0.0,71,False
2026-03-01T12:11:30.826615+00:00,0x63ce342161250d705dc0b16df89036c8e5f9ba9a,0x8dxd,btc,5m,btc-updown-5m-1772366700,DOWN,13.32,0.36,1772366835,-0.0,71,False
2026-03-01T12:11:30.826615+00:00,0x63ce342161250d705dc0b16df89036c8e5f9ba9a,0x8dxd,btc,5m,btc-updown-5m-1772366700,DOWN,5.07,0.39,1772366835,-0.0,71,False
2026-03-01T12:11:30.826615+00:00,0x63ce342161250d705dc0b16df89036c8e5f9ba9a,0x8dxd,btc,5m,btc-updown-5m-1772366700,UP,28.415388,0.49000000638034585,1772366817,-0.0,89,True
2026-03-01T12:11:30.826615+00:00,0x63ce342161250d705dc0b16df89036c8e5f9ba9a,0x8dxd,btc,5m,btc-updown-5m-1772366700,UP,54.39,0.49,1772366801,-0.0,105,True
2026-03-01T12:11:30.826615+00:00,0x63ce342161250d705dc0b16df89036c8e5f9ba9a,0x8dxd,btc,5m,btc-updown-5m-1772366700,DOWN,5.1,0.51,1772366789,-0.0,117,True
2026-03-01T12:11:30.826615+00:00,0x63ce342161250d705dc0b16df89036c8e5f9ba9a,0x8dxd,btc,5m,btc-updown-5m-1772366700,DOWN,48.84,0.44,1772366787,-0.0,119,True
2026-03-01T12:11:30.826615+00:00,0x63ce342161250d705dc0b16df89036c8e5f9ba9a,0x8dxd,btc,5m,btc-updown-5m-1772366700,DOWN,0.960784,0.4900001683001128,1772366787,-0.0,119,True
2026-03-01T12:11:30.826615+00:00,0xf6963d4cdbb6f26d753bda303e9513132afb1b7d,rename,sol,15m,sol-updown-15m-1772366400,DOWN,1.239999,0.20999989838706398,1772367087,-0.005,164,False
2026-03-01T12:11:30.826615+00:00,0xf6963d4cdbb6f26d753bda303e9513132afb1b7d,rename,sol,15m,sol-updown-15m-1772366400,DOWN,1.52,0.23301447142506745,1772367087,-0.005,164,False
2026-03-01T12:11:30.826615+00:00,0xf6963d4cdbb6f26d753bda303e9513132afb1b7d,rename,sol,15m,sol-updown-15m-1772366400,DOWN,1.149999,0.21348395536733475,1772367033,-0.005,110,False
2026-03-01T12:11:30.826615+00:00,0xf6963d4cdbb6f26d753bda303e9513132afb1b7d,rename,btc,5m,btc-updown-5m-1772367000,UP,9.8955,0.45,1772367033,0.0,110,False
2026-03-01T12:11:30.826615+00:00,0xf6963d4cdbb6f26d753bda303e9513132afb1b7d,rename,btc,5m,btc-updown-5m-1772367000,UP,15.439999,0.4399999851813467,1772367033,0.0,110,False
2026-03-01T12:11:30.826615+00:00,0xf6963d4cdbb6f26d753bda303e9513132afb1b7d,rename,btc,5m,btc-updown-5m-1772367000,UP,10.679999,0.4499999831460665,1772367033,0.0,110,False
2026-03-01T12:11:30.826615+00:00,0xf6963d4cdbb6f26d753bda303e9513132afb1b7d,rename,btc,5m,btc-updown-5m-1772367000,UP,3.719999,0.4599999629032188,1772367033,0.0,110,False
2026-03-01T12:11:30.826615+00:00,0xf6963d4cdbb6f26d753bda303e9513132afb1b7d,rename,btc,5m,btc-updown-5m-1772367000,DOWN,4.359999,0.5299999489449473,1772367025,0.0,102,True
2026-03-01T12:11:30.826615+00:00,0xf6963d4cdbb6f26d753bda303e9513132afb1b7d,rename,sol,15m,sol-updown-15m-1772366400,DOWN,0.9,0.18,1772367025,-0.005,102,False
2026-03-01T12:11:30.826615+00:00,0xf6963d4cdbb6f26d753bda303e9513132afb1b7d,rename,sol,15m,sol-updown-15m-1772366400,DOWN,3.329999,0.13999996552552366,1772367023,-0.005,100,False
2026-03-01T12:11:30.826615+00:00,0xf6963d4cdbb6f26d753bda303e9513132afb1b7d,rename,sol,15m,sol-updown-15m-1772366400,DOWN,0.65,0.13,1772367011,-0.005,88,False
2026-03-01T12:11:30.826615+00:00,0xf6963d4cdbb6f26d753bda303e9513132afb1b7d,rename,sol,15m,sol-updown-15m-1772366400,DOWN,3.84,0.15,1772366997,-0.005,74,False
2026-03-01T12:11:30.826615+00:00,0xf6963d4cdbb6f26d753bda303e9513132afb1b7d,rename,btc,5m,btc-updown-5m-1772366700,UP,14.449996,0.88,1772366901,-0.0,5,False
2026-03-01T12:11:30.826615+00:00,0xf6963d4cdbb6f26d753bda303e9513132afb1b7d,rename,btc,5m,btc-updown-5m-1772366700,UP,4.769995,0.8899999906708499,1772366901,-0.0,5,False
2026-03-01T12:11:30.826615+00:00,0xf6963d4cdbb6f26d753bda303e9513132afb1b7d,rename,btc,5m,btc-updown-5m-1772366700,UP,5.329999,0.8899999883114426,1772366901,-0.0,5,False
2026-03-01T12:11:30.826615+00:00,0xf6963d4cdbb6f26d753bda303e9513132afb1b7d,rename,btc,5m,btc-updown-5m-1772366700,UP,5.449995,0.8899999836697101,1772366901,-0.0,5,False
2026-03-01T12:11:30.826615+00:00,0xf6963d4cdbb6f26d753bda303e9513132afb1b7d,rename,btc,5m,btc-updown-5m-1772366700,UP,111.379996,0.8699999993751122,1772366901,-0.0,5,False
2026-03-01T12:11:30.826615+00:00,0xf6963d4cdbb6f26d753bda303e9513132afb1b7d,rename,btc,5m,btc-updown-5m-1772366700,UP,5.519996,0.8499999923007191,1772366901,-0.0,5,False
2026-03-01T12:11:30.826615+00:00,0xf6963d4cdbb6f26d753bda303e9513132afb1b7d,rename,btc,5m,btc-updown-5m-1772366700,UP,6.739994,0.8899999960385722,1772366901,-0.0,5,False
2026-03-01T12:11:30.826615+00:00,0xf6963d4cdbb6f26d753bda303e9513132afb1b7d,rename,btc,5m,btc-updown-5m-1772366700,UP,12.929992,0.8899999938051006,1772366901,-0.0,5,False
2026-03-01T12:11:30.826615+00:00,0xf6963d4cdbb6f26d753bda303e9513132afb1b7d,rename,btc,5m,btc-updown-5m-1772366700,UP,16.069993,0.889999995569382,1772366901,-0.0,5,False
2026-03-01T12:11:30.826615+00:00,0xf6963d4cdbb6f26d753bda303e9513132afb1b7d,rename,btc,5m,btc-updown-5m-1772366700,UP,22.308,0.78,1772366899,-0.0,7,False
2026-03-01T12:11:30.826615+00:00,0xf6963d4cdbb6f26d753bda303e9513132afb1b7d,rename,btc,5m,btc-updown-5m-1772366700,UP,13.36,0.8,1772366899,-0.0,7,False
2026-03-01T12:11:30.826615+00:00,0xf6963d4cdbb6f26d753bda303e9513132afb1b7d,rename,sol,15m,sol-updown-15m-1772366400,UP,7.059999,0.75,1772366899,0.005,7,True
2026-03-01T12:11:30.826615+00:00,0xf6963d4cdbb6f26d753bda303e9513132afb1b7d,rename,btc,5m,btc-updown-5m-1772366700,UP,23.8812,0.84,1772366899,-0.0,7,False
2026-03-01T12:11:30.826615+00:00,0xf6963d4cdbb6f26d753bda303e9513132afb1b7d,rename,btc,5m,btc-updown-5m-1772366700,UP,19.82,0.8,1772366899,-0.0,7,False
2026-03-01T12:11:30.826615+00:00,0xf6963d4cdbb6f26d753bda303e9513132afb1b7d,rename,btc,5m,btc-updown-5m-1772366700,UP,29.229996,0.7799999967978101,1772366897,-0.0,9,False
2026-03-01T12:11:30.826615+00:00,0xf6963d4cdbb6f26d753bda303e9513132afb1b7d,rename,btc,5m,btc-updown-5m-1772366700,UP,36.6768,0.81,1772366897,-0.0,9,False
2026-03-01T12:11:30.826615+00:00,0xf6963d4cdbb6f26d753bda303e9513132afb1b7d,rename,btc,5m,btc-updown-5m-1772366700,UP,20.62,0.8,1772366897,-0.0,9,False
2026-03-01T12:11:30.826615+00:00,0xf6963d4cdbb6f26d753bda303e9513132afb1b7d,rename,btc,5m,btc-updown-5m-1772366700,UP,27.5702,0.7856996295240809,1772366897,-0.0,9,False
2026-03-01T12:11:30.826615+00:00,0xf6963d4cdbb6f26d753bda303e9513132afb1b7d,rename,btc,5m,btc-updown-5m-1772366700,UP,19.569997,0.7799999920286141,1772366897,-0.0,9,False
2026-03-01T12:11:30.826615+00:00,0xf6963d4cdbb6f26d753bda303e9513132afb1b7d,rename,btc,5m,btc-updown-5m-1772366700,UP,10.379999,0.7399999828901721,1772366885,-0.0,21,False
2026-03-01T12:11:30.826615+00:00,0xf6963d4cdbb6f26d753bda303e9513132afb1b7d,rename,btc,5m,btc-updown-5m-1772366700,UP,30.779998,0.7299999796036379,1772366885,-0.0,21,False
2026-03-01T12:11:30.826615+00:00,0xf6963d4cdbb6f26d753bda303e9513132afb1b7d,rename,btc,5m,btc-updown-5m-1772366700,UP,24.409998,0.75,1772366879,-0.0,27,False
2026-03-01T12:11:30.826615+00:00,0xf6963d4cdbb6f26d753bda303e9513132afb1b7d,rename,btc,5m,btc-updown-5m-1772366700,UP,60.049997,0.7299999987843463,1772366863,-0.0,43,False
2026-03-01T12:11:30.826615+00:00,0xf6963d4cdbb6f26d753bda303e9513132afb1b7d,rename,btc,5m,btc-updown-5m-1772366700,UP,10.189997,0.6899999810402304,1772366857,-0.0,49,False
2026-03-01T12:11:30.826615+00:00,0xf6963d4cdbb6f26d753bda303e9513132afb1b7d,rename,btc,5m,btc-updown-5m-1772366700,UP,0.1587,0.69,1772366857,-0.0,49,False
2026-03-01T12:11:30.826615+00:00,0xf6963d4cdbb6f26d753bda303e9513132afb1b7d,rename,btc,5m,btc-updown-5m-1772366700,UP,21.609998,0.7599999971864875,1772366849,-0.0,57,False
2026-03-01T12:11:30.826615+00:00,0xf6963d4cdbb6f26d753bda303e9513132afb1b7d,rename,btc,5m,btc-updown-5m-1772366700,UP,28.549999,0.7699999954150611,1772366843,-0.0,63,False
2026-03-01T12:11:30.826615+00:00,0xf6963d4cdbb6f26d753bda303e9513132afb1b7d,rename,btc,5m,btc-updown-5m-1772366700,UP,5.88,0.75,1772366841,-0.0,65,False
2026-03-01T12:11:30.826615+00:00,0xf6963d4cdbb6f26d753bda303e9513132afb1b7d,rename,btc,5m,btc-updown-5m-1772366700,UP,24.3,0.75,1772366841,-0.0,65,False
2026-03-01T12:11:30.826615+00:00,0x571c285a83eba5322b5f916ba681669dc368a61f,dustedfloor,btc,5m,btc-updown-5m-1772367000,DOWN,42.399999,0.6299999973254716,1772367089,0.0,166,False
2026-03-01T12:11:30.826615+00:00,0x571c285a83eba5322b5f916ba681669dc368a61f,dustedfloor,eth,5m,eth-updown-5m-1772367000,DOWN,3.449998,0.6699999669854897,1772367087,0.0,164,False
2026-03-01T12:11:30.826615+00:00,0x571c285a83eba5322b5f916ba681669dc368a61f,dustedfloor,eth,5m,eth-updown-5m-1772367000,DOWN,3.15,0.63,1772367087,0.0,164,False
2026-03-01T12:11:30.826615+00:00,0x571c285a83eba5322b5f916ba681669dc368a61f,dustedfloor,eth,5m,eth-updown-5m-1772367000,DOWN,3.769998,0.6699999626790274,1772367087,0.0,164,False
2026-03-01T12:11:30.826615+00:00,0x571c285a83eba5322b5f916ba681669dc368a61f,dustedfloor,eth,5m,eth-updown-5m-1772367000,DOWN,4.289999,0.6699999562703889,1772367087,0.0,164,False
2026-03-01T12:11:30.826615+00:00,0x571c285a83eba5322b5f916ba681669dc368a61f,dustedfloor,eth,5m,eth-updown-5m-1772367000,DOWN,9.239998,0.6699999898484829,1772367087,0.0,164,False
2026-03-01T12:11:30.826615+00:00,0x571c285a83eba5322b5f916ba681669dc368a61f,dustedfloor,eth,5m,eth-updown-5m-1772367000,DOWN,6.009999,0.6699999821630591,1772367087,0.0,164,False
2026-03-01T12:11:30.826615+00:00,0x571c285a83eba5322b5f916ba681669dc368a61f,dustedfloor,eth,5m,eth-updown-5m-1772367000,DOWN,3.859998,0.5699999424093024,1772367061,0.0,138,False
2026-03-01T12:11:30.826615+00:00,0x571c285a83eba5322b5f916ba681669dc368a61f,dustedfloor,btc,5m,btc-updown-5m-1772367000,UP,8.119999,0.4399999804926093,1772367033,0.0,110,True
2026-03-01T12:11:30.826615+00:00,0x571c285a83eba5322b5f916ba681669dc368a61f,dustedfloor,btc,5m,btc-updown-5m-1772367000,UP,5.519999,0.44999997961956245,1772367033,0.0,110,True
2026-03-01T12:11:30.826615+00:00,0x571c285a83eba5322b5f916ba681669dc368a61f,dustedfloor,eth,5m,eth-updown-5m-1772367000,DOWN,5.819998,0.6199999701718125,1772367033,0.0,110,False
2026-03-01T12:11:30.826615+00:00,0x571c285a83eba5322b5f916ba681669dc368a61f,dustedfloor,eth,5m,eth-updown-5m-1772367000,DOWN,0.7254,0.62,1772367033,0.0,110,False
2026-03-01T12:11:30.826615+00:00,0x571c285a83eba5322b5f916ba681669dc368a61f,dustedfloor,btc,5m,btc-updown-5m-1772367000,UP,6.49,0.44,1772367033,0.0,110,True
2026-03-01T12:11:30.826615+00:00,0x571c285a83eba5322b5f916ba681669dc368a61f,dustedfloor,eth,5m,eth-updown-5m-1772367000,DOWN,4.72,0.59,1772367025,0.0,102,False
2026-03-01T12:11:30.826615+00:00,0x571c285a83eba5322b5f916ba681669dc368a61f,dustedfloor,eth,5m,eth-updown-5m-1772367000,DOWN,6.49,0.59,1772367025,0.0,102,False
2026-03-01T12:11:30.826615+00:00,0x571c285a83eba5322b5f916ba681669dc368a61f,dustedfloor,btc,5m,btc-updown-5m-1772367000,DOWN,2.491,0.53,1772367025,0.0,102,True
2026-03-01T12:11:30.826615+00:00,0x571c285a83eba5322b5f916ba681669dc368a61f,dustedfloor,btc,5m,btc-updown-5m-1772366700,UP,20.339999,0.8995577395360068,1772366903,-0.0,3,False
2026-03-01T12:11:30.826615+00:00,0x571c285a83eba5322b5f916ba681669dc368a61f,dustedfloor,btc,5m,btc-updown-5m-1772366700,UP,35.899994,0.892797929703218,1772366903,-0.0,3,False
2026-03-01T12:11:30.826615+00:00,0x571c285a83eba5322b5f916ba681669dc368a61f,dustedfloor,btc,5m,btc-updown-5m-1772366700,UP,10.749994,0.8899999958604629,1772366901,-0.0,5,False
2026-03-01T12:11:30.826615+00:00,0x571c285a83eba5322b5f916ba681669dc368a61f,dustedfloor,btc,5m,btc-updown-5m-1772366700,UP,4.619998,0.8899999980735922,1772366901,-0.0,5,False
2026-03-01T12:11:30.826615+00:00,0x571c285a83eba5322b5f916ba681669dc368a61f,dustedfloor,btc,5m,btc-updown-5m-1772366700,UP,6.119996,0.8799999884967247,1772366901,-0.0,5,False
2026-03-01T12:11:30.826615+00:00,0x571c285a83eba5322b5f916ba681669dc368a61f,dustedfloor,btc,5m,btc-updown-5m-1772366700,UP,9.349992,0.8899999990481275,1772366901,-0.0,5,False
2026-03-01T12:11:30.826615+00:00,0x571c285a83eba5322b5f916ba681669dc368a61f,dustedfloor,btc,5m,btc-updown-5m-1772366700,UP,11.239998,0.8779708558928532,1772366901,-0.0,5,False
2026-03-01T12:11:30.826615+00:00,0x571c285a83eba5322b5f916ba681669dc368a61f,dustedfloor,btc,5m,btc-updown-5m-1772366700,UP,6.539994,0.9,1772366901,-0.0,5,False
2026-03-01T12:11:30.826615+00:00,0x571c285a83eba5322b5f916ba681669dc368a61f,dustedfloor,btc,5m,btc-updown-5m-1772366700,UP,57.559995,0.9,1772366901,-0.0,5,False
2026-03-01T12:11:30.826615+00:00,0x571c285a83eba5322b5f916ba681669dc368a61f,dustedfloor,btc,5m,btc-updown-5m-1772366700,UP,66.089994,0.8799999989347858,1772366901,-0.0,5,False
2026-03-01T12:11:30.826615+00:00,0x571c285a83eba5322b5f916ba681669dc368a61f,dustedfloor,btc,5m,btc-updown-5m-1772366700,UP,7.419994,0.889999990404305,1772366901,-0.0,5,False
2026-03-01T12:11:30.826615+00:00,0x571c285a83eba5322b5f916ba681669dc368a61f,dustedfloor,btc,5m,btc-updown-5m-1772366700,UP,35.989995,0.8962645263232604,1772366901,-0.0,5,False
2026-03-01T12:11:30.826615+00:00,0x571c285a83eba5322b5f916ba681669dc368a61f,dustedfloor,btc,5m,btc-updown-5m-1772366700,UP,17.559999,0.889999997972665,1772366901,-0.0,5,False
2026-03-01T12:11:30.826615+00:00,0x571c285a83eba5322b5f916ba681669dc368a61f,dustedfloor,btc,5m,btc-updown-5m-1772366700,UP,11.8,0.8,1772366899,-0.0,7,False
2026-03-01T12:11:30.826615+00:00,0x571c285a83eba5322b5f916ba681669dc368a61f,dustedfloor,btc,5m,btc-updown-5m-1772366700,UP,42.99,0.8,1772366899,-0.0,7,False
2026-03-01T12:11:30.826615+00:00,0x571c285a83eba5322b5f916ba681669dc368a61f,dustedfloor,btc,5m,btc-updown-5m-1772366700,UP,18.999996,0.8399999946947357,1772366899,-0.0,7,False
2026-03-01T12:11:30.826615+00:00,0x571c285a83eba5322b5f916ba681669dc368a61f,dustedfloor,btc,5m,btc-updown-5m-1772366700,UP,17.419998,0.7799999919402977,1772366897,-0.0,9,False
2026-03-01T12:11:30.826615+00:00,0x571c285a83eba5322b5f916ba681669dc368a61f,dustedfloor,btc,5m,btc-updown-5m-1772366700,UP,13.38,0.8,1772366897,-0.0,9,False
2026-03-01T12:11:30.826615+00:00,0x571c285a83eba5322b5f916ba681669dc368a61f,dustedfloor,btc,5m,btc-updown-5m-1772366700,UP,8.2,0.82,1772366897,-0.0,9,False
2026-03-01T12:11:30.826615+00:00,0x571c285a83eba5322b5f916ba681669dc368a61f,dustedfloor,btc,5m,btc-updown-5m-1772366700,UP,6.96,0.8,1772366897,-0.0,9,False
2026-03-01T12:11:30.826615+00:00,0x571c285a83eba5322b5f916ba681669dc368a61f,dustedfloor,btc,5m,btc-updown-5m-1772366700,UP,9.969999,0.7299999934102301,1772366885,-0.0,21,False
2026-03-01T12:11:30.826615+00:00,0x571c285a83eba5322b5f916ba681669dc368a61f,dustedfloor,btc,5m,btc-updown-5m-1772366700,UP,5.5796,0.74,1772366885,-0.0,21,False
2026-03-01T12:11:30.826615+00:00,0x571c285a83eba5322b5f916ba681669dc368a61f,dustedfloor,btc,5m,btc-updown-5m-1772366700,UP,24.779998,0.7299999944027438,1772366885,-0.0,21,False
2026-03-01T12:11:30.826615+00:00,0x571c285a83eba5322b5f916ba681669dc368a61f,dustedfloor,btc,5m,btc-updown-5m-1772366700,UP,49.779999,0.75,1772366841,-0.0,65,False
2026-03-01T12:11:30.826615+00:00,0x571c285a83eba5322b5f916ba681669dc368a61f,dustedfloor,btc,5m,btc-updown-5m-1772366700,UP,5.029996,0.7799999782902418,1772366841,-0.0,65,False
2026-03-01T12:11:30.826615+00:00,0x571c285a83eba5322b5f916ba681669dc368a61f,dustedfloor,btc,5m,btc-updown-5m-1772366700,UP,13.68,0.75,1772366841,-0.0,65,False
2026-03-01T12:11:30.826615+00:00,0x571c285a83eba5322b5f916ba681669dc368a61f,dustedfloor,btc,5m,btc-updown-5m-1772366700,UP,14.099998,0.7099999682765926,1772366837,-0.0,69,False
2026-03-01T12:11:30.826615+00:00,0x571c285a83eba5322b5f916ba681669dc368a61f,dustedfloor,btc,5m,btc-updown-5m-1772366700,UP,26.799999,0.7199999967761193,1772366837,-0.0,69,False
2026-03-01T12:11:30.826615+00:00,0x571c285a83eba5322b5f916ba681669dc368a61f,dustedfloor,btc,5m,btc-updown-5m-1772366700,UP,13.499998,0.709999951088885,1772366837,-0.0,69,False
2026-03-01T12:11:30.826615+00:00,0x571c285a83eba5322b5f916ba681669dc368a61f,dustedfloor,btc,5m,btc-updown-5m-1772366700,UP,9.349999,0.7099999825347579,1772366837,-0.0,69,False
2026-03-01T12:11:30.826615+00:00,0x571c285a83eba5322b5f916ba681669dc368a61f,dustedfloor,btc,5m,btc-updown-5m-1772366700,UP,10.17,0.72,1772366835,-0.0,71,False
2026-03-01T12:11:30.826615+00:00,0x571c285a83eba5322b5f916ba681669dc368a61f,dustedfloor,eth,5m,eth-updown-5m-1772366700,UP,5.229998,0.8699999933460778,1772366835,0.0,71,False
2026-03-01T12:11:30.826615+00:00,0x571c285a83eba5322b5f916ba681669dc368a61f,dustedfloor,btc,5m,btc-updown-5m-1772366700,UP,11.849998,0.7099999586582233,1772366835,-0.0,71,False
2026-03-01T12:11:30.826615+00:00,0x571c285a83eba5322b5f916ba681669dc368a61f,dustedfloor,eth,5m,eth-updown-5m-1772366700,UP,4.469997,0.76,1772366833,0.0,73,False
2026-03-01T12:11:30.826615+00:00,0x336151559e8c8b048de5231dc8313e196b314363,0x336151559E8C8b048DE5231dC8313E196B31436,btc,15m,btc-updown-15m-1772365500,UP,15494.49,0.999,1772366411,,495,False
2026-03-01T12:11:30.826615+00:00,0x336151559e8c8b048de5231dc8313e196b314363,0x336151559E8C8b048DE5231dC8313E196B31436,btc,5m,btc-updown-5m-1772362500,DOWN,2.8712,0.97,1772362805,,4101,False
2026-03-01T12:11:30.826615+00:00,0x2d8b401d2f0e6937afebf18e19e11ca568a5260a,vidarx,btc,5m,btc-updown-5m-1772367000,UP,2.36923,0.3500000295454666,1772367097,0.0,174,False
2026-03-01T12:11:30.826615+00:00,0x2d8b401d2f0e6937afebf18e19e11ca568a5260a,vidarx,btc,5m,btc-updown-5m-1772367000,UP,7.0,0.35,1772367097,0.0,174,False
2026-03-01T12:11:30.826615+00:00,0x2d8b401d2f0e6937afebf18e19e11ca568a5260a,vidarx,btc,5m,btc-updown-5m-1772367000,UP,7.0,0.35,1772367097,0.0,174,False
2026-03-01T12:11:30.826615+00:00,0x2d8b401d2f0e6937afebf18e19e11ca568a5260a,vidarx,btc,5m,btc-updown-5m-1772367000,UP,0.538461,0.35,1772367097,0.0,174,False
2026-03-01T12:11:30.826615+00:00,0x2d8b401d2f0e6937afebf18e19e11ca568a5260a,vidarx,btc,5m,btc-updown-5m-1772367000,UP,3.0942,0.36,1772367093,0.0,170,False
2026-03-01T12:11:30.826615+00:00,0x2d8b401d2f0e6937afebf18e19e11ca568a5260a,vidarx,btc,5m,btc-updown-5m-1772367000,UP,1.7928,0.36,1772367093,0.0,170,False
2026-03-01T12:11:30.826615+00:00,0x2d8b401d2f0e6937afebf18e19e11ca568a5260a,vidarx,btc,5m,btc-updown-5m-1772367000,UP,21.0,0.35,1772367093,0.0,170,False
2026-03-01T12:11:30.826615+00:00,0x2d8b401d2f0e6937afebf18e19e11ca568a5260a,vidarx,btc,5m,btc-updown-5m-1772367000,UP,2.25,0.36,1772367093,0.0,170,False
2026-03-01T12:11:30.826615+00:00,0x2d8b401d2f0e6937afebf18e19e11ca568a5260a,vidarx,btc,5m,btc-updown-5m-1772367000,UP,22.2,0.37,1772367091,0.0,168,False
2026-03-01T12:11:30.826615+00:00,0x2d8b401d2f0e6937afebf18e19e11ca568a5260a,vidarx,btc,5m,btc-updown-5m-1772367000,UP,14.4612,0.36,1772367091,0.0,168,False
2026-03-01T12:11:30.826615+00:00,0x2d8b401d2f0e6937afebf18e19e11ca568a5260a,vidarx,btc,5m,btc-updown-5m-1772367000,UP,0.774,0.45,1772367087,0.0,164,False
2026-03-01T12:11:30.826615+00:00,0x2d8b401d2f0e6937afebf18e19e11ca568a5260a,vidarx,btc,5m,btc-updown-5m-1772367000,UP,10.026,0.45,1772367087,0.0,164,False
2026-03-01T12:11:30.826615+00:00,0x2d8b401d2f0e6937afebf18e19e11ca568a5260a,vidarx,btc,5m,btc-updown-5m-1772367000,UP,11.4532,0.44,1772367087,0.0,164,False
2026-03-01T12:11:30.826615+00:00,0x2d8b401d2f0e6937afebf18e19e11ca568a5260a,vidarx,btc,5m,btc-updown-5m-1772367000,UP,16.2,0.45,1772367085,0.0,162,False
2026-03-01T12:11:30.826615+00:00,0x2d8b401d2f0e6937afebf18e19e11ca568a5260a,vidarx,btc,5m,btc-updown-5m-1772367000,UP,27.0,0.45,1772367037,0.0,114,False
2026-03-01T12:11:30.826615+00:00,0x2d8b401d2f0e6937afebf18e19e11ca568a5260a,vidarx,btc,5m,btc-updown-5m-1772367000,UP,16.765458,0.42000000150309047,1772367033,0.0,110,False
2026-03-01T12:11:30.826615+00:00,0x2d8b401d2f0e6937afebf18e19e11ca568a5260a,vidarx,btc,5m,btc-updown-5m-1772366700,UP,51.0,0.85,1772366901,-0.0,5,False
2026-03-01T12:11:30.826615+00:00,0x2d8b401d2f0e6937afebf18e19e11ca568a5260a,vidarx,btc,5m,btc-updown-5m-1772366700,UP,7.002857,0.8600001031579092,1772366901,-0.0,5,False
2026-03-01T12:11:30.826615+00:00,0x2d8b401d2f0e6937afebf18e19e11ca568a5260a,vidarx,btc,5m,btc-updown-5m-1772366700,UP,7.002857,0.8600001031579092,1772366901,-0.0,5,False
2026-03-01T12:11:30.826615+00:00,0x2d8b401d2f0e6937afebf18e19e11ca568a5260a,vidarx,btc,5m,btc-updown-5m-1772366700,UP,0.2236,0.86,1772366901,-0.0,5,False
2026-03-01T12:11:30.826615+00:00,0x2d8b401d2f0e6937afebf18e19e11ca568a5260a,vidarx,btc,5m,btc-updown-5m-1772366700,UP,6.634285,0.8600000985185404,1772366901,-0.0,5,False
2026-03-01T12:11:30.826615+00:00,0x2d8b401d2f0e6937afebf18e19e11ca568a5260a,vidarx,btc,5m,btc-updown-5m-1772366700,UP,30.714285,0.860000021280001,1772366901,-0.0,5,False
2026-03-01T12:11:30.826615+00:00,0x2d8b401d2f0e6937afebf18e19e11ca568a5260a,vidarx,btc,5m,btc-updown-5m-1772366700,UP,44.4,0.74,1772366893,-0.0,13,False
2026-03-01T12:11:30.826615+00:00,0x2d8b401d2f0e6937afebf18e19e11ca568a5260a,vidarx,btc,5m,btc-updown-5m-1772366700,UP,41.502122,0.7300000117849398,1772366877,-0.0,29,False
2026-03-01T12:11:30.826615+00:00,0x2d8b401d2f0e6937afebf18e19e11ca568a5260a,vidarx,btc,5m,btc-updown-5m-1772366700,UP,44.4,0.74,1772366877,-0.0,29,False
2026-03-01T12:11:30.826615+00:00,0x2d8b401d2f0e6937afebf18e19e11ca568a5260a,vidarx,btc,5m,btc-updown-5m-1772366700,UP,2.2922,0.73,1772366875,-0.0,31,False
2026-03-01T12:11:30.826615+00:00,0x2d8b401d2f0e6937afebf18e19e11ca568a5260a,vidarx,btc,5m,btc-updown-5m-1772366700,UP,43.8,0.73,1772366865,-0.0,41,False
2026-03-01T12:11:30.826615+00:00,0x2d8b401d2f0e6937afebf18e19e11ca568a5260a,vidarx,btc,5m,btc-updown-5m-1772366700,DOWN,1.5,0.3,1772366851,-0.0,55,True
2026-03-01T12:11:30.826615+00:00,0x2d8b401d2f0e6937afebf18e19e11ca568a5260a,vidarx,btc,5m,btc-updown-5m-1772366700,DOWN,14.26,0.31,1772366837,-0.0,69,True
2026-03-01T12:11:30.826615+00:00,0x2d8b401d2f0e6937afebf18e19e11ca568a5260a,vidarx,btc,5m,btc-updown-5m-1772366700,DOWN,15.6,0.26,1772366837,-0.0,69,True
2026-03-01T12:11:30.826615+00:00,0x2d8b401d2f0e6937afebf18e19e11ca568a5260a,vidarx,btc,5m,btc-updown-5m-1772366700,DOWN,2.241884,0.3100000373346748,1772366835,-0.0,71,True
2026-03-01T12:11:30.826615+00:00,0x2d8b401d2f0e6937afebf18e19e11ca568a5260a,vidarx,btc,5m,btc-updown-5m-1772366700,DOWN,2.0956,0.31,1772366835,-0.0,71,True
2026-03-01T12:11:30.826615+00:00,0x2d8b401d2f0e6937afebf18e19e11ca568a5260a,vidarx,btc,5m,btc-updown-5m-1772366700,DOWN,0.389647,0.32000022995189076,1772366835,-0.0,71,True
2026-03-01T12:11:30.826615+00:00,0x2d8b401d2f0e6937afebf18e19e11ca568a5260a,vidarx,btc,5m,btc-updown-5m-1772366700,DOWN,2.4896,0.32,1772366835,-0.0,71,True
2026-03-01T12:11:30.826615+00:00,0x2d8b401d2f0e6937afebf18e19e11ca568a5260a,vidarx,btc,5m,btc-updown-5m-1772366700,DOWN,12.342,0.33,1772366835,-0.0,71,True
2026-03-01T12:11:30.826615+00:00,0x2d8b401d2f0e6937afebf18e19e11ca568a5260a,vidarx,btc,5m,btc-updown-5m-1772366700,DOWN,7.458,0.33,1772366835,-0.0,71,True
2026-03-01T12:11:30.826615+00:00,0x2d8b401d2f0e6937afebf18e19e11ca568a5260a,vidarx,btc,5m,btc-updown-5m-1772366700,DOWN,16.32,0.32,1772366835,-0.0,71,True
2026-03-01T12:11:30.826615+00:00,0x2d8b401d2f0e6937afebf18e19e11ca568a5260a,vidarx,btc,5m,btc-updown-5m-1772366700,UP,13.5,0.45,1772366829,-0.0,77,True
2026-03-01T12:11:30.826615+00:00,0x2d8b401d2f0e6937afebf18e19e11ca568a5260a,vidarx,btc,5m,btc-updown-5m-1772366700,UP,6.3,0.45,1772366829,-0.0,77,True
2026-03-01T12:11:30.826615+00:00,0x2d8b401d2f0e6937afebf18e19e11ca568a5260a,vidarx,btc,5m,btc-updown-5m-1772366700,UP,2.538,0.45,1772366829,-0.0,77,True
2026-03-01T12:11:30.826615+00:00,0x2d8b401d2f0e6937afebf18e19e11ca568a5260a,vidarx,btc,5m,btc-updown-5m-1772366700,UP,6.237,0.45,1772366829,-0.0,77,True
2026-03-01T12:11:30.826615+00:00,0x2d8b401d2f0e6937afebf18e19e11ca568a5260a,vidarx,btc,5m,btc-updown-5m-1772366700,UP,3.087,0.45,1772366829,-0.0,77,True
2026-03-01T12:11:30.826615+00:00,0x2d8b401d2f0e6937afebf18e19e11ca568a5260a,vidarx,btc,5m,btc-updown-5m-1772366700,UP,3.15,0.45,1772366829,-0.0,77,True
2026-03-01T12:11:30.826615+00:00,0x2d8b401d2f0e6937afebf18e19e11ca568a5260a,vidarx,btc,5m,btc-updown-5m-1772366700,UP,0.963,0.45,1772366829,-0.0,77,True
2026-03-01T12:11:30.826615+00:00,0x2d8b401d2f0e6937afebf18e19e11ca568a5260a,vidarx,btc,5m,btc-updown-5m-1772366700,UP,0.818181,0.45,1772366793,-0.0,113,True
2026-03-01T12:11:30.826615+00:00,0x2d8b401d2f0e6937afebf18e19e11ca568a5260a,vidarx,btc,5m,btc-updown-5m-1772366700,UP,4.090909,0.45000004400000526,1772366793,-0.0,113,True
2026-03-01T12:11:30.826615+00:00,0x2d8b401d2f0e6937afebf18e19e11ca568a5260a,vidarx,btc,5m,btc-updown-5m-1772366700,UP,4.05,0.45,1772366793,-0.0,113,True
2026-03-01T12:11:30.826615+00:00,0x2d8b401d2f0e6937afebf18e19e11ca568a5260a,vidarx,btc,5m,btc-updown-5m-1772366700,UP,2.454545,0.45000003666667643,1772366793,-0.0,113,True
2026-03-01T12:11:30.826615+00:00,0x2d8b401d2f0e6937afebf18e19e11ca568a5260a,vidarx,btc,5m,btc-updown-5m-1772366700,UP,5.3505,0.45,1772366791,-0.0,115,True
2026-03-01T12:11:30.826615+00:00,0x2d8b401d2f0e6937afebf18e19e11ca568a5260a,vidarx,btc,5m,btc-updown-5m-1772366700,UP,2.723727,0.45000004956444417,1772366791,-0.0,115,True
2026-03-01T12:11:30.826615+00:00,0x70ec235a31eb35f243e2618d6ea3b5b8962bbb5d,vague-sourdough,eth,5m,eth-updown-5m-1772367000,DOWN,2.3936,0.68,1772367089,0.0,166,False
2026-03-01T12:11:30.826615+00:00,0x70ec235a31eb35f243e2618d6ea3b5b8962bbb5d,vague-sourdough,btc,5m,btc-updown-5m-1772367000,UP,4.07,0.37,1772367089,0.0,166,False
2026-03-01T12:11:30.826615+00:00,0x70ec235a31eb35f243e2618d6ea3b5b8962bbb5d,vague-sourdough,btc,5m,btc-updown-5m-1772367000,UP,3.96,0.36,1772367089,0.0,166,False
2026-03-01T12:11:30.826615+00:00,0x70ec235a31eb35f243e2618d6ea3b5b8962bbb5d,vague-sourdough,btc,5m,btc-updown-5m-1772367000,UP,3.325,0.38,1772367089,0.0,166,False
2026-03-01T12:11:30.826615+00:00,0x70ec235a31eb35f243e2618d6ea3b5b8962bbb5d,vague-sourdough,eth,5m,eth-updown-5m-1772367000,DOWN,8.71,0.67,1772367089,0.0,166,False
2026-03-01T12:11:30.826615+00:00,0x70ec235a31eb35f243e2618d6ea3b5b8962bbb5d,vague-sourdough,eth,5m,eth-updown-5m-1772367000,DOWN,8.84,0.68,1772367089,0.0,166,False
2026-03-01T12:11:30.826615+00:00,0x70ec235a31eb35f243e2618d6ea3b5b8962bbb5d,vague-sourdough,sol,5m,sol-updown-5m-1772367000,DOWN,11.662,0.7,1772367087,0.0,164,False
2026-03-01T12:11:30.826615+00:00,0x70ec235a31eb35f243e2618d6ea3b5b8962bbb5d,vague-sourdough,sol,5m,sol-updown-5m-1772367000,UP,3.724285,0.3000000080552377,1772367087,0.0,164,True
2026-03-01T12:11:30.826615+00:00,0x70ec235a31eb35f243e2618d6ea3b5b8962bbb5d,vague-sourdough,btc,5m,btc-updown-5m-1772367000,UP,4.84,0.44,1772367087,0.0,164,False
2026-03-01T12:11:30.826615+00:00,0x70ec235a31eb35f243e2618d6ea3b5b8962bbb5d,vague-sourdough,btc,5m,btc-updown-5m-1772367000,UP,4.95,0.45,1772367087,0.0,164,False
2026-03-01T12:11:30.826615+00:00,0x70ec235a31eb35f243e2618d6ea3b5b8962bbb5d,vague-sourdough,btc,5m,btc-updown-5m-1772367000,UP,0.855,0.38,1772367087,0.0,164,False
2026-03-01T12:11:30.826615+00:00,0x70ec235a31eb35f243e2618d6ea3b5b8962bbb5d,vague-sourdough,btc,5m,btc-updown-5m-1772367000,DOWN,0.999999,0.54,1772367085,0.0,162,True
2026-03-01T12:11:30.826615+00:00,0x70ec235a31eb35f243e2618d6ea3b5b8962bbb5d,vague-sourdough,sol,5m,sol-updown-5m-1772367000,DOWN,9.3,0.62,1772367079,0.0,156,True
2026-03-01T12:11:30.826615+00:00,0x70ec235a31eb35f243e2618d6ea3b5b8962bbb5d,vague-sourdough,eth,5m,eth-updown-5m-1772367000,UP,1.372,0.4,1772367069,0.0,146,True
2026-03-01T12:11:30.826615+00:00,0x70ec235a31eb35f243e2618d6ea3b5b8962bbb5d,vague-sourdough,eth,5m,eth-updown-5m-1772367000,UP,2.4,0.4,1772367069,0.0,146,True
2026-03-01T12:11:30.826615+00:00,0x70ec235a31eb35f243e2618d6ea3b5b8962bbb5d,vague-sourdough,btc,5m,btc-updown-5m-1772367000,UP,5.39,0.49,1772367063,0.0,140,True
2026-03-01T12:11:30.826615+00:00,0x70ec235a31eb35f243e2618d6ea3b5b8962bbb5d,vague-sourdough,sol,5m,sol-updown-5m-1772367000,UP,6.0,0.4,1772367057,0.0,134,True
2026-03-01T12:11:30.826615+00:00,0x70ec235a31eb35f243e2618d6ea3b5b8962bbb5d,vague-sourdough,eth,5m,eth-updown-5m-1772367000,DOWN,6.05,0.55,1772367055,0.0,132,True
2026-03-01T12:11:30.826615+00:00,0x70ec235a31eb35f243e2618d6ea3b5b8962bbb5d,vague-sourdough,btc,5m,btc-updown-5m-1772367000,UP,1.999999,0.4799999519999808,1772367053,0.0,130,True
2026-03-01T12:11:30.826615+00:00,0x70ec235a31eb35f243e2618d6ea3b5b8962bbb5d,vague-sourdough,btc,5m,btc-updown-5m-1772367000,UP,0.999999,0.47999982719988943,1772367053,0.0,130,True
2026-03-01T12:11:30.826615+00:00,0x70ec235a31eb35f243e2618d6ea3b5b8962bbb5d,vague-sourdough,btc,5m,btc-updown-5m-1772367000,UP,4.259259,0.4600000345600047,1772367051,0.0,128,True
2026-03-01T12:11:30.826615+00:00,0x70ec235a31eb35f243e2618d6ea3b5b8962bbb5d,vague-sourdough,sol,5m,sol-updown-5m-1772367000,DOWN,0.114,0.57,1772367051,0.0,128,True
2026-03-01T12:11:30.826615+00:00,0x70ec235a31eb35f243e2618d6ea3b5b8962bbb5d,vague-sourdough,btc,5m,btc-updown-5m-1772367000,UP,0.374814,0.4600000245455092,1772367049,0.0,126,True
2026-03-01T12:11:30.826615+00:00,0x70ec235a31eb35f243e2618d6ea3b5b8962bbb5d,vague-sourdough,btc,5m,btc-updown-5m-1772367000,UP,5.17,0.47,1772367049,0.0,126,True
2026-03-01T12:11:30.826615+00:00,0x70ec235a31eb35f243e2618d6ea3b5b8962bbb5d,vague-sourdough,btc,5m,btc-updown-5m-1772367000,DOWN,1.9278,0.51,1772367047,0.0,124,True
2026-03-01T12:11:30.826615+00:00,0x70ec235a31eb35f243e2618d6ea3b5b8962bbb5d,vague-sourdough,btc,5m,btc-updown-5m-1772367000,UP,5.28,0.48,1772367047,0.0,124,True
2026-03-01T12:11:30.826615+00:00,0x70ec235a31eb35f243e2618d6ea3b5b8962bbb5d,vague-sourdough,btc,5m,btc-updown-5m-1772367000,DOWN,3.06,0.51,1772367047,0.0,124,True
2026-03-01T12:11:30.826615+00:00,0x70ec235a31eb35f243e2618d6ea3b5b8962bbb5d,vague-sourdough,btc,5m,btc-updown-5m-1772367000,DOWN,0.6222,0.51,1772367047,0.0,124,True
2026-03-01T12:11:30.826615+00:00,0x70ec235a31eb35f243e2618d6ea3b5b8962bbb5d,vague-sourdough,btc,5m,btc-updown-5m-1772367000,UP,5.17,0.47,1772367045,0.0,122,True
2026-03-01T12:11:30.826615+00:00,0x70ec235a31eb35f243e2618d6ea3b5b8962bbb5d,vague-sourdough,btc,5m,btc-updown-5m-1772367000,UP,4.4208,0.48,1772367041,0.0,118,True
2026-03-01T12:11:30.826615+00:00,0x70ec235a31eb35f243e2618d6ea3b5b8962bbb5d,vague-sourdough,btc,5m,btc-updown-5m-1772367000,UP,4.95,0.45,1772367041,0.0,118,True
2026-03-01T12:11:30.826615+00:00,0x70ec235a31eb35f243e2618d6ea3b5b8962bbb5d,vague-sourdough,btc,5m,btc-updown-5m-1772367000,UP,5.06,0.46,1772367041,0.0,118,True
2026-03-01T12:11:30.826615+00:00,0x70ec235a31eb35f243e2618d6ea3b5b8962bbb5d,vague-sourdough,btc,5m,btc-updown-5m-1772367000,UP,0.8592,0.48,1772367039,0.0,116,True
2026-03-01T12:11:30.826615+00:00,0x70ec235a31eb35f243e2618d6ea3b5b8962bbb5d,vague-sourdough,btc,5m,btc-updown-5m-1772367000,DOWN,1.056466,0.5200000984414261,1772367037,0.0,114,True
2026-03-01T12:11:30.826615+00:00,0x70ec235a31eb35f243e2618d6ea3b5b8962bbb5d,vague-sourdough,btc,5m,btc-updown-5m-1772367000,DOWN,1.1804,0.52,1772367037,0.0,114,True
2026-03-01T12:11:30.826615+00:00,0x70ec235a31eb35f243e2618d6ea3b5b8962bbb5d,vague-sourdough,btc,5m,btc-updown-5m-1772367000,DOWN,1.083333,0.5200001728001106,1772367037,0.0,114,True
2026-03-01T12:11:30.826615+00:00,0x70ec235a31eb35f243e2618d6ea3b5b8962bbb5d,vague-sourdough,eth,5m,eth-updown-5m-1772367000,DOWN,3.4925,0.55,1772367035,0.0,112,True
2026-03-01T12:11:30.826615+00:00,0x70ec235a31eb35f243e2618d6ea3b5b8962bbb5d,vague-sourdough,btc,5m,btc-updown-5m-1772367000,DOWN,1.191666,0.5200000872727908,1772367035,0.0,112,True
2026-03-01T12:11:30.826615+00:00,0x70ec235a31eb35f243e2618d6ea3b5b8962bbb5d,vague-sourdough,btc,5m,btc-updown-5m-1772367000,DOWN,1.191666,0.5200000872727908,1772367035,0.0,112,True
2026-03-01T12:11:30.826615+00:00,0x70ec235a31eb35f243e2618d6ea3b5b8962bbb5d,vague-sourdough,eth,5m,eth-updown-5m-1772367000,DOWN,3.3,0.55,1772367035,0.0,112,True
2026-03-01T12:11:30.826615+00:00,0x70ec235a31eb35f243e2618d6ea3b5b8962bbb5d,vague-sourdough,btc,5m,btc-updown-5m-1772367000,DOWN,5.94,0.54,1772367033,0.0,110,True
2026-03-01T12:11:30.826615+00:00,0x70ec235a31eb35f243e2618d6ea3b5b8962bbb5d,vague-sourdough,eth,5m,eth-updown-5m-1772367000,DOWN,0.3575,0.55,1772367033,0.0,110,True
2026-03-01T12:11:44.426029+00:00,0xd0d6053c3c37e727402d84c14069780d360993aa,k9Q2mX4L8A7ZP3R,btc,15m,btc-updown-15m-1772366400,DOWN,0.294,0.15,1772367093,0.0,170,True
2026-03-01T12:11:44.426029+00:00,0xd0d6053c3c37e727402d84c14069780d360993aa,k9Q2mX4L8A7ZP3R,btc,15m,btc-updown-15m-1772366400,DOWN,10.455105,0.15,1772367091,0.0,168,True
2026-03-01T12:11:44.426029+00:00,0xd0d6053c3c37e727402d84c14069780d360993aa,k9Q2mX4L8A7ZP3R,btc,15m,btc-updown-15m-1772366400,DOWN,0.75,0.15,1772367091,0.0,168,True
2026-03-01T12:11:44.426029+00:00,0xd0d6053c3c37e727402d84c14069780d360993aa,k9Q2mX4L8A7ZP3R,btc,15m,btc-updown-15m-1772366400,DOWN,1.495411,0.15000001003068789,1772367089,0.0,166,True
2026-03-01T12:11:44.426029+00:00,0xd0d6053c3c37e727402d84c14069780d360993aa,k9Q2mX4L8A7ZP3R,btc,15m,btc-updown-15m-1772366400,DOWN,3.103209,0.12,1772367089,0.0,166,True
2026-03-01T12:11:44.426029+00:00,0xd0d6053c3c37e727402d84c14069780d360993aa,k9Q2mX4L8A7ZP3R,btc,5m,btc-updown-5m-1772367000,UP,17.1093,0.39,1772367089,0.0,166,True
2026-03-01T12:11:44.426029+00:00,0xd0d6053c3c37e727402d84c14069780d360993aa,k9Q2mX4L8A7ZP3R,btc,15m,btc-updown-15m-1772366400,DOWN,0.202941,0.15,1772367089,0.0,166,True
2026-03-01T12:11:44.426029+00:00,0xd0d6053c3c37e727402d84c14069780d360993aa,k9Q2mX4L8A7ZP3R,btc,5m,btc-updown-5m-1772367000,DOWN,32.64,0.64,1772367089,0.0,166,True
2026-03-01T12:11:44.426029+00:00,0xd0d6053c3c37e727402d84c14069780d360993aa,k9Q2mX4L8A7ZP3R,btc,5m,btc-updown-5m-1772367000,UP,2.7414,0.39,1772367089,0.0,166,True
2026-03-01T12:11:44.426029+00:00,0x63ce342161250d705dc0b16df89036c8e5f9ba9a,0x8dxd,btc,5m,btc-updown-5m-1772367000,DOWN,34.698,0.6,1772367089,0.0,166,True
2026-03-01T12:11:44.426029+00:00,0x63ce342161250d705dc0b16df89036c8e5f9ba9a,0x8dxd,btc,5m,btc-updown-5m-1772367000,DOWN,3.0,0.6,1772367089,0.0,166,True
2026-03-01T12:11:44.426029+00:00,0x63ce342161250d705dc0b16df89036c8e5f9ba9a,0x8dxd,btc,15m,btc-updown-15m-1772366400,DOWN,2.764367,0.13000000329189296,1772367087,0.0,164,True
2026-03-01T12:11:44.426029+00:00,0x63ce342161250d705dc0b16df89036c8e5f9ba9a,0x8dxd,btc,15m,btc-updown-15m-1772366400,DOWN,0.65,0.13,1772367087,0.0,164,True
2026-03-01T12:11:44.426029+00:00,0x63ce342161250d705dc0b16df89036c8e5f9ba9a,0x8dxd,btc,15m,btc-updown-15m-1772366400,DOWN,13.0,0.13,1772367087,0.0,164,True
2026-03-01T12:11:44.426029+00:00,0x63ce342161250d705dc0b16df89036c8e5f9ba9a,0x8dxd,btc,15m,btc-updown-15m-1772366400,DOWN,0.268965,0.1300000338334072,1772367087,0.0,164,True
2026-03-01T12:11:44.426029+00:00,0x63ce342161250d705dc0b16df89036c8e5f9ba9a,0x8dxd,btc,15m,btc-updown-15m-1772366400,DOWN,1.6588,0.13,1772367087,0.0,164,True
2026-03-01T12:11:44.426029+00:00,0x2d8b401d2f0e6937afebf18e19e11ca568a5260a,vidarx,btc,5m,btc-updown-5m-1772367000,UP,0.322,0.35,1772367101,0.0,178,False
2026-03-01T12:11:44.426029+00:00,0x2d8b401d2f0e6937afebf18e19e11ca568a5260a,vidarx,btc,5m,btc-updown-5m-1772367000,UP,3.76923,0.35000001857143337,1772367099,0.0,176,False
2026-03-01T12:11:44.426029+00:00,0x2d8b401d2f0e6937afebf18e19e11ca568a5260a,vidarx,btc,5m,btc-updown-5m-1772367000,UP,10.5,0.35,1772367099,0.0,176,False
2026-03-01T12:11:44.426029+00:00,0x2d8b401d2f0e6937afebf18e19e11ca568a5260a,vidarx,btc,5m,btc-updown-5m-1772367000,UP,6.4085,0.35,1772367099,0.0,176,False
2026-03-01T12:11:44.426029+00:00,0x2d8b401d2f0e6937afebf18e19e11ca568a5260a,vidarx,btc,5m,btc-updown-5m-1772367000,UP,4.0915,0.35,1772367099,0.0,176,False
2026-03-01T12:11:44.426029+00:00,0x70ec235a31eb35f243e2618d6ea3b5b8962bbb5d,vague-sourdough,btc,5m,btc-updown-5m-1772367000,UP,2.41606,0.3400000394029995,1772367103,0.0,180,True
2026-03-01T12:11:44.426029+00:00,0x70ec235a31eb35f243e2618d6ea3b5b8962bbb5d,vague-sourdough,btc,5m,btc-updown-5m-1772367000,DOWN,5.36,0.67,1772367103,0.0,180,True
2026-03-01T12:11:44.426029+00:00,0x70ec235a31eb35f243e2618d6ea3b5b8962bbb5d,vague-sourdough,btc,5m,btc-updown-5m-1772367000,DOWN,2.01,0.67,1772367103,0.0,180,True
2026-03-01T12:11:44.426029+00:00,0x70ec235a31eb35f243e2618d6ea3b5b8962bbb5d,vague-sourdough,btc,5m,btc-updown-5m-1772367000,DOWN,22.75,0.65,1772367097,0.0,174,True
2026-03-01T12:11:44.426029+00:00,0x70ec235a31eb35f243e2618d6ea3b5b8962bbb5d,vague-sourdough,eth,5m,eth-updown-5m-1772367000,DOWN,8.84,0.68,1772367097,0.0,174,True
2026-03-01T12:11:44.426029+00:00,0x70ec235a31eb35f243e2618d6ea3b5b8962bbb5d,vague-sourdough,sol,5m,sol-updown-5m-1772367000,UP,2.85,0.19,1772367097,0.0,174,True
2026-03-01T12:11:44.426029+00:00,0x70ec235a31eb35f243e2618d6ea3b5b8962bbb5d,vague-sourdough,btc,5m,btc-updown-5m-1772367000,DOWN,6.93,0.63,1772367095,0.0,172,True
2026-03-01T12:11:44.426029+00:00,0x70ec235a31eb35f243e2618d6ea3b5b8962bbb5d,vague-sourdough,btc,5m,btc-updown-5m-1772367000,UP,3.85,0.35,1772367093,0.0,170,True
